order_id,order_date,customer_id,region,product,category,unit_price,unit_cost,quantity,discount,shipping_cost,gross_sales,revenue,cost,profit,month,discount_band
O00302,2025-01-01,C2012,South,Pen Set,Stationery,250,110,1,0.0,70,250,250.0,180,70.0,2025-01,None
O00741,2025-01-01,C1145,South,Pen Set,Stationery,250,110,1,0.2,40,250,200.0,150,50.0,2025-01,High (>10%)
O00906,2025-01-01,C1228,East,Notebook,Stationery,150,65,4,0.2,70,600,480.0,330,150.0,2025-01,High (>10%)
O00984,2025-01-01,C1662,South,Notebook,Stationery,150,65,1,0.0,40,150,150.0,105,45.0,2025-01,None
O01006,2025-01-01,C1449,North,Backpack,Accessories,1800,850,2,0.2,150,3600,2880.0,1850,1030.0,2025-01,High (>10%)
O01363,2025-01-01,C0355,North,Keyboard,Electronics,1800,1000,1,0.1,70,1800,1620.0,1070,550.0,2025-01,Low (1-10%)
O01754,2025-01-01,C0066,North,Office Chair,Furniture,6500,4300,4,0.3,40,26000,18200.0,17240,960.0,2025-01,High (>10%)
O02283,2025-01-01,C0842,South,Keyboard,Electronics,1800,1000,2,0.1,70,3600,3240.0,2070,1170.0,2025-01,Low (1-10%)
O02838,2025-01-01,C1154,West,Backpack,Accessories,1800,850,2,0.1,70,3600,3240.0,1770,1470.0,2025-01,Low (1-10%)
O03106,2025-01-01,C0746,East,Keyboard,Electronics,1800,1000,4,0.0,100,7200,7200.0,4100,3100.0,2025-01,None
O03284,2025-01-01,C2288,North,Laptop,Electronics,50000,41000,2,0.0,100,100000,100000.0,82100,17900.0,2025-01,None
O04887,2025-01-01,C1167,West,Notebook,Stationery,150,65,4,0.0,150,600,600.0,410,190.0,2025-01,None
O04964,2025-01-01,C0436,South,Headphones,Electronics,2500,1350,1,0.0,100,2500,2500.0,1450,1050.0,2025-01,None
O05080,2025-01-01,C0643,South,Desk,Furniture,9000,6300,4,0.0,40,36000,36000.0,25240,10760.0,2025-01,None
O00057,2025-01-02,C1421,East,Desk,Furniture,9000,6300,1,0.0,100,9000,9000.0,6400,2600.0,2025-01,None
O00076,2025-01-02,C0712,North,Office Chair,Furniture,6500,4300,1,0.2,150,6500,5200.0,4450,750.0,2025-01,High (>10%)
O00229,2025-01-02,C1397,West,Desk,Furniture,9000,6300,3,0.0,40,27000,27000.0,18940,8060.0,2025-01,None
O00358,2025-01-02,C0929,East,Backpack,Accessories,1800,850,3,0.0,150,5400,5400.0,2700,2700.0,2025-01,None
O00414,2025-01-02,C0990,West,Headphones,Electronics,2500,1350,3,0.0,70,7500,7500.0,4120,3380.0,2025-01,None
O00521,2025-01-02,C0239,West,Keyboard,Electronics,1800,1000,2,0.05,70,3600,3420.0,2070,1350.0,2025-01,Low (1-10%)
O01067,2025-01-02,C1922,South,Backpack,Accessories,1800,850,4,0.1,150,7200,6480.0,3550,2930.0,2025-01,Low (1-10%)
O01205,2025-01-02,C2497,East,Notebook,Stationery,150,65,4,0.05,150,600,570.0,410,160.0,2025-01,Low (1-10%)
O01212,2025-01-02,C0265,South,Pen Set,Stationery,250,110,2,0.0,70,500,500.0,290,210.0,2025-01,None
O01735,2025-01-02,C1743,North,Pen Set,Stationery,250,110,3,0.1,40,750,675.0,370,305.0,2025-01,Low (1-10%)
O02630,2025-01-02,C0779,East,Laptop,Electronics,50000,41000,1,0.3,100,50000,35000.0,41100,-6100.0,2025-01,High (>10%)
O03381,2025-01-02,C0113,West,Pen Set,Stationery,250,110,3,0.1,150,750,675.0,480,195.0,2025-01,Low (1-10%)
O03546,2025-01-02,C0221,East,Notebook,Stationery,150,65,4,0.0,40,600,600.0,300,300.0,2025-01,None
O04312,2025-01-02,C2435,East,Pen Set,Stationery,250,110,3,0.3,100,750,525.0,430,95.0,2025-01,High (>10%)
O04356,2025-01-02,C1430,South,Pen Set,Stationery,250,110,3,0.05,70,750,712.5,400,312.5,2025-01,Low (1-10%)
O04366,2025-01-02,C1274,North,Pen Set,Stationery,250,110,4,0.0,100,1000,1000.0,540,460.0,2025-01,None
O04456,2025-01-02,C0408,South,Laptop,Electronics,50000,41000,3,0.2,40,150000,120000.0,123040,-3040.0,2025-01,High (>10%)
O05151,2025-01-02,C0513,North,Headphones,Electronics,2500,1350,1,0.0,70,2500,2500.0,1420,1080.0,2025-01,None
O05493,2025-01-02,C1742,West,Headphones,Electronics,2500,1350,3,0.0,70,7500,7500.0,4120,3380.0,2025-01,None
O00155,2025-01-03,C1635,South,Office Chair,Furniture,6500,4300,3,0.05,100,19500,18525.0,13000,5525.0,2025-01,Low (1-10%)
O00878,2025-01-03,C2136,West,Notebook,Stationery,150,65,4,0.0,100,600,600.0,360,240.0,2025-01,None
O00926,2025-01-03,C1788,West,Backpack,Accessories,1800,850,4,0.0,70,7200,7200.0,3470,3730.0,2025-01,None
O01727,2025-01-03,C0219,East,Backpack,Accessories,1800,850,4,0.1,100,7200,6480.0,3500,2980.0,2025-01,Low (1-10%)
O01989,2025-01-03,C1935,North,Headphones,Electronics,2500,1350,3,0.1,100,7500,6750.0,4150,2600.0,2025-01,Low (1-10%)
O02312,2025-01-03,C1861,South,Laptop,Electronics,50000,41000,4,0.0,40,200000,200000.0,164040,35960.0,2025-01,None
O02562,2025-01-03,C1797,South,Keyboard,Electronics,1800,1000,4,0.2,100,7200,5760.0,4100,1660.0,2025-01,High (>10%)
O02871,2025-01-03,C1065,North,Keyboard,Electronics,1800,1000,1,0.05,40,1800,1710.0,1040,670.0,2025-01,Low (1-10%)
O02989,2025-01-03,C0041,West,Backpack,Accessories,1800,850,2,0.1,40,3600,3240.0,1740,1500.0,2025-01,Low (1-10%)
O03009,2025-01-03,C2460,East,Notebook,Stationery,150,65,3,0.1,40,450,405.0,235,170.0,2025-01,Low (1-10%)
O03550,2025-01-03,C1711,South,Notebook,Stationery,150,65,2,0.1,100,300,270.0,230,40.0,2025-01,Low (1-10%)
O03691,2025-01-03,C0008,South,Office Chair,Furniture,6500,4300,2,0.0,40,13000,13000.0,8640,4360.0,2025-01,None
O03982,2025-01-03,C1403,North,Laptop,Electronics,50000,41000,2,0.05,150,100000,95000.0,82150,12850.0,2025-01,Low (1-10%)
O04062,2025-01-03,C1478,West,Laptop,Electronics,50000,41000,3,0.0,100,150000,150000.0,123100,26900.0,2025-01,None
O04787,2025-01-03,C0180,South,Desk,Furniture,9000,6300,4,0.05,40,36000,34200.0,25240,8960.0,2025-01,Low (1-10%)
O04848,2025-01-03,C2417,North,Laptop,Electronics,50000,41000,1,0.1,70,50000,45000.0,41070,3930.0,2025-01,Low (1-10%)
O04902,2025-01-03,C2355,East,Notebook,Stationery,150,65,2,0.0,100,300,300.0,230,70.0,2025-01,None
O05391,2025-01-03,C1458,East,Headphones,Electronics,2500,1350,3,0.05,40,7500,7125.0,4090,3035.0,2025-01,Low (1-10%)
O00591,2025-01-04,C0284,East,Pen Set,Stationery,250,110,3,0.05,150,750,712.5,480,232.5,2025-01,Low (1-10%)
O00754,2025-01-04,C0741,North,Backpack,Accessories,1800,850,4,0.0,40,7200,7200.0,3440,3760.0,2025-01,None
O01585,2025-01-04,C0188,South,Notebook,Stationery,150,65,3,0.0,70,450,450.0,265,185.0,2025-01,None
O01969,2025-01-04,C2491,East,Pen Set,Stationery,250,110,3,0.1,150,750,675.0,480,195.0,2025-01,Low (1-10%)
O03125,2025-01-04,C0311,West,Office Chair,Furniture,6500,4300,3,0.3,70,19500,13650.0,12970,680.0,2025-01,High (>10%)
O03676,2025-01-04,C1797,North,Office Chair,Furniture,6500,4300,2,0.2,100,13000,10400.0,8700,1700.0,2025-01,High (>10%)
O03932,2025-01-04,C2036,South,Laptop,Electronics,50000,41000,3,0.1,150,150000,135000.0,123150,11850.0,2025-01,Low (1-10%)
O05188,2025-01-04,C1142,South,Laptop,Electronics,50000,41000,3,0.2,100,150000,120000.0,123100,-3100.0,2025-01,High (>10%)
O05250,2025-01-04,C0858,South,Desk,Furniture,9000,6300,4,0.2,40,36000,28800.0,25240,3560.0,2025-01,High (>10%)
O05844,2025-01-04,C1869,East,Laptop,Electronics,50000,41000,4,0.2,100,200000,160000.0,164100,-4100.0,2025-01,High (>10%)
O00151,2025-01-05,C0307,South,Pen Set,Stationery,250,110,2,0.1,70,500,450.0,290,160.0,2025-01,Low (1-10%)
O00436,2025-01-05,C1740,South,Laptop,Electronics,50000,41000,4,0.1,100,200000,180000.0,164100,15900.0,2025-01,Low (1-10%)
O00642,2025-01-05,C0578,North,Backpack,Accessories,1800,850,3,0.0,70,5400,5400.0,2620,2780.0,2025-01,None
O00747,2025-01-05,C0805,East,Desk,Furniture,9000,6300,3,0.05,100,27000,25650.0,19000,6650.0,2025-01,Low (1-10%)
O01517,2025-01-05,C0711,North,Office Chair,Furniture,6500,4300,2,0.0,150,13000,13000.0,8750,4250.0,2025-01,None
O01581,2025-01-05,C0875,East,Keyboard,Electronics,1800,1000,1,0.0,100,1800,1800.0,1100,700.0,2025-01,None
O02610,2025-01-05,C1329,North,Pen Set,Stationery,250,110,4,0.3,40,1000,700.0,480,220.0,2025-01,High (>10%)
O03199,2025-01-05,C1008,South,Backpack,Accessories,1800,850,2,0.1,150,3600,3240.0,1850,1390.0,2025-01,Low (1-10%)
O03933,2025-01-05,C1695,South,Notebook,Stationery,150,65,2,0.2,40,300,240.0,170,70.0,2025-01,High (>10%)
O04610,2025-01-05,C1881,North,Office Chair,Furniture,6500,4300,4,0.0,40,26000,26000.0,17240,8760.0,2025-01,None
O04863,2025-01-05,C0524,South,Backpack,Accessories,1800,850,3,0.2,70,5400,4320.0,2620,1700.0,2025-01,High (>10%)
O05959,2025-01-05,C0732,West,Desk,Furniture,9000,6300,3,0.1,70,27000,24300.0,18970,5330.0,2025-01,Low (1-10%)
O00142,2025-01-06,C2297,West,Headphones,Electronics,2500,1350,1,0.05,100,2500,2375.0,1450,925.0,2025-01,Low (1-10%)
O00281,2025-01-06,C1729,West,Keyboard,Electronics,1800,1000,3,0.0,150,5400,5400.0,3150,2250.0,2025-01,None
O00471,2025-01-06,C0242,East,Notebook,Stationery,150,65,1,0.05,70,150,142.5,135,7.5,2025-01,Low (1-10%)
O00527,2025-01-06,C1127,South,Backpack,Accessories,1800,850,3,0.0,70,5400,5400.0,2620,2780.0,2025-01,None
O01135,2025-01-06,C1908,South,Desk,Furniture,9000,6300,4,0.0,100,36000,36000.0,25300,10700.0,2025-01,None
O01227,2025-01-06,C0415,East,Laptop,Electronics,50000,41000,3,0.0,100,150000,150000.0,123100,26900.0,2025-01,None
O01489,2025-01-06,C2400,West,Laptop,Electronics,50000,41000,3,0.0,40,150000,150000.0,123040,26960.0,2025-01,None
O01599,2025-01-06,C2380,North,Pen Set,Stationery,250,110,1,0.1,150,250,225.0,260,-35.0,2025-01,Low (1-10%)
O01602,2025-01-06,C1019,East,Notebook,Stationery,150,65,3,0.3,70,450,315.0,265,50.0,2025-01,High (>10%)
O01721,2025-01-06,C0831,North,Laptop,Electronics,50000,41000,1,0.05,100,50000,47500.0,41100,6400.0,2025-01,Low (1-10%)
O01992,2025-01-06,C2096,East,Office Chair,Furniture,6500,4300,3,0.0,40,19500,19500.0,12940,6560.0,2025-01,None
O02444,2025-01-06,C0496,North,Headphones,Electronics,2500,1350,3,0.1,70,7500,6750.0,4120,2630.0,2025-01,Low (1-10%)
O02509,2025-01-06,C1674,West,Office Chair,Furniture,6500,4300,1,0.2,40,6500,5200.0,4340,860.0,2025-01,High (>10%)
O02619,2025-01-06,C0427,North,Notebook,Stationery,150,65,1,0.2,40,150,120.0,105,15.0,2025-01,High (>10%)
O02836,2025-01-06,C2195,West,Desk,Furniture,9000,6300,3,0.1,100,27000,24300.0,19000,5300.0,2025-01,Low (1-10%)
O02991,2025-01-06,C1680,West,Office Chair,Furniture,6500,4300,2,0.0,150,13000,13000.0,8750,4250.0,2025-01,None
O03285,2025-01-06,C0135,East,Office Chair,Furniture,6500,4300,1,0.2,70,6500,5200.0,4370,830.0,2025-01,High (>10%)
O03632,2025-01-06,C0796,East,Desk,Furniture,9000,6300,3,0.0,40,27000,27000.0,18940,8060.0,2025-01,None
O03681,2025-01-06,C2311,West,Notebook,Stationery,150,65,2,0.0,100,300,300.0,230,70.0,2025-01,None
O04193,2025-01-06,C1112,North,Notebook,Stationery,150,65,4,0.0,150,600,600.0,410,190.0,2025-01,None
O05085,2025-01-06,C0719,East,Desk,Furniture,9000,6300,4,0.0,40,36000,36000.0,25240,10760.0,2025-01,None
O05324,2025-01-06,C0697,South,Office Chair,Furniture,6500,4300,1,0.1,70,6500,5850.0,4370,1480.0,2025-01,Low (1-10%)
O05372,2025-01-06,C0319,South,Notebook,Stationery,150,65,2,0.05,70,300,285.0,200,85.0,2025-01,Low (1-10%)
O05922,2025-01-06,C0610,East,Pen Set,Stationery,250,110,3,0.2,100,750,600.0,430,170.0,2025-01,High (>10%)
O01064,2025-01-07,C2481,North,Notebook,Stationery,150,65,4,0.3,70,600,420.0,330,90.0,2025-01,High (>10%)
O02655,2025-01-07,C0963,North,Pen Set,Stationery,250,110,2,0.1,40,500,450.0,260,190.0,2025-01,Low (1-10%)
O02674,2025-01-07,C1606,East,Headphones,Electronics,2500,1350,1,0.0,40,2500,2500.0,1390,1110.0,2025-01,None
O02683,2025-01-07,C1243,West,Office Chair,Furniture,6500,4300,3,0.1,100,19500,17550.0,13000,4550.0,2025-01,Low (1-10%)
O02945,2025-01-07,C0909,North,Pen Set,Stationery,250,110,3,0.2,150,750,600.0,480,120.0,2025-01,High (>10%)
O03002,2025-01-07,C1254,South,Notebook,Stationery,150,65,4,0.1,150,600,540.0,410,130.0,2025-01,Low (1-10%)
O03483,2025-01-07,C1958,North,Pen Set,Stationery,250,110,3,0.0,100,750,750.0,430,320.0,2025-01,None
O03547,2025-01-07,C1694,West,Office Chair,Furniture,6500,4300,3,0.3,40,19500,13650.0,12940,710.0,2025-01,High (>10%)
O03584,2025-01-07,C1252,East,Keyboard,Electronics,1800,1000,3,0.05,150,5400,5130.0,3150,1980.0,2025-01,Low (1-10%)
O04183,2025-01-07,C1849,North,Laptop,Electronics,50000,41000,2,0.1,70,100000,90000.0,82070,7930.0,2025-01,Low (1-10%)
O04357,2025-01-07,C1871,North,Backpack,Accessories,1800,850,4,0.1,70,7200,6480.0,3470,3010.0,2025-01,Low (1-10%)
O04463,2025-01-07,C1354,South,Desk,Furniture,9000,6300,2,0.1,70,18000,16200.0,12670,3530.0,2025-01,Low (1-10%)
O04915,2025-01-07,C0747,West,Pen Set,Stationery,250,110,3,0.1,100,750,675.0,430,245.0,2025-01,Low (1-10%)
O05144,2025-01-07,C2360,West,Desk,Furniture,9000,6300,1,0.05,40,9000,8550.0,6340,2210.0,2025-01,Low (1-10%)
O05519,2025-01-07,C0545,North,Desk,Furniture,9000,6300,1,0.05,100,9000,8550.0,6400,2150.0,2025-01,Low (1-10%)
O00893,2025-01-08,C0625,North,Desk,Furniture,9000,6300,2,0.2,40,18000,14400.0,12640,1760.0,2025-01,High (>10%)
O00918,2025-01-08,C1277,South,Pen Set,Stationery,250,110,2,0.1,150,500,450.0,370,80.0,2025-01,Low (1-10%)
O01610,2025-01-08,C2213,East,Headphones,Electronics,2500,1350,3,0.0,40,7500,7500.0,4090,3410.0,2025-01,None
O01758,2025-01-08,C1695,South,Desk,Furniture,9000,6300,3,0.0,150,27000,27000.0,19050,7950.0,2025-01,None
O02272,2025-01-08,C1692,South,Keyboard,Electronics,1800,1000,3,0.1,100,5400,4860.0,3100,1760.0,2025-01,Low (1-10%)
O02334,2025-01-08,C1795,South,Pen Set,Stationery,250,110,3,0.0,150,750,750.0,480,270.0,2025-01,None
O02496,2025-01-08,C0493,South,Headphones,Electronics,2500,1350,1,0.2,150,2500,2000.0,1500,500.0,2025-01,High (>10%)
O02637,2025-01-08,C0059,East,Keyboard,Electronics,1800,1000,1,0.0,100,1800,1800.0,1100,700.0,2025-01,None
O02806,2025-01-08,C0804,East,Backpack,Accessories,1800,850,4,0.3,70,7200,5040.0,3470,1570.0,2025-01,High (>10%)
O02900,2025-01-08,C1223,West,Headphones,Electronics,2500,1350,2,0.0,100,5000,5000.0,2800,2200.0,2025-01,None
O03073,2025-01-08,C1536,South,Headphones,Electronics,2500,1350,4,0.2,150,10000,8000.0,5550,2450.0,2025-01,High (>10%)
O03935,2025-01-08,C1443,West,Headphones,Electronics,2500,1350,3,0.0,40,7500,7500.0,4090,3410.0,2025-01,None
O04412,2025-01-08,C0927,North,Desk,Furniture,9000,6300,4,0.2,40,36000,28800.0,25240,3560.0,2025-01,High (>10%)
O05757,2025-01-08,C1509,North,Keyboard,Electronics,1800,1000,2,0.1,150,3600,3240.0,2150,1090.0,2025-01,Low (1-10%)
O05873,2025-01-08,C2353,West,Notebook,Stationery,150,65,2,0.3,100,300,210.0,230,-20.0,2025-01,High (>10%)
O00219,2025-01-09,C2343,West,Office Chair,Furniture,6500,4300,4,0.05,100,26000,24700.0,17300,7400.0,2025-01,Low (1-10%)
O00707,2025-01-09,C0981,East,Laptop,Electronics,50000,41000,1,0.1,150,50000,45000.0,41150,3850.0,2025-01,Low (1-10%)
O01586,2025-01-09,C1786,East,Keyboard,Electronics,1800,1000,4,0.1,150,7200,6480.0,4150,2330.0,2025-01,Low (1-10%)
O02175,2025-01-09,C0533,South,Headphones,Electronics,2500,1350,3,0.1,100,7500,6750.0,4150,2600.0,2025-01,Low (1-10%)
O02995,2025-01-09,C1807,North,Pen Set,Stationery,250,110,2,0.05,70,500,475.0,290,185.0,2025-01,Low (1-10%)
O03118,2025-01-09,C2136,East,Notebook,Stationery,150,65,2,0.05,40,300,285.0,170,115.0,2025-01,Low (1-10%)
O03373,2025-01-09,C1861,North,Keyboard,Electronics,1800,1000,4,0.2,70,7200,5760.0,4070,1690.0,2025-01,High (>10%)
O03718,2025-01-09,C2104,East,Keyboard,Electronics,1800,1000,1,0.05,70,1800,1710.0,1070,640.0,2025-01,Low (1-10%)
O04191,2025-01-09,C0030,North,Office Chair,Furniture,6500,4300,1,0.1,40,6500,5850.0,4340,1510.0,2025-01,Low (1-10%)
O04206,2025-01-09,C1872,South,Pen Set,Stationery,250,110,4,0.2,70,1000,800.0,510,290.0,2025-01,High (>10%)
O04374,2025-01-09,C0935,East,Pen Set,Stationery,250,110,2,0.0,100,500,500.0,320,180.0,2025-01,None
O04739,2025-01-09,C0778,West,Keyboard,Electronics,1800,1000,3,0.0,70,5400,5400.0,3070,2330.0,2025-01,None
O04861,2025-01-09,C0440,South,Laptop,Electronics,50000,41000,2,0.3,150,100000,70000.0,82150,-12150.0,2025-01,High (>10%)
O04998,2025-01-09,C1392,South,Pen Set,Stationery,250,110,1,0.2,100,250,200.0,210,-10.0,2025-01,High (>10%)
O05706,2025-01-09,C0339,North,Pen Set,Stationery,250,110,1,0.2,70,250,200.0,180,20.0,2025-01,High (>10%)
O00107,2025-01-10,C1927,North,Pen Set,Stationery,250,110,3,0.0,100,750,750.0,430,320.0,2025-01,None
O00369,2025-01-10,C1714,East,Laptop,Electronics,50000,41000,2,0.0,70,100000,100000.0,82070,17930.0,2025-01,None
O00384,2025-01-10,C0341,West,Headphones,Electronics,2500,1350,2,0.1,40,5000,4500.0,2740,1760.0,2025-01,Low (1-10%)
O00600,2025-01-10,C2413,South,Notebook,Stationery,150,65,4,0.05,100,600,570.0,360,210.0,2025-01,Low (1-10%)
O00616,2025-01-10,C2122,South,Notebook,Stationery,150,65,4,0.05,150,600,570.0,410,160.0,2025-01,Low (1-10%)
O00666,2025-01-10,C1274,East,Notebook,Stationery,150,65,1,0.1,150,150,135.0,215,-80.0,2025-01,Low (1-10%)
O01065,2025-01-10,C0768,South,Pen Set,Stationery,250,110,1,0.05,70,250,237.5,180,57.5,2025-01,Low (1-10%)
O01398,2025-01-10,C1805,South,Notebook,Stationery,150,65,3,0.0,40,450,450.0,235,215.0,2025-01,None
O01485,2025-01-10,C0763,North,Office Chair,Furniture,6500,4300,3,0.05,100,19500,18525.0,13000,5525.0,2025-01,Low (1-10%)
O02539,2025-01-10,C1703,West,Desk,Furniture,9000,6300,1,0.1,100,9000,8100.0,6400,1700.0,2025-01,Low (1-10%)
O02621,2025-01-10,C0578,West,Pen Set,Stationery,250,110,4,0.05,40,1000,950.0,480,470.0,2025-01,Low (1-10%)
O02669,2025-01-10,C1408,South,Laptop,Electronics,50000,41000,4,0.05,100,200000,190000.0,164100,25900.0,2025-01,Low (1-10%)
O02676,2025-01-10,C1221,North,Desk,Furniture,9000,6300,4,0.1,150,36000,32400.0,25350,7050.0,2025-01,Low (1-10%)
O02760,2025-01-10,C0877,South,Office Chair,Furniture,6500,4300,2,0.0,40,13000,13000.0,8640,4360.0,2025-01,None
O04060,2025-01-10,C1480,South,Desk,Furniture,9000,6300,4,0.2,40,36000,28800.0,25240,3560.0,2025-01,High (>10%)
O04231,2025-01-10,C1850,South,Laptop,Electronics,50000,41000,3,0.2,150,150000,120000.0,123150,-3150.0,2025-01,High (>10%)
O04962,2025-01-10,C0049,North,Desk,Furniture,9000,6300,2,0.0,70,18000,18000.0,12670,5330.0,2025-01,None
O05804,2025-01-10,C2254,North,Backpack,Accessories,1800,850,2,0.1,70,3600,3240.0,1770,1470.0,2025-01,Low (1-10%)
O00788,2025-01-11,C0334,South,Notebook,Stationery,150,65,3,0.0,150,450,450.0,345,105.0,2025-01,None
O00907,2025-01-11,C1099,South,Office Chair,Furniture,6500,4300,2,0.0,100,13000,13000.0,8700,4300.0,2025-01,None
O01011,2025-01-11,C0498,East,Keyboard,Electronics,1800,1000,4,0.0,100,7200,7200.0,4100,3100.0,2025-01,None
O01724,2025-01-11,C2265,North,Notebook,Stationery,150,65,4,0.05,70,600,570.0,330,240.0,2025-01,Low (1-10%)
O01823,2025-01-11,C0592,North,Keyboard,Electronics,1800,1000,3,0.0,70,5400,5400.0,3070,2330.0,2025-01,None
O02150,2025-01-11,C1992,East,Pen Set,Stationery,250,110,3,0.3,70,750,525.0,400,125.0,2025-01,High (>10%)
O02409,2025-01-11,C2189,South,Office Chair,Furniture,6500,4300,3,0.1,40,19500,17550.0,12940,4610.0,2025-01,Low (1-10%)
O02860,2025-01-11,C2323,South,Office Chair,Furniture,6500,4300,1,0.0,70,6500,6500.0,4370,2130.0,2025-01,None
O03084,2025-01-11,C0959,East,Headphones,Electronics,2500,1350,2,0.2,150,5000,4000.0,2850,1150.0,2025-01,High (>10%)
O03505,2025-01-11,C0488,South,Laptop,Electronics,50000,41000,2,0.05,150,100000,95000.0,82150,12850.0,2025-01,Low (1-10%)
O03631,2025-01-11,C1363,South,Office Chair,Furniture,6500,4300,3,0.0,70,19500,19500.0,12970,6530.0,2025-01,None
O04847,2025-01-11,C1634,East,Pen Set,Stationery,250,110,3,0.1,150,750,675.0,480,195.0,2025-01,Low (1-10%)
O05483,2025-01-11,C1820,West,Keyboard,Electronics,1800,1000,1,0.3,70,1800,1260.0,1070,190.0,2025-01,High (>10%)
O05790,2025-01-11,C0984,South,Backpack,Accessories,1800,850,1,0.0,150,1800,1800.0,1000,800.0,2025-01,None
O00573,2025-01-12,C1951,South,Keyboard,Electronics,1800,1000,2,0.05,70,3600,3420.0,2070,1350.0,2025-01,Low (1-10%)
O00702,2025-01-12,C1932,North,Desk,Furniture,9000,6300,1,0.1,150,9000,8100.0,6450,1650.0,2025-01,Low (1-10%)
O00917,2025-01-12,C2022,South,Desk,Furniture,9000,6300,3,0.05,100,27000,25650.0,19000,6650.0,2025-01,Low (1-10%)
O01284,2025-01-12,C2046,West,Pen Set,Stationery,250,110,2,0.0,150,500,500.0,370,130.0,2025-01,None
O01648,2025-01-12,C0084,West,Notebook,Stationery,150,65,3,0.05,40,450,427.5,235,192.5,2025-01,Low (1-10%)
O02294,2025-01-12,C0849,South,Notebook,Stationery,150,65,1,0.0,40,150,150.0,105,45.0,2025-01,None
O02331,2025-01-12,C0152,East,Laptop,Electronics,50000,41000,2,0.0,70,100000,100000.0,82070,17930.0,2025-01,None
O02464,2025-01-12,C0556,North,Desk,Furniture,9000,6300,4,0.05,70,36000,34200.0,25270,8930.0,2025-01,Low (1-10%)
O02514,2025-01-12,C1121,North,Pen Set,Stationery,250,110,3,0.0,40,750,750.0,370,380.0,2025-01,None
O03051,2025-01-12,C0313,South,Pen Set,Stationery,250,110,2,0.1,100,500,450.0,320,130.0,2025-01,Low (1-10%)
O03938,2025-01-12,C0219,South,Office Chair,Furniture,6500,4300,1,0.0,70,6500,6500.0,4370,2130.0,2025-01,None
O04723,2025-01-12,C1755,East,Backpack,Accessories,1800,850,1,0.0,100,1800,1800.0,950,850.0,2025-01,None
O04746,2025-01-12,C0515,West,Keyboard,Electronics,1800,1000,3,0.1,100,5400,4860.0,3100,1760.0,2025-01,Low (1-10%)
O04834,2025-01-12,C2358,West,Headphones,Electronics,2500,1350,1,0.05,70,2500,2375.0,1420,955.0,2025-01,Low (1-10%)
O04969,2025-01-12,C0942,North,Laptop,Electronics,50000,41000,3,0.0,70,150000,150000.0,123070,26930.0,2025-01,None
O05013,2025-01-12,C0721,West,Desk,Furniture,9000,6300,2,0.2,100,18000,14400.0,12700,1700.0,2025-01,High (>10%)
O05724,2025-01-12,C0969,East,Desk,Furniture,9000,6300,4,0.1,150,36000,32400.0,25350,7050.0,2025-01,Low (1-10%)
O00293,2025-01-13,C0993,East,Backpack,Accessories,1800,850,1,0.3,100,1800,1260.0,950,310.0,2025-01,High (>10%)
O00445,2025-01-13,C0690,East,Desk,Furniture,9000,6300,3,0.2,100,27000,21600.0,19000,2600.0,2025-01,High (>10%)
O00564,2025-01-13,C0672,East,Headphones,Electronics,2500,1350,1,0.0,70,2500,2500.0,1420,1080.0,2025-01,None
O00565,2025-01-13,C1893,East,Backpack,Accessories,1800,850,3,0.1,70,5400,4860.0,2620,2240.0,2025-01,Low (1-10%)
O00761,2025-01-13,C1283,West,Headphones,Electronics,2500,1350,4,0.1,100,10000,9000.0,5500,3500.0,2025-01,Low (1-10%)
O00908,2025-01-13,C0684,West,Headphones,Electronics,2500,1350,1,0.0,40,2500,2500.0,1390,1110.0,2025-01,None
O02286,2025-01-13,C1914,North,Pen Set,Stationery,250,110,1,0.05,150,250,237.5,260,-22.5,2025-01,Low (1-10%)
O03187,2025-01-13,C0054,North,Pen Set,Stationery,250,110,4,0.2,150,1000,800.0,590,210.0,2025-01,High (>10%)
O03346,2025-01-13,C2339,South,Pen Set,Stationery,250,110,1,0.05,40,250,237.5,150,87.5,2025-01,Low (1-10%)
O03701,2025-01-13,C0641,South,Headphones,Electronics,2500,1350,1,0.0,40,2500,2500.0,1390,1110.0,2025-01,None
O05195,2025-01-13,C2078,West,Keyboard,Electronics,1800,1000,4,0.05,70,7200,6840.0,4070,2770.0,2025-01,Low (1-10%)
O00359,2025-01-14,C2483,East,Laptop,Electronics,50000,41000,1,0.0,70,50000,50000.0,41070,8930.0,2025-01,None
O00510,2025-01-14,C2282,North,Headphones,Electronics,2500,1350,1,0.3,100,2500,1750.0,1450,300.0,2025-01,High (>10%)
O00577,2025-01-14,C0673,North,Backpack,Accessories,1800,850,4,0.1,40,7200,6480.0,3440,3040.0,2025-01,Low (1-10%)
O00744,2025-01-14,C0130,East,Keyboard,Electronics,1800,1000,1,0.3,40,1800,1260.0,1040,220.0,2025-01,High (>10%)
O00901,2025-01-14,C0282,North,Laptop,Electronics,50000,41000,2,0.1,70,100000,90000.0,82070,7930.0,2025-01,Low (1-10%)
O01347,2025-01-14,C1203,South,Pen Set,Stationery,250,110,2,0.2,100,500,400.0,320,80.0,2025-01,High (>10%)
O01795,2025-01-14,C1462,North,Office Chair,Furniture,6500,4300,2,0.2,150,13000,10400.0,8750,1650.0,2025-01,High (>10%)
O01868,2025-01-14,C1743,North,Pen Set,Stationery,250,110,4,0.0,150,1000,1000.0,590,410.0,2025-01,None
O02315,2025-01-14,C2160,North,Headphones,Electronics,2500,1350,1,0.3,100,2500,1750.0,1450,300.0,2025-01,High (>10%)
O02741,2025-01-14,C1243,South,Headphones,Electronics,2500,1350,2,0.05,150,5000,4750.0,2850,1900.0,2025-01,Low (1-10%)
O03136,2025-01-14,C1585,South,Laptop,Electronics,50000,41000,3,0.1,70,150000,135000.0,123070,11930.0,2025-01,Low (1-10%)
O03349,2025-01-14,C0872,West,Laptop,Electronics,50000,41000,4,0.05,40,200000,190000.0,164040,25960.0,2025-01,Low (1-10%)
O03353,2025-01-14,C0674,South,Laptop,Electronics,50000,41000,1,0.1,40,50000,45000.0,41040,3960.0,2025-01,Low (1-10%)
O03492,2025-01-14,C1457,North,Notebook,Stationery,150,65,3,0.1,150,450,405.0,345,60.0,2025-01,Low (1-10%)
O04436,2025-01-14,C1435,South,Backpack,Accessories,1800,850,4,0.0,150,7200,7200.0,3550,3650.0,2025-01,None
O04613,2025-01-14,C1135,East,Pen Set,Stationery,250,110,4,0.05,150,1000,950.0,590,360.0,2025-01,Low (1-10%)
O04637,2025-01-14,C1860,North,Pen Set,Stationery,250,110,4,0.05,100,1000,950.0,540,410.0,2025-01,Low (1-10%)
O05502,2025-01-14,C1807,West,Headphones,Electronics,2500,1350,2,0.1,150,5000,4500.0,2850,1650.0,2025-01,Low (1-10%)
O05552,2025-01-14,C0450,North,Keyboard,Electronics,1800,1000,2,0.2,40,3600,2880.0,2040,840.0,2025-01,High (>10%)
O05890,2025-01-14,C1965,South,Keyboard,Electronics,1800,1000,3,0.0,150,5400,5400.0,3150,2250.0,2025-01,None
O00279,2025-01-15,C0406,South,Laptop,Electronics,50000,41000,2,0.0,150,100000,100000.0,82150,17850.0,2025-01,None
O00352,2025-01-15,C2477,South,Laptop,Electronics,50000,41000,4,0.2,40,200000,160000.0,164040,-4040.0,2025-01,High (>10%)
O00706,2025-01-15,C1909,North,Desk,Furniture,9000,6300,4,0.05,100,36000,34200.0,25300,8900.0,2025-01,Low (1-10%)
O00886,2025-01-15,C2095,West,Notebook,Stationery,150,65,3,0.1,40,450,405.0,235,170.0,2025-01,Low (1-10%)
O01111,2025-01-15,C0348,South,Notebook,Stationery,150,65,2,0.0,150,300,300.0,280,20.0,2025-01,None
O01382,2025-01-15,C1128,East,Keyboard,Electronics,1800,1000,1,0.2,100,1800,1440.0,1100,340.0,2025-01,High (>10%)
O01399,2025-01-15,C1431,West,Laptop,Electronics,50000,41000,1,0.2,40,50000,40000.0,41040,-1040.0,2025-01,High (>10%)
O01676,2025-01-15,C1591,South,Backpack,Accessories,1800,850,4,0.0,150,7200,7200.0,3550,3650.0,2025-01,None
O01772,2025-01-15,C2393,South,Office Chair,Furniture,6500,4300,3,0.0,40,19500,19500.0,12940,6560.0,2025-01,None
O02253,2025-01-15,C2193,North,Headphones,Electronics,2500,1350,4,0.05,40,10000,9500.0,5440,4060.0,2025-01,Low (1-10%)
O02569,2025-01-15,C0367,South,Office Chair,Furniture,6500,4300,3,0.1,40,19500,17550.0,12940,4610.0,2025-01,Low (1-10%)
O02882,2025-01-15,C2201,West,Headphones,Electronics,2500,1350,2,0.05,40,5000,4750.0,2740,2010.0,2025-01,Low (1-10%)
O02948,2025-01-15,C1153,South,Office Chair,Furniture,6500,4300,4,0.2,70,26000,20800.0,17270,3530.0,2025-01,High (>10%)
O03288,2025-01-15,C1762,East,Headphones,Electronics,2500,1350,3,0.1,100,7500,6750.0,4150,2600.0,2025-01,Low (1-10%)
O03665,2025-01-15,C0902,North,Desk,Furniture,9000,6300,3,0.0,70,27000,27000.0,18970,8030.0,2025-01,None
O03825,2025-01-15,C1741,East,Desk,Furniture,9000,6300,2,0.0,70,18000,18000.0,12670,5330.0,2025-01,None
O04276,2025-01-15,C0111,West,Pen Set,Stationery,250,110,1,0.3,40,250,175.0,150,25.0,2025-01,High (>10%)
O04283,2025-01-15,C0747,West,Headphones,Electronics,2500,1350,4,0.1,40,10000,9000.0,5440,3560.0,2025-01,Low (1-10%)
O04507,2025-01-15,C1520,North,Keyboard,Electronics,1800,1000,3,0.05,150,5400,5130.0,3150,1980.0,2025-01,Low (1-10%)
O04634,2025-01-15,C2297,North,Headphones,Electronics,2500,1350,3,0.05,150,7500,7125.0,4200,2925.0,2025-01,Low (1-10%)
O04800,2025-01-15,C1990,East,Desk,Furniture,9000,6300,1,0.05,70,9000,8550.0,6370,2180.0,2025-01,Low (1-10%)
O04903,2025-01-15,C1484,East,Desk,Furniture,9000,6300,1,0.0,150,9000,9000.0,6450,2550.0,2025-01,None
O05089,2025-01-15,C2114,South,Headphones,Electronics,2500,1350,1,0.2,70,2500,2000.0,1420,580.0,2025-01,High (>10%)
O00268,2025-01-16,C0659,West,Keyboard,Electronics,1800,1000,3,0.05,40,5400,5130.0,3040,2090.0,2025-01,Low (1-10%)
O00520,2025-01-16,C0614,North,Desk,Furniture,9000,6300,1,0.05,40,9000,8550.0,6340,2210.0,2025-01,Low (1-10%)
O01689,2025-01-16,C0640,South,Backpack,Accessories,1800,850,3,0.0,150,5400,5400.0,2700,2700.0,2025-01,None
O02028,2025-01-16,C1796,West,Backpack,Accessories,1800,850,1,0.0,40,1800,1800.0,890,910.0,2025-01,None
O02079,2025-01-16,C0553,North,Keyboard,Electronics,1800,1000,1,0.0,150,1800,1800.0,1150,650.0,2025-01,None
O02552,2025-01-16,C1893,West,Keyboard,Electronics,1800,1000,1,0.1,100,1800,1620.0,1100,520.0,2025-01,Low (1-10%)
O02645,2025-01-16,C1211,South,Office Chair,Furniture,6500,4300,1,0.2,150,6500,5200.0,4450,750.0,2025-01,High (>10%)
O04135,2025-01-16,C1113,North,Backpack,Accessories,1800,850,2,0.0,70,3600,3600.0,1770,1830.0,2025-01,None
O04252,2025-01-16,C0891,North,Office Chair,Furniture,6500,4300,4,0.2,40,26000,20800.0,17240,3560.0,2025-01,High (>10%)
O04648,2025-01-16,C2347,East,Laptop,Electronics,50000,41000,1,0.0,40,50000,50000.0,41040,8960.0,2025-01,None
O04684,2025-01-16,C1417,East,Laptop,Electronics,50000,41000,2,0.0,150,100000,100000.0,82150,17850.0,2025-01,None
O04737,2025-01-16,C1364,South,Laptop,Electronics,50000,41000,4,0.0,70,200000,200000.0,164070,35930.0,2025-01,None
O04925,2025-01-16,C1385,East,Keyboard,Electronics,1800,1000,4,0.1,150,7200,6480.0,4150,2330.0,2025-01,Low (1-10%)
O05710,2025-01-16,C1368,East,Pen Set,Stationery,250,110,3,0.1,40,750,675.0,370,305.0,2025-01,Low (1-10%)
O05772,2025-01-16,C0383,East,Headphones,Electronics,2500,1350,2,0.0,150,5000,5000.0,2850,2150.0,2025-01,None
O05974,2025-01-16,C0703,West,Laptop,Electronics,50000,41000,1,0.1,40,50000,45000.0,41040,3960.0,2025-01,Low (1-10%)
O00313,2025-01-17,C1371,North,Laptop,Electronics,50000,41000,1,0.1,70,50000,45000.0,41070,3930.0,2025-01,Low (1-10%)
O01161,2025-01-17,C0881,North,Desk,Furniture,9000,6300,4,0.1,100,36000,32400.0,25300,7100.0,2025-01,Low (1-10%)
O01190,2025-01-17,C2499,North,Laptop,Electronics,50000,41000,3,0.1,150,150000,135000.0,123150,11850.0,2025-01,Low (1-10%)
O01911,2025-01-17,C0082,East,Laptop,Electronics,50000,41000,1,0.0,100,50000,50000.0,41100,8900.0,2025-01,None
O02918,2025-01-17,C0284,East,Backpack,Accessories,1800,850,4,0.0,100,7200,7200.0,3500,3700.0,2025-01,None
O03364,2025-01-17,C1675,East,Pen Set,Stationery,250,110,3,0.1,40,750,675.0,370,305.0,2025-01,Low (1-10%)
O03541,2025-01-17,C1102,South,Notebook,Stationery,150,65,3,0.1,150,450,405.0,345,60.0,2025-01,Low (1-10%)
O03606,2025-01-17,C0886,East,Headphones,Electronics,2500,1350,1,0.2,150,2500,2000.0,1500,500.0,2025-01,High (>10%)
O04010,2025-01-17,C1940,South,Laptop,Electronics,50000,41000,3,0.2,100,150000,120000.0,123100,-3100.0,2025-01,High (>10%)
O04066,2025-01-17,C1412,North,Keyboard,Electronics,1800,1000,3,0.05,100,5400,5130.0,3100,2030.0,2025-01,Low (1-10%)
O04493,2025-01-17,C1209,West,Notebook,Stationery,150,65,3,0.2,100,450,360.0,295,65.0,2025-01,High (>10%)
O04839,2025-01-17,C0144,South,Pen Set,Stationery,250,110,3,0.0,100,750,750.0,430,320.0,2025-01,None
O04877,2025-01-17,C1022,North,Office Chair,Furniture,6500,4300,2,0.0,40,13000,13000.0,8640,4360.0,2025-01,None
O05329,2025-01-17,C2134,West,Headphones,Electronics,2500,1350,2,0.0,150,5000,5000.0,2850,2150.0,2025-01,None
O05403,2025-01-17,C0559,West,Notebook,Stationery,150,65,4,0.0,100,600,600.0,360,240.0,2025-01,None
O05860,2025-01-17,C0877,South,Notebook,Stationery,150,65,4,0.3,150,600,420.0,410,10.0,2025-01,High (>10%)
O05908,2025-01-17,C2425,North,Backpack,Accessories,1800,850,2,0.2,40,3600,2880.0,1740,1140.0,2025-01,High (>10%)
O00192,2025-01-18,C0937,North,Notebook,Stationery,150,65,4,0.0,150,600,600.0,410,190.0,2025-01,None
O00612,2025-01-18,C0223,East,Office Chair,Furniture,6500,4300,3,0.1,70,19500,17550.0,12970,4580.0,2025-01,Low (1-10%)
O00885,2025-01-18,C1569,North,Pen Set,Stationery,250,110,1,0.05,70,250,237.5,180,57.5,2025-01,Low (1-10%)
O01062,2025-01-18,C0686,South,Notebook,Stationery,150,65,4,0.2,100,600,480.0,360,120.0,2025-01,High (>10%)
O01396,2025-01-18,C0308,South,Desk,Furniture,9000,6300,1,0.1,150,9000,8100.0,6450,1650.0,2025-01,Low (1-10%)
O02789,2025-01-18,C2219,East,Laptop,Electronics,50000,41000,1,0.3,40,50000,35000.0,41040,-6040.0,2025-01,High (>10%)
O03053,2025-01-18,C1430,North,Pen Set,Stationery,250,110,4,0.2,100,1000,800.0,540,260.0,2025-01,High (>10%)
O03082,2025-01-18,C2367,West,Pen Set,Stationery,250,110,4,0.1,40,1000,900.0,480,420.0,2025-01,Low (1-10%)
O03893,2025-01-18,C1844,North,Office Chair,Furniture,6500,4300,3,0.05,70,19500,18525.0,12970,5555.0,2025-01,Low (1-10%)
O04348,2025-01-18,C1350,West,Headphones,Electronics,2500,1350,2,0.3,150,5000,3500.0,2850,650.0,2025-01,High (>10%)
O04352,2025-01-18,C2234,West,Desk,Furniture,9000,6300,2,0.1,40,18000,16200.0,12640,3560.0,2025-01,Low (1-10%)
O05222,2025-01-18,C0387,South,Backpack,Accessories,1800,850,1,0.3,40,1800,1260.0,890,370.0,2025-01,High (>10%)
O05278,2025-01-18,C1343,North,Pen Set,Stationery,250,110,4,0.1,100,1000,900.0,540,360.0,2025-01,Low (1-10%)
O05944,2025-01-18,C0976,North,Notebook,Stationery,150,65,3,0.0,150,450,450.0,345,105.0,2025-01,None
O00809,2025-01-19,C0380,South,Office Chair,Furniture,6500,4300,2,0.2,100,13000,10400.0,8700,1700.0,2025-01,High (>10%)
O01290,2025-01-19,C1571,North,Desk,Furniture,9000,6300,4,0.0,70,36000,36000.0,25270,10730.0,2025-01,None
O01611,2025-01-19,C0687,North,Pen Set,Stationery,250,110,4,0.0,100,1000,1000.0,540,460.0,2025-01,None
O02215,2025-01-19,C2453,North,Laptop,Electronics,50000,41000,1,0.2,70,50000,40000.0,41070,-1070.0,2025-01,High (>10%)
O02265,2025-01-19,C2342,North,Laptop,Electronics,50000,41000,4,0.1,150,200000,180000.0,164150,15850.0,2025-01,Low (1-10%)
O02708,2025-01-19,C1439,North,Keyboard,Electronics,1800,1000,4,0.0,70,7200,7200.0,4070,3130.0,2025-01,None
O03476,2025-01-19,C1101,East,Headphones,Electronics,2500,1350,4,0.0,70,10000,10000.0,5470,4530.0,2025-01,None
O04168,2025-01-19,C1444,South,Headphones,Electronics,2500,1350,4,0.3,40,10000,7000.0,5440,1560.0,2025-01,High (>10%)
O04301,2025-01-19,C1500,East,Keyboard,Electronics,1800,1000,4,0.2,40,7200,5760.0,4040,1720.0,2025-01,High (>10%)
O04532,2025-01-19,C2412,North,Headphones,Electronics,2500,1350,3,0.2,150,7500,6000.0,4200,1800.0,2025-01,High (>10%)
O05499,2025-01-19,C1982,South,Backpack,Accessories,1800,850,2,0.05,40,3600,3420.0,1740,1680.0,2025-01,Low (1-10%)
O00205,2025-01-20,C1369,North,Office Chair,Furniture,6500,4300,2,0.0,70,13000,13000.0,8670,4330.0,2025-01,None
O00327,2025-01-20,C0493,South,Headphones,Electronics,2500,1350,1,0.05,70,2500,2375.0,1420,955.0,2025-01,Low (1-10%)
O00828,2025-01-20,C2367,South,Backpack,Accessories,1800,850,3,0.05,100,5400,5130.0,2650,2480.0,2025-01,Low (1-10%)
O01360,2025-01-20,C1144,East,Keyboard,Electronics,1800,1000,3,0.1,150,5400,4860.0,3150,1710.0,2025-01,Low (1-10%)
O01954,2025-01-20,C2052,East,Office Chair,Furniture,6500,4300,2,0.3,100,13000,9100.0,8700,400.0,2025-01,High (>10%)
O01965,2025-01-20,C1429,South,Pen Set,Stationery,250,110,1,0.0,150,250,250.0,260,-10.0,2025-01,None
O02287,2025-01-20,C1002,West,Backpack,Accessories,1800,850,4,0.2,70,7200,5760.0,3470,2290.0,2025-01,High (>10%)
O02311,2025-01-20,C0357,South,Keyboard,Electronics,1800,1000,1,0.0,40,1800,1800.0,1040,760.0,2025-01,None
O02824,2025-01-20,C1844,East,Backpack,Accessories,1800,850,4,0.1,150,7200,6480.0,3550,2930.0,2025-01,Low (1-10%)
O03272,2025-01-20,C0007,North,Office Chair,Furniture,6500,4300,2,0.3,150,13000,9100.0,8750,350.0,2025-01,High (>10%)
O03884,2025-01-20,C0907,West,Office Chair,Furniture,6500,4300,3,0.2,100,19500,15600.0,13000,2600.0,2025-01,High (>10%)
O04238,2025-01-20,C0993,East,Laptop,Electronics,50000,41000,4,0.0,100,200000,200000.0,164100,35900.0,2025-01,None
O04370,2025-01-20,C0998,East,Desk,Furniture,9000,6300,3,0.2,70,27000,21600.0,18970,2630.0,2025-01,High (>10%)
O04414,2025-01-20,C0995,North,Notebook,Stationery,150,65,4,0.2,70,600,480.0,330,150.0,2025-01,High (>10%)
O04455,2025-01-20,C0392,North,Desk,Furniture,9000,6300,1,0.0,150,9000,9000.0,6450,2550.0,2025-01,None
O05049,2025-01-20,C0903,South,Keyboard,Electronics,1800,1000,3,0.2,150,5400,4320.0,3150,1170.0,2025-01,High (>10%)
O05093,2025-01-20,C2151,West,Laptop,Electronics,50000,41000,3,0.0,70,150000,150000.0,123070,26930.0,2025-01,None
O05287,2025-01-20,C0479,South,Keyboard,Electronics,1800,1000,1,0.0,150,1800,1800.0,1150,650.0,2025-01,None
O05400,2025-01-20,C0283,East,Pen Set,Stationery,250,110,2,0.05,150,500,475.0,370,105.0,2025-01,Low (1-10%)
O05520,2025-01-20,C0483,East,Desk,Furniture,9000,6300,1,0.1,40,9000,8100.0,6340,1760.0,2025-01,Low (1-10%)
O00276,2025-01-21,C0477,North,Office Chair,Furniture,6500,4300,1,0.0,150,6500,6500.0,4450,2050.0,2025-01,None
O00316,2025-01-21,C0108,West,Notebook,Stationery,150,65,2,0.1,40,300,270.0,170,100.0,2025-01,Low (1-10%)
O00838,2025-01-21,C2196,South,Headphones,Electronics,2500,1350,2,0.1,100,5000,4500.0,2800,1700.0,2025-01,Low (1-10%)
O01320,2025-01-21,C1061,South,Office Chair,Furniture,6500,4300,4,0.05,40,26000,24700.0,17240,7460.0,2025-01,Low (1-10%)
O03793,2025-01-21,C1163,South,Keyboard,Electronics,1800,1000,2,0.2,40,3600,2880.0,2040,840.0,2025-01,High (>10%)
O04113,2025-01-21,C0086,North,Headphones,Electronics,2500,1350,3,0.0,70,7500,7500.0,4120,3380.0,2025-01,None
O04120,2025-01-21,C2205,East,Laptop,Electronics,50000,41000,2,0.1,70,100000,90000.0,82070,7930.0,2025-01,Low (1-10%)
O04274,2025-01-21,C1385,North,Keyboard,Electronics,1800,1000,3,0.0,70,5400,5400.0,3070,2330.0,2025-01,None
O04771,2025-01-21,C0849,West,Keyboard,Electronics,1800,1000,1,0.0,100,1800,1800.0,1100,700.0,2025-01,None
O04930,2025-01-21,C1634,South,Headphones,Electronics,2500,1350,3,0.1,100,7500,6750.0,4150,2600.0,2025-01,Low (1-10%)
O04951,2025-01-21,C0970,West,Keyboard,Electronics,1800,1000,3,0.2,70,5400,4320.0,3070,1250.0,2025-01,High (>10%)
O05894,2025-01-21,C0134,West,Keyboard,Electronics,1800,1000,2,0.05,70,3600,3420.0,2070,1350.0,2025-01,Low (1-10%)
O00211,2025-01-22,C2208,West,Keyboard,Electronics,1800,1000,1,0.0,70,1800,1800.0,1070,730.0,2025-01,None
O00370,2025-01-22,C0497,East,Pen Set,Stationery,250,110,4,0.05,40,1000,950.0,480,470.0,2025-01,Low (1-10%)
O01530,2025-01-22,C0794,South,Backpack,Accessories,1800,850,2,0.1,70,3600,3240.0,1770,1470.0,2025-01,Low (1-10%)
O01919,2025-01-22,C0607,West,Office Chair,Furniture,6500,4300,2,0.0,150,13000,13000.0,8750,4250.0,2025-01,None
O02157,2025-01-22,C1000,West,Office Chair,Furniture,6500,4300,2,0.0,70,13000,13000.0,8670,4330.0,2025-01,None
O02293,2025-01-22,C0369,North,Headphones,Electronics,2500,1350,4,0.05,70,10000,9500.0,5470,4030.0,2025-01,Low (1-10%)
O02648,2025-01-22,C2326,South,Pen Set,Stationery,250,110,3,0.2,40,750,600.0,370,230.0,2025-01,High (>10%)
O02654,2025-01-22,C2421,South,Keyboard,Electronics,1800,1000,3,0.1,70,5400,4860.0,3070,1790.0,2025-01,Low (1-10%)
O03437,2025-01-22,C1881,North,Keyboard,Electronics,1800,1000,1,0.05,150,1800,1710.0,1150,560.0,2025-01,Low (1-10%)
O03457,2025-01-22,C2308,North,Pen Set,Stationery,250,110,2,0.1,150,500,450.0,370,80.0,2025-01,Low (1-10%)
O03953,2025-01-22,C2037,North,Notebook,Stationery,150,65,4,0.3,150,600,420.0,410,10.0,2025-01,High (>10%)
O05214,2025-01-22,C0556,North,Desk,Furniture,9000,6300,4,0.05,40,36000,34200.0,25240,8960.0,2025-01,Low (1-10%)
O05258,2025-01-22,C1028,South,Keyboard,Electronics,1800,1000,4,0.2,40,7200,5760.0,4040,1720.0,2025-01,High (>10%)
O05418,2025-01-22,C0089,East,Headphones,Electronics,2500,1350,4,0.1,150,10000,9000.0,5550,3450.0,2025-01,Low (1-10%)
O00249,2025-01-23,C2470,East,Pen Set,Stationery,250,110,3,0.3,40,750,525.0,370,155.0,2025-01,High (>10%)
O00416,2025-01-23,C0725,South,Notebook,Stationery,150,65,4,0.1,150,600,540.0,410,130.0,2025-01,Low (1-10%)
O00614,2025-01-23,C1733,North,Office Chair,Furniture,6500,4300,2,0.2,40,13000,10400.0,8640,1760.0,2025-01,High (>10%)
O01183,2025-01-23,C1862,North,Notebook,Stationery,150,65,3,0.0,70,450,450.0,265,185.0,2025-01,None
O01272,2025-01-23,C0658,West,Laptop,Electronics,50000,41000,4,0.0,40,200000,200000.0,164040,35960.0,2025-01,None
O01361,2025-01-23,C1468,West,Laptop,Electronics,50000,41000,2,0.2,40,100000,80000.0,82040,-2040.0,2025-01,High (>10%)
O01410,2025-01-23,C1147,North,Keyboard,Electronics,1800,1000,3,0.2,150,5400,4320.0,3150,1170.0,2025-01,High (>10%)
O01628,2025-01-23,C0265,North,Desk,Furniture,9000,6300,4,0.3,70,36000,25200.0,25270,-70.0,2025-01,High (>10%)
O02071,2025-01-23,C1252,West,Headphones,Electronics,2500,1350,3,0.0,100,7500,7500.0,4150,3350.0,2025-01,None
O02416,2025-01-23,C0102,East,Office Chair,Furniture,6500,4300,2,0.1,150,13000,11700.0,8750,2950.0,2025-01,Low (1-10%)
O04310,2025-01-23,C1560,South,Desk,Furniture,9000,6300,4,0.1,100,36000,32400.0,25300,7100.0,2025-01,Low (1-10%)
O04504,2025-01-23,C0346,North,Pen Set,Stationery,250,110,4,0.1,40,1000,900.0,480,420.0,2025-01,Low (1-10%)
O04944,2025-01-23,C2005,North,Pen Set,Stationery,250,110,2,0.1,150,500,450.0,370,80.0,2025-01,Low (1-10%)
O05141,2025-01-23,C0877,South,Office Chair,Furniture,6500,4300,4,0.1,40,26000,23400.0,17240,6160.0,2025-01,Low (1-10%)
O05618,2025-01-23,C2274,East,Headphones,Electronics,2500,1350,1,0.2,70,2500,2000.0,1420,580.0,2025-01,High (>10%)
O05800,2025-01-23,C0438,East,Office Chair,Furniture,6500,4300,2,0.0,150,13000,13000.0,8750,4250.0,2025-01,None
O00064,2025-01-24,C1140,West,Backpack,Accessories,1800,850,2,0.05,70,3600,3420.0,1770,1650.0,2025-01,Low (1-10%)
O00139,2025-01-24,C1477,South,Keyboard,Electronics,1800,1000,4,0.05,150,7200,6840.0,4150,2690.0,2025-01,Low (1-10%)
O00288,2025-01-24,C1601,South,Desk,Furniture,9000,6300,2,0.2,40,18000,14400.0,12640,1760.0,2025-01,High (>10%)
O00331,2025-01-24,C2123,East,Desk,Furniture,9000,6300,2,0.0,150,18000,18000.0,12750,5250.0,2025-01,None
O00531,2025-01-24,C0925,South,Desk,Furniture,9000,6300,2,0.3,150,18000,12600.0,12750,-150.0,2025-01,High (>10%)
O00632,2025-01-24,C1265,West,Keyboard,Electronics,1800,1000,3,0.1,150,5400,4860.0,3150,1710.0,2025-01,Low (1-10%)
O00835,2025-01-24,C0797,West,Pen Set,Stationery,250,110,4,0.0,100,1000,1000.0,540,460.0,2025-01,None
O00839,2025-01-24,C1536,West,Laptop,Electronics,50000,41000,1,0.0,150,50000,50000.0,41150,8850.0,2025-01,None
O01849,2025-01-24,C1376,West,Desk,Furniture,9000,6300,3,0.1,40,27000,24300.0,18940,5360.0,2025-01,Low (1-10%)
O01977,2025-01-24,C0198,South,Backpack,Accessories,1800,850,4,0.1,70,7200,6480.0,3470,3010.0,2025-01,Low (1-10%)
O02584,2025-01-24,C0668,South,Notebook,Stationery,150,65,2,0.0,150,300,300.0,280,20.0,2025-01,None
O03431,2025-01-24,C1902,North,Headphones,Electronics,2500,1350,3,0.1,100,7500,6750.0,4150,2600.0,2025-01,Low (1-10%)
O03518,2025-01-24,C0870,South,Backpack,Accessories,1800,850,2,0.2,40,3600,2880.0,1740,1140.0,2025-01,High (>10%)
O03831,2025-01-24,C1958,South,Backpack,Accessories,1800,850,4,0.0,40,7200,7200.0,3440,3760.0,2025-01,None
O03925,2025-01-24,C0705,West,Notebook,Stationery,150,65,3,0.1,40,450,405.0,235,170.0,2025-01,Low (1-10%)
O04031,2025-01-24,C1466,North,Desk,Furniture,9000,6300,3,0.2,100,27000,21600.0,19000,2600.0,2025-01,High (>10%)
O04901,2025-01-24,C2467,South,Keyboard,Electronics,1800,1000,3,0.0,70,5400,5400.0,3070,2330.0,2025-01,None
O04920,2025-01-24,C1379,West,Desk,Furniture,9000,6300,1,0.0,150,9000,9000.0,6450,2550.0,2025-01,None
O05104,2025-01-24,C1625,West,Office Chair,Furniture,6500,4300,1,0.2,100,6500,5200.0,4400,800.0,2025-01,High (>10%)
O05406,2025-01-24,C0526,West,Office Chair,Furniture,6500,4300,1,0.05,150,6500,6175.0,4450,1725.0,2025-01,Low (1-10%)
O05444,2025-01-24,C1233,North,Pen Set,Stationery,250,110,1,0.0,40,250,250.0,150,100.0,2025-01,None
O05477,2025-01-24,C0096,South,Keyboard,Electronics,1800,1000,4,0.0,100,7200,7200.0,4100,3100.0,2025-01,None
O05997,2025-01-24,C0272,South,Pen Set,Stationery,250,110,2,0.05,150,500,475.0,370,105.0,2025-01,Low (1-10%)
O00295,2025-01-25,C1830,North,Desk,Furniture,9000,6300,2,0.3,40,18000,12600.0,12640,-40.0,2025-01,High (>10%)
O00335,2025-01-25,C1839,East,Office Chair,Furniture,6500,4300,1,0.0,150,6500,6500.0,4450,2050.0,2025-01,None
O00661,2025-01-25,C1127,South,Headphones,Electronics,2500,1350,2,0.1,100,5000,4500.0,2800,1700.0,2025-01,Low (1-10%)
O02013,2025-01-25,C2090,East,Headphones,Electronics,2500,1350,4,0.05,150,10000,9500.0,5550,3950.0,2025-01,Low (1-10%)
O02425,2025-01-25,C2355,North,Keyboard,Electronics,1800,1000,3,0.2,70,5400,4320.0,3070,1250.0,2025-01,High (>10%)
O02470,2025-01-25,C1515,East,Headphones,Electronics,2500,1350,4,0.0,40,10000,10000.0,5440,4560.0,2025-01,None
O02666,2025-01-25,C0903,East,Desk,Furniture,9000,6300,4,0.2,150,36000,28800.0,25350,3450.0,2025-01,High (>10%)
O02704,2025-01-25,C0395,South,Pen Set,Stationery,250,110,2,0.1,40,500,450.0,260,190.0,2025-01,Low (1-10%)
O03275,2025-01-25,C1967,East,Headphones,Electronics,2500,1350,3,0.05,70,7500,7125.0,4120,3005.0,2025-01,Low (1-10%)
O04065,2025-01-25,C0360,South,Pen Set,Stationery,250,110,4,0.1,150,1000,900.0,590,310.0,2025-01,Low (1-10%)
O04749,2025-01-25,C0637,North,Pen Set,Stationery,250,110,4,0.05,40,1000,950.0,480,470.0,2025-01,Low (1-10%)
O05204,2025-01-25,C0127,East,Notebook,Stationery,150,65,1,0.1,100,150,135.0,165,-30.0,2025-01,Low (1-10%)
O05213,2025-01-25,C2416,North,Office Chair,Furniture,6500,4300,1,0.1,70,6500,5850.0,4370,1480.0,2025-01,Low (1-10%)
O05492,2025-01-25,C1004,East,Pen Set,Stationery,250,110,3,0.05,40,750,712.5,370,342.5,2025-01,Low (1-10%)
O00009,2025-01-26,C1275,East,Headphones,Electronics,2500,1350,3,0.0,70,7500,7500.0,4120,3380.0,2025-01,None
O00131,2025-01-26,C2388,North,Desk,Furniture,9000,6300,1,0.1,100,9000,8100.0,6400,1700.0,2025-01,Low (1-10%)
O00145,2025-01-26,C1060,North,Backpack,Accessories,1800,850,4,0.2,150,7200,5760.0,3550,2210.0,2025-01,High (>10%)
O00287,2025-01-26,C1162,West,Headphones,Electronics,2500,1350,1,0.05,70,2500,2375.0,1420,955.0,2025-01,Low (1-10%)
O00314,2025-01-26,C1129,South,Keyboard,Electronics,1800,1000,2,0.0,100,3600,3600.0,2100,1500.0,2025-01,None
O00802,2025-01-26,C0403,East,Keyboard,Electronics,1800,1000,2,0.0,150,3600,3600.0,2150,1450.0,2025-01,None
O00933,2025-01-26,C0895,South,Keyboard,Electronics,1800,1000,3,0.1,150,5400,4860.0,3150,1710.0,2025-01,Low (1-10%)
O01037,2025-01-26,C1892,West,Backpack,Accessories,1800,850,2,0.0,40,3600,3600.0,1740,1860.0,2025-01,None
O01687,2025-01-26,C0351,West,Office Chair,Furniture,6500,4300,2,0.05,100,13000,12350.0,8700,3650.0,2025-01,Low (1-10%)
O01871,2025-01-26,C0115,South,Laptop,Electronics,50000,41000,3,0.05,100,150000,142500.0,123100,19400.0,2025-01,Low (1-10%)
O01910,2025-01-26,C1793,West,Backpack,Accessories,1800,850,2,0.05,100,3600,3420.0,1800,1620.0,2025-01,Low (1-10%)
O01939,2025-01-26,C2026,South,Backpack,Accessories,1800,850,1,0.05,100,1800,1710.0,950,760.0,2025-01,Low (1-10%)
O02316,2025-01-26,C2387,North,Laptop,Electronics,50000,41000,4,0.05,40,200000,190000.0,164040,25960.0,2025-01,Low (1-10%)
O02378,2025-01-26,C0408,South,Headphones,Electronics,2500,1350,4,0.2,150,10000,8000.0,5550,2450.0,2025-01,High (>10%)
O02403,2025-01-26,C0871,North,Notebook,Stationery,150,65,3,0.0,100,450,450.0,295,155.0,2025-01,None
O02436,2025-01-26,C1789,South,Desk,Furniture,9000,6300,2,0.1,100,18000,16200.0,12700,3500.0,2025-01,Low (1-10%)
O02512,2025-01-26,C0123,West,Pen Set,Stationery,250,110,1,0.0,40,250,250.0,150,100.0,2025-01,None
O02672,2025-01-26,C2255,East,Pen Set,Stationery,250,110,2,0.0,150,500,500.0,370,130.0,2025-01,None
O03102,2025-01-26,C2211,South,Headphones,Electronics,2500,1350,1,0.05,40,2500,2375.0,1390,985.0,2025-01,Low (1-10%)
O03450,2025-01-26,C2142,South,Office Chair,Furniture,6500,4300,4,0.1,150,26000,23400.0,17350,6050.0,2025-01,Low (1-10%)
O03944,2025-01-26,C0376,West,Backpack,Accessories,1800,850,4,0.1,70,7200,6480.0,3470,3010.0,2025-01,Low (1-10%)
O04439,2025-01-26,C1977,South,Keyboard,Electronics,1800,1000,2,0.0,40,3600,3600.0,2040,1560.0,2025-01,None
O04692,2025-01-26,C1277,East,Laptop,Electronics,50000,41000,2,0.1,150,100000,90000.0,82150,7850.0,2025-01,Low (1-10%)
O05175,2025-01-26,C0592,North,Headphones,Electronics,2500,1350,4,0.1,150,10000,9000.0,5550,3450.0,2025-01,Low (1-10%)
O05240,2025-01-26,C1817,North,Backpack,Accessories,1800,850,1,0.1,100,1800,1620.0,950,670.0,2025-01,Low (1-10%)
O05268,2025-01-26,C1593,West,Notebook,Stationery,150,65,4,0.1,150,600,540.0,410,130.0,2025-01,Low (1-10%)
O05374,2025-01-26,C1953,North,Headphones,Electronics,2500,1350,2,0.05,100,5000,4750.0,2800,1950.0,2025-01,Low (1-10%)
O05446,2025-01-26,C1820,South,Keyboard,Electronics,1800,1000,3,0.05,70,5400,5130.0,3070,2060.0,2025-01,Low (1-10%)
O00277,2025-01-27,C2171,West,Office Chair,Furniture,6500,4300,1,0.05,150,6500,6175.0,4450,1725.0,2025-01,Low (1-10%)
O00526,2025-01-27,C0136,South,Keyboard,Electronics,1800,1000,2,0.05,100,3600,3420.0,2100,1320.0,2025-01,Low (1-10%)
O00620,2025-01-27,C1774,East,Headphones,Electronics,2500,1350,2,0.2,100,5000,4000.0,2800,1200.0,2025-01,High (>10%)
O01160,2025-01-27,C2400,East,Keyboard,Electronics,1800,1000,2,0.05,150,3600,3420.0,2150,1270.0,2025-01,Low (1-10%)
O01275,2025-01-27,C2316,North,Pen Set,Stationery,250,110,1,0.0,150,250,250.0,260,-10.0,2025-01,None
O01699,2025-01-27,C0975,West,Keyboard,Electronics,1800,1000,2,0.0,70,3600,3600.0,2070,1530.0,2025-01,None
O01882,2025-01-27,C1771,West,Keyboard,Electronics,1800,1000,2,0.05,150,3600,3420.0,2150,1270.0,2025-01,Low (1-10%)
O01972,2025-01-27,C1573,West,Backpack,Accessories,1800,850,1,0.2,100,1800,1440.0,950,490.0,2025-01,High (>10%)
O02178,2025-01-27,C0453,East,Office Chair,Furniture,6500,4300,3,0.2,40,19500,15600.0,12940,2660.0,2025-01,High (>10%)
O03173,2025-01-27,C0065,North,Office Chair,Furniture,6500,4300,2,0.0,100,13000,13000.0,8700,4300.0,2025-01,None
O03177,2025-01-27,C1850,South,Desk,Furniture,9000,6300,1,0.0,40,9000,9000.0,6340,2660.0,2025-01,None
O03225,2025-01-27,C0249,North,Desk,Furniture,9000,6300,2,0.2,40,18000,14400.0,12640,1760.0,2025-01,High (>10%)
O03419,2025-01-27,C0848,East,Laptop,Electronics,50000,41000,3,0.05,150,150000,142500.0,123150,19350.0,2025-01,Low (1-10%)
O03490,2025-01-27,C1967,North,Notebook,Stationery,150,65,1,0.3,70,150,105.0,135,-30.0,2025-01,High (>10%)
O03674,2025-01-27,C0652,East,Laptop,Electronics,50000,41000,3,0.0,100,150000,150000.0,123100,26900.0,2025-01,None
O04418,2025-01-27,C1594,South,Headphones,Electronics,2500,1350,4,0.0,70,10000,10000.0,5470,4530.0,2025-01,None
O04420,2025-01-27,C2403,South,Laptop,Electronics,50000,41000,3,0.0,150,150000,150000.0,123150,26850.0,2025-01,None
O04603,2025-01-27,C0370,South,Keyboard,Electronics,1800,1000,4,0.05,70,7200,6840.0,4070,2770.0,2025-01,Low (1-10%)
O04881,2025-01-27,C1791,East,Office Chair,Furniture,6500,4300,4,0.05,150,26000,24700.0,17350,7350.0,2025-01,Low (1-10%)
O00338,2025-01-28,C0865,South,Keyboard,Electronics,1800,1000,1,0.1,40,1800,1620.0,1040,580.0,2025-01,Low (1-10%)
O00439,2025-01-28,C1350,South,Laptop,Electronics,50000,41000,3,0.0,150,150000,150000.0,123150,26850.0,2025-01,None
O00794,2025-01-28,C1983,North,Pen Set,Stationery,250,110,4,0.3,70,1000,700.0,510,190.0,2025-01,High (>10%)
O00797,2025-01-28,C0054,North,Backpack,Accessories,1800,850,4,0.0,100,7200,7200.0,3500,3700.0,2025-01,None
O00870,2025-01-28,C1498,West,Laptop,Electronics,50000,41000,1,0.0,40,50000,50000.0,41040,8960.0,2025-01,None
O01125,2025-01-28,C0274,North,Pen Set,Stationery,250,110,1,0.0,70,250,250.0,180,70.0,2025-01,None
O01950,2025-01-28,C1404,North,Keyboard,Electronics,1800,1000,3,0.3,70,5400,3780.0,3070,710.0,2025-01,High (>10%)
O02586,2025-01-28,C2073,West,Desk,Furniture,9000,6300,2,0.0,70,18000,18000.0,12670,5330.0,2025-01,None
O02947,2025-01-28,C2039,North,Desk,Furniture,9000,6300,1,0.1,70,9000,8100.0,6370,1730.0,2025-01,Low (1-10%)
O03160,2025-01-28,C0918,West,Pen Set,Stationery,250,110,1,0.0,150,250,250.0,260,-10.0,2025-01,None
O03552,2025-01-28,C1070,South,Desk,Furniture,9000,6300,4,0.1,100,36000,32400.0,25300,7100.0,2025-01,Low (1-10%)
O03705,2025-01-28,C0464,South,Backpack,Accessories,1800,850,1,0.0,150,1800,1800.0,1000,800.0,2025-01,None
O05624,2025-01-28,C2481,East,Pen Set,Stationery,250,110,4,0.1,100,1000,900.0,540,360.0,2025-01,Low (1-10%)
O05679,2025-01-28,C1432,North,Desk,Furniture,9000,6300,3,0.0,70,27000,27000.0,18970,8030.0,2025-01,None
O05916,2025-01-28,C1627,North,Laptop,Electronics,50000,41000,4,0.3,100,200000,140000.0,164100,-24100.0,2025-01,High (>10%)
O05933,2025-01-28,C2350,West,Keyboard,Electronics,1800,1000,4,0.1,70,7200,6480.0,4070,2410.0,2025-01,Low (1-10%)
O00329,2025-01-29,C0698,North,Headphones,Electronics,2500,1350,2,0.0,40,5000,5000.0,2740,2260.0,2025-01,None
O00522,2025-01-29,C2213,East,Headphones,Electronics,2500,1350,2,0.0,100,5000,5000.0,2800,2200.0,2025-01,None
O00919,2025-01-29,C0229,North,Keyboard,Electronics,1800,1000,4,0.0,150,7200,7200.0,4150,3050.0,2025-01,None
O01556,2025-01-29,C1370,West,Headphones,Electronics,2500,1350,4,0.0,150,10000,10000.0,5550,4450.0,2025-01,None
O01605,2025-01-29,C0739,South,Laptop,Electronics,50000,41000,2,0.0,70,100000,100000.0,82070,17930.0,2025-01,None
O01635,2025-01-29,C1464,East,Office Chair,Furniture,6500,4300,2,0.2,70,13000,10400.0,8670,1730.0,2025-01,High (>10%)
O01671,2025-01-29,C2289,North,Pen Set,Stationery,250,110,4,0.0,70,1000,1000.0,510,490.0,2025-01,None
O02275,2025-01-29,C1221,North,Headphones,Electronics,2500,1350,3,0.2,100,7500,6000.0,4150,1850.0,2025-01,High (>10%)
O02299,2025-01-29,C0768,East,Headphones,Electronics,2500,1350,3,0.3,150,7500,5250.0,4200,1050.0,2025-01,High (>10%)
O03156,2025-01-29,C0071,North,Pen Set,Stationery,250,110,1,0.0,100,250,250.0,210,40.0,2025-01,None
O03358,2025-01-29,C2279,North,Backpack,Accessories,1800,850,4,0.1,100,7200,6480.0,3500,2980.0,2025-01,Low (1-10%)
O04025,2025-01-29,C0216,North,Office Chair,Furniture,6500,4300,4,0.1,40,26000,23400.0,17240,6160.0,2025-01,Low (1-10%)
O04293,2025-01-29,C2308,East,Office Chair,Furniture,6500,4300,1,0.0,40,6500,6500.0,4340,2160.0,2025-01,None
O04319,2025-01-29,C0656,East,Pen Set,Stationery,250,110,1,0.0,150,250,250.0,260,-10.0,2025-01,None
O04635,2025-01-29,C0234,East,Laptop,Electronics,50000,41000,1,0.1,70,50000,45000.0,41070,3930.0,2025-01,Low (1-10%)
O04724,2025-01-29,C2253,East,Laptop,Electronics,50000,41000,1,0.05,70,50000,47500.0,41070,6430.0,2025-01,Low (1-10%)
O05749,2025-01-29,C0968,West,Backpack,Accessories,1800,850,1,0.05,100,1800,1710.0,950,760.0,2025-01,Low (1-10%)
O00018,2025-01-30,C1958,South,Headphones,Electronics,2500,1350,2,0.05,70,5000,4750.0,2770,1980.0,2025-01,Low (1-10%)
O00372,2025-01-30,C1821,North,Notebook,Stationery,150,65,2,0.0,40,300,300.0,170,130.0,2025-01,None
O00667,2025-01-30,C1164,West,Desk,Furniture,9000,6300,2,0.0,70,18000,18000.0,12670,5330.0,2025-01,None
O00965,2025-01-30,C2479,North,Backpack,Accessories,1800,850,1,0.05,70,1800,1710.0,920,790.0,2025-01,Low (1-10%)
O01411,2025-01-30,C2227,South,Laptop,Electronics,50000,41000,4,0.2,150,200000,160000.0,164150,-4150.0,2025-01,High (>10%)
O01720,2025-01-30,C0281,South,Desk,Furniture,9000,6300,4,0.05,40,36000,34200.0,25240,8960.0,2025-01,Low (1-10%)
O01986,2025-01-30,C2268,North,Pen Set,Stationery,250,110,1,0.05,70,250,237.5,180,57.5,2025-01,Low (1-10%)
O02382,2025-01-30,C1317,North,Office Chair,Furniture,6500,4300,2,0.1,40,13000,11700.0,8640,3060.0,2025-01,Low (1-10%)
O03556,2025-01-30,C2185,South,Office Chair,Furniture,6500,4300,2,0.1,70,13000,11700.0,8670,3030.0,2025-01,Low (1-10%)
O03613,2025-01-30,C1303,North,Desk,Furniture,9000,6300,2,0.1,70,18000,16200.0,12670,3530.0,2025-01,Low (1-10%)
O03917,2025-01-30,C1048,South,Laptop,Electronics,50000,41000,2,0.05,150,100000,95000.0,82150,12850.0,2025-01,Low (1-10%)
O04171,2025-01-30,C1347,West,Keyboard,Electronics,1800,1000,3,0.3,70,5400,3780.0,3070,710.0,2025-01,High (>10%)
O05257,2025-01-30,C0639,North,Laptop,Electronics,50000,41000,1,0.05,100,50000,47500.0,41100,6400.0,2025-01,Low (1-10%)
O05296,2025-01-30,C0620,West,Pen Set,Stationery,250,110,2,0.2,150,500,400.0,370,30.0,2025-01,High (>10%)
O05522,2025-01-30,C1489,South,Notebook,Stationery,150,65,3,0.1,100,450,405.0,295,110.0,2025-01,Low (1-10%)
O05923,2025-01-30,C2448,South,Notebook,Stationery,150,65,2,0.1,100,300,270.0,230,40.0,2025-01,Low (1-10%)
O00010,2025-01-31,C0153,North,Laptop,Electronics,50000,41000,2,0.0,70,100000,100000.0,82070,17930.0,2025-01,None
O00194,2025-01-31,C0163,North,Keyboard,Electronics,1800,1000,3,0.05,150,5400,5130.0,3150,1980.0,2025-01,Low (1-10%)
O00609,2025-01-31,C0847,West,Backpack,Accessories,1800,850,1,0.3,40,1800,1260.0,890,370.0,2025-01,High (>10%)
O01312,2025-01-31,C0943,South,Keyboard,Electronics,1800,1000,3,0.2,100,5400,4320.0,3100,1220.0,2025-01,High (>10%)
O01502,2025-01-31,C0043,North,Keyboard,Electronics,1800,1000,1,0.0,40,1800,1800.0,1040,760.0,2025-01,None
O02099,2025-01-31,C1213,North,Pen Set,Stationery,250,110,3,0.0,70,750,750.0,400,350.0,2025-01,None
O02433,2025-01-31,C2277,East,Headphones,Electronics,2500,1350,4,0.1,40,10000,9000.0,5440,3560.0,2025-01,Low (1-10%)
O02582,2025-01-31,C0921,East,Office Chair,Furniture,6500,4300,2,0.05,100,13000,12350.0,8700,3650.0,2025-01,Low (1-10%)
O02687,2025-01-31,C0599,North,Headphones,Electronics,2500,1350,1,0.3,150,2500,1750.0,1500,250.0,2025-01,High (>10%)
O02747,2025-01-31,C0178,North,Headphones,Electronics,2500,1350,4,0.0,40,10000,10000.0,5440,4560.0,2025-01,None
O03042,2025-01-31,C0148,West,Keyboard,Electronics,1800,1000,4,0.05,40,7200,6840.0,4040,2800.0,2025-01,Low (1-10%)
O03328,2025-01-31,C2339,North,Headphones,Electronics,2500,1350,3,0.2,150,7500,6000.0,4200,1800.0,2025-01,High (>10%)
O04229,2025-01-31,C2324,North,Keyboard,Electronics,1800,1000,4,0.0,100,7200,7200.0,4100,3100.0,2025-01,None
O05235,2025-01-31,C0960,North,Office Chair,Furniture,6500,4300,3,0.2,150,19500,15600.0,13050,2550.0,2025-01,High (>10%)
O05780,2025-01-31,C0091,North,Headphones,Electronics,2500,1350,2,0.05,100,5000,4750.0,2800,1950.0,2025-01,Low (1-10%)
O00157,2025-02-01,C2223,South,Headphones,Electronics,2500,1350,4,0.1,150,10000,9000.0,5550,3450.0,2025-02,Low (1-10%)
O00413,2025-02-01,C0969,North,Keyboard,Electronics,1800,1000,2,0.3,100,3600,2520.0,2100,420.0,2025-02,High (>10%)
O00638,2025-02-01,C1222,West,Keyboard,Electronics,1800,1000,2,0.2,100,3600,2880.0,2100,780.0,2025-02,High (>10%)
O00854,2025-02-01,C0287,North,Headphones,Electronics,2500,1350,4,0.1,40,10000,9000.0,5440,3560.0,2025-02,Low (1-10%)
O01188,2025-02-01,C2009,South,Desk,Furniture,9000,6300,2,0.2,150,18000,14400.0,12750,1650.0,2025-02,High (>10%)
O01403,2025-02-01,C0749,South,Keyboard,Electronics,1800,1000,2,0.2,70,3600,2880.0,2070,810.0,2025-02,High (>10%)
O01562,2025-02-01,C0952,South,Keyboard,Electronics,1800,1000,1,0.2,100,1800,1440.0,1100,340.0,2025-02,High (>10%)
O01775,2025-02-01,C1760,North,Pen Set,Stationery,250,110,2,0.0,40,500,500.0,260,240.0,2025-02,None
O01962,2025-02-01,C2423,North,Backpack,Accessories,1800,850,1,0.0,70,1800,1800.0,920,880.0,2025-02,None
O02431,2025-02-01,C2173,North,Headphones,Electronics,2500,1350,4,0.0,40,10000,10000.0,5440,4560.0,2025-02,None
O03143,2025-02-01,C0327,West,Office Chair,Furniture,6500,4300,3,0.3,40,19500,13650.0,12940,710.0,2025-02,High (>10%)
O03414,2025-02-01,C0453,West,Laptop,Electronics,50000,41000,2,0.1,40,100000,90000.0,82040,7960.0,2025-02,Low (1-10%)
O03535,2025-02-01,C0308,South,Laptop,Electronics,50000,41000,4,0.05,40,200000,190000.0,164040,25960.0,2025-02,Low (1-10%)
O03710,2025-02-01,C0654,North,Pen Set,Stationery,250,110,4,0.2,100,1000,800.0,540,260.0,2025-02,High (>10%)
O04642,2025-02-01,C0092,East,Laptop,Electronics,50000,41000,1,0.05,150,50000,47500.0,41150,6350.0,2025-02,Low (1-10%)
O04774,2025-02-01,C2434,South,Backpack,Accessories,1800,850,3,0.0,100,5400,5400.0,2650,2750.0,2025-02,None
O05025,2025-02-01,C1948,South,Pen Set,Stationery,250,110,2,0.05,70,500,475.0,290,185.0,2025-02,Low (1-10%)
O05383,2025-02-01,C1426,East,Office Chair,Furniture,6500,4300,2,0.05,150,13000,12350.0,8750,3600.0,2025-02,Low (1-10%)
O05510,2025-02-01,C0344,West,Backpack,Accessories,1800,850,2,0.2,40,3600,2880.0,1740,1140.0,2025-02,High (>10%)
O05560,2025-02-01,C0594,South,Headphones,Electronics,2500,1350,2,0.05,40,5000,4750.0,2740,2010.0,2025-02,Low (1-10%)
O05915,2025-02-01,C1927,North,Desk,Furniture,9000,6300,4,0.0,70,36000,36000.0,25270,10730.0,2025-02,None
O00513,2025-02-02,C2468,North,Pen Set,Stationery,250,110,2,0.3,100,500,350.0,320,30.0,2025-02,High (>10%)
O00578,2025-02-02,C0837,East,Desk,Furniture,9000,6300,4,0.0,150,36000,36000.0,25350,10650.0,2025-02,None
O01490,2025-02-02,C0238,East,Desk,Furniture,9000,6300,1,0.3,40,9000,6300.0,6340,-40.0,2025-02,High (>10%)
O01526,2025-02-02,C2275,South,Laptop,Electronics,50000,41000,2,0.2,40,100000,80000.0,82040,-2040.0,2025-02,High (>10%)
O01932,2025-02-02,C1413,West,Office Chair,Furniture,6500,4300,4,0.1,100,26000,23400.0,17300,6100.0,2025-02,Low (1-10%)
O02038,2025-02-02,C0068,South,Laptop,Electronics,50000,41000,3,0.05,40,150000,142500.0,123040,19460.0,2025-02,Low (1-10%)
O03072,2025-02-02,C2404,North,Office Chair,Furniture,6500,4300,1,0.0,70,6500,6500.0,4370,2130.0,2025-02,None
O04304,2025-02-02,C1302,West,Laptop,Electronics,50000,41000,1,0.05,40,50000,47500.0,41040,6460.0,2025-02,Low (1-10%)
O04963,2025-02-02,C2078,West,Backpack,Accessories,1800,850,4,0.05,70,7200,6840.0,3470,3370.0,2025-02,Low (1-10%)
O05411,2025-02-02,C0348,South,Laptop,Electronics,50000,41000,4,0.2,100,200000,160000.0,164100,-4100.0,2025-02,High (>10%)
O05571,2025-02-02,C0342,West,Pen Set,Stationery,250,110,3,0.3,100,750,525.0,430,95.0,2025-02,High (>10%)
O00036,2025-02-03,C2059,North,Laptop,Electronics,50000,41000,4,0.0,40,200000,200000.0,164040,35960.0,2025-02,None
O00655,2025-02-03,C1869,West,Desk,Furniture,9000,6300,4,0.2,40,36000,28800.0,25240,3560.0,2025-02,High (>10%)
O00931,2025-02-03,C1020,North,Desk,Furniture,9000,6300,2,0.2,40,18000,14400.0,12640,1760.0,2025-02,High (>10%)
O01369,2025-02-03,C1358,South,Backpack,Accessories,1800,850,1,0.2,40,1800,1440.0,890,550.0,2025-02,High (>10%)
O01386,2025-02-03,C2231,South,Headphones,Electronics,2500,1350,2,0.2,40,5000,4000.0,2740,1260.0,2025-02,High (>10%)
O01896,2025-02-03,C1786,West,Pen Set,Stationery,250,110,2,0.2,70,500,400.0,290,110.0,2025-02,High (>10%)
O02407,2025-02-03,C1348,East,Keyboard,Electronics,1800,1000,3,0.1,100,5400,4860.0,3100,1760.0,2025-02,Low (1-10%)
O02549,2025-02-03,C2114,North,Office Chair,Furniture,6500,4300,1,0.1,150,6500,5850.0,4450,1400.0,2025-02,Low (1-10%)
O02999,2025-02-03,C1175,West,Office Chair,Furniture,6500,4300,2,0.2,100,13000,10400.0,8700,1700.0,2025-02,High (>10%)
O04459,2025-02-03,C1090,South,Laptop,Electronics,50000,41000,2,0.0,40,100000,100000.0,82040,17960.0,2025-02,None
O04501,2025-02-03,C1297,West,Notebook,Stationery,150,65,3,0.1,100,450,405.0,295,110.0,2025-02,Low (1-10%)
O04600,2025-02-03,C0862,East,Notebook,Stationery,150,65,1,0.1,40,150,135.0,105,30.0,2025-02,Low (1-10%)
O04872,2025-02-03,C1961,South,Backpack,Accessories,1800,850,4,0.1,70,7200,6480.0,3470,3010.0,2025-02,Low (1-10%)
O05081,2025-02-03,C0177,South,Keyboard,Electronics,1800,1000,4,0.1,70,7200,6480.0,4070,2410.0,2025-02,Low (1-10%)
O05991,2025-02-03,C2057,West,Laptop,Electronics,50000,41000,1,0.1,150,50000,45000.0,41150,3850.0,2025-02,Low (1-10%)
O00396,2025-02-04,C0372,East,Pen Set,Stationery,250,110,1,0.2,150,250,200.0,260,-60.0,2025-02,High (>10%)
O00420,2025-02-04,C2116,West,Desk,Furniture,9000,6300,4,0.0,40,36000,36000.0,25240,10760.0,2025-02,None
O00568,2025-02-04,C0217,West,Headphones,Electronics,2500,1350,4,0.0,40,10000,10000.0,5440,4560.0,2025-02,None
O01372,2025-02-04,C0883,North,Keyboard,Electronics,1800,1000,2,0.3,100,3600,2520.0,2100,420.0,2025-02,High (>10%)
O01859,2025-02-04,C0123,East,Desk,Furniture,9000,6300,2,0.3,40,18000,12600.0,12640,-40.0,2025-02,High (>10%)
O01880,2025-02-04,C0678,East,Laptop,Electronics,50000,41000,1,0.1,70,50000,45000.0,41070,3930.0,2025-02,Low (1-10%)
O01994,2025-02-04,C1838,North,Notebook,Stationery,150,65,4,0.0,70,600,600.0,330,270.0,2025-02,None
O02212,2025-02-04,C0112,East,Pen Set,Stationery,250,110,2,0.1,100,500,450.0,320,130.0,2025-02,Low (1-10%)
O02941,2025-02-04,C0849,South,Notebook,Stationery,150,65,4,0.2,40,600,480.0,300,180.0,2025-02,High (>10%)
O05869,2025-02-04,C1568,South,Backpack,Accessories,1800,850,2,0.0,70,3600,3600.0,1770,1830.0,2025-02,None
O00104,2025-02-05,C1363,East,Laptop,Electronics,50000,41000,4,0.05,150,200000,190000.0,164150,25850.0,2025-02,Low (1-10%)
O00149,2025-02-05,C0256,South,Pen Set,Stationery,250,110,1,0.2,150,250,200.0,260,-60.0,2025-02,High (>10%)
O00266,2025-02-05,C1813,East,Desk,Furniture,9000,6300,4,0.1,150,36000,32400.0,25350,7050.0,2025-02,Low (1-10%)
O00334,2025-02-05,C1507,East,Pen Set,Stationery,250,110,1,0.3,150,250,175.0,260,-85.0,2025-02,High (>10%)
O00637,2025-02-05,C2202,South,Headphones,Electronics,2500,1350,4,0.2,150,10000,8000.0,5550,2450.0,2025-02,High (>10%)
O01813,2025-02-05,C0668,South,Notebook,Stationery,150,65,4,0.1,40,600,540.0,300,240.0,2025-02,Low (1-10%)
O02149,2025-02-05,C0624,North,Pen Set,Stationery,250,110,1,0.0,100,250,250.0,210,40.0,2025-02,None
O02395,2025-02-05,C1009,West,Office Chair,Furniture,6500,4300,1,0.3,100,6500,4550.0,4400,150.0,2025-02,High (>10%)
O04799,2025-02-05,C2212,North,Office Chair,Furniture,6500,4300,2,0.0,150,13000,13000.0,8750,4250.0,2025-02,None
O04940,2025-02-05,C0903,West,Keyboard,Electronics,1800,1000,1,0.0,100,1800,1800.0,1100,700.0,2025-02,None
O04955,2025-02-05,C1141,West,Office Chair,Furniture,6500,4300,1,0.1,70,6500,5850.0,4370,1480.0,2025-02,Low (1-10%)
O05404,2025-02-05,C1374,East,Desk,Furniture,9000,6300,4,0.3,40,36000,25200.0,25240,-40.0,2025-02,High (>10%)
O05438,2025-02-05,C1329,East,Laptop,Electronics,50000,41000,1,0.05,150,50000,47500.0,41150,6350.0,2025-02,Low (1-10%)
O05672,2025-02-05,C0205,North,Notebook,Stationery,150,65,4,0.0,40,600,600.0,300,300.0,2025-02,None
O00468,2025-02-06,C0565,East,Desk,Furniture,9000,6300,3,0.0,100,27000,27000.0,19000,8000.0,2025-02,None
O00820,2025-02-06,C0530,West,Backpack,Accessories,1800,850,1,0.2,150,1800,1440.0,1000,440.0,2025-02,High (>10%)
O01459,2025-02-06,C0181,South,Keyboard,Electronics,1800,1000,1,0.1,40,1800,1620.0,1040,580.0,2025-02,Low (1-10%)
O01589,2025-02-06,C0359,North,Pen Set,Stationery,250,110,4,0.05,40,1000,950.0,480,470.0,2025-02,Low (1-10%)
O01857,2025-02-06,C0271,East,Keyboard,Electronics,1800,1000,2,0.1,40,3600,3240.0,2040,1200.0,2025-02,Low (1-10%)
O02182,2025-02-06,C1200,North,Headphones,Electronics,2500,1350,2,0.1,100,5000,4500.0,2800,1700.0,2025-02,Low (1-10%)
O02295,2025-02-06,C0875,South,Notebook,Stationery,150,65,1,0.0,70,150,150.0,135,15.0,2025-02,None
O02867,2025-02-06,C1597,South,Keyboard,Electronics,1800,1000,3,0.0,70,5400,5400.0,3070,2330.0,2025-02,None
O03079,2025-02-06,C0503,North,Headphones,Electronics,2500,1350,2,0.2,70,5000,4000.0,2770,1230.0,2025-02,High (>10%)
O03129,2025-02-06,C0219,North,Desk,Furniture,9000,6300,2,0.05,40,18000,17100.0,12640,4460.0,2025-02,Low (1-10%)
O03663,2025-02-06,C1119,South,Backpack,Accessories,1800,850,2,0.1,100,3600,3240.0,1800,1440.0,2025-02,Low (1-10%)
O04446,2025-02-06,C0820,North,Office Chair,Furniture,6500,4300,1,0.0,70,6500,6500.0,4370,2130.0,2025-02,None
O05022,2025-02-06,C0721,North,Office Chair,Furniture,6500,4300,4,0.05,150,26000,24700.0,17350,7350.0,2025-02,Low (1-10%)
O05126,2025-02-06,C2168,West,Notebook,Stationery,150,65,4,0.0,40,600,600.0,300,300.0,2025-02,None
O05440,2025-02-06,C0100,East,Desk,Furniture,9000,6300,2,0.1,150,18000,16200.0,12750,3450.0,2025-02,Low (1-10%)
O05698,2025-02-06,C1994,West,Pen Set,Stationery,250,110,1,0.1,70,250,225.0,180,45.0,2025-02,Low (1-10%)
O05705,2025-02-06,C0639,North,Keyboard,Electronics,1800,1000,3,0.0,100,5400,5400.0,3100,2300.0,2025-02,None
O00514,2025-02-07,C1628,West,Pen Set,Stationery,250,110,3,0.0,70,750,750.0,400,350.0,2025-02,None
O00567,2025-02-07,C1151,North,Headphones,Electronics,2500,1350,2,0.1,70,5000,4500.0,2770,1730.0,2025-02,Low (1-10%)
O00636,2025-02-07,C1767,North,Notebook,Stationery,150,65,1,0.2,40,150,120.0,105,15.0,2025-02,High (>10%)
O00688,2025-02-07,C1130,West,Desk,Furniture,9000,6300,1,0.1,150,9000,8100.0,6450,1650.0,2025-02,Low (1-10%)
O00889,2025-02-07,C2131,North,Laptop,Electronics,50000,41000,2,0.1,40,100000,90000.0,82040,7960.0,2025-02,Low (1-10%)
O02400,2025-02-07,C1732,West,Notebook,Stationery,150,65,2,0.1,40,300,270.0,170,100.0,2025-02,Low (1-10%)
O02662,2025-02-07,C0529,South,Pen Set,Stationery,250,110,2,0.05,150,500,475.0,370,105.0,2025-02,Low (1-10%)
O03839,2025-02-07,C0781,South,Backpack,Accessories,1800,850,2,0.1,150,3600,3240.0,1850,1390.0,2025-02,Low (1-10%)
O03980,2025-02-07,C2144,West,Headphones,Electronics,2500,1350,3,0.0,70,7500,7500.0,4120,3380.0,2025-02,None
O04309,2025-02-07,C0564,North,Pen Set,Stationery,250,110,2,0.3,150,500,350.0,370,-20.0,2025-02,High (>10%)
O04442,2025-02-07,C0777,North,Keyboard,Electronics,1800,1000,4,0.2,100,7200,5760.0,4100,1660.0,2025-02,High (>10%)
O04448,2025-02-07,C2303,North,Headphones,Electronics,2500,1350,2,0.2,40,5000,4000.0,2740,1260.0,2025-02,High (>10%)
O04498,2025-02-07,C0979,South,Office Chair,Furniture,6500,4300,2,0.1,40,13000,11700.0,8640,3060.0,2025-02,Low (1-10%)
O05591,2025-02-07,C0942,West,Laptop,Electronics,50000,41000,3,0.1,100,150000,135000.0,123100,11900.0,2025-02,Low (1-10%)
O00560,2025-02-08,C0149,East,Pen Set,Stationery,250,110,4,0.2,40,1000,800.0,480,320.0,2025-02,High (>10%)
O01262,2025-02-08,C1694,West,Backpack,Accessories,1800,850,3,0.1,100,5400,4860.0,2650,2210.0,2025-02,Low (1-10%)
O01559,2025-02-08,C1255,West,Backpack,Accessories,1800,850,1,0.2,40,1800,1440.0,890,550.0,2025-02,High (>10%)
O01809,2025-02-08,C0181,North,Laptop,Electronics,50000,41000,3,0.0,40,150000,150000.0,123040,26960.0,2025-02,None
O01918,2025-02-08,C0912,East,Office Chair,Furniture,6500,4300,2,0.3,100,13000,9100.0,8700,400.0,2025-02,High (>10%)
O02167,2025-02-08,C2203,North,Keyboard,Electronics,1800,1000,1,0.0,40,1800,1800.0,1040,760.0,2025-02,None
O02374,2025-02-08,C0652,West,Office Chair,Furniture,6500,4300,3,0.05,40,19500,18525.0,12940,5585.0,2025-02,Low (1-10%)
O02406,2025-02-08,C0015,South,Pen Set,Stationery,250,110,2,0.3,100,500,350.0,320,30.0,2025-02,High (>10%)
O02769,2025-02-08,C1317,North,Office Chair,Furniture,6500,4300,1,0.0,40,6500,6500.0,4340,2160.0,2025-02,None
O03218,2025-02-08,C0807,South,Office Chair,Furniture,6500,4300,1,0.2,150,6500,5200.0,4450,750.0,2025-02,High (>10%)
O03219,2025-02-08,C1958,West,Backpack,Accessories,1800,850,1,0.2,40,1800,1440.0,890,550.0,2025-02,High (>10%)
O03331,2025-02-08,C1515,North,Desk,Furniture,9000,6300,1,0.1,70,9000,8100.0,6370,1730.0,2025-02,Low (1-10%)
O04157,2025-02-08,C1296,South,Notebook,Stationery,150,65,3,0.0,100,450,450.0,295,155.0,2025-02,None
O04245,2025-02-08,C2324,North,Keyboard,Electronics,1800,1000,1,0.2,40,1800,1440.0,1040,400.0,2025-02,High (>10%)
O04926,2025-02-08,C1646,South,Laptop,Electronics,50000,41000,4,0.05,40,200000,190000.0,164040,25960.0,2025-02,Low (1-10%)
O05379,2025-02-08,C0224,West,Office Chair,Furniture,6500,4300,3,0.05,100,19500,18525.0,13000,5525.0,2025-02,Low (1-10%)
O05384,2025-02-08,C0817,North,Office Chair,Furniture,6500,4300,1,0.0,70,6500,6500.0,4370,2130.0,2025-02,None
O05430,2025-02-08,C0010,East,Pen Set,Stationery,250,110,3,0.0,100,750,750.0,430,320.0,2025-02,None
O05691,2025-02-08,C0047,West,Keyboard,Electronics,1800,1000,3,0.05,100,5400,5130.0,3100,2030.0,2025-02,Low (1-10%)
O05824,2025-02-08,C1252,West,Headphones,Electronics,2500,1350,3,0.0,150,7500,7500.0,4200,3300.0,2025-02,None
O00418,2025-02-09,C0079,East,Laptop,Electronics,50000,41000,2,0.1,40,100000,90000.0,82040,7960.0,2025-02,Low (1-10%)
O01054,2025-02-09,C0757,South,Backpack,Accessories,1800,850,2,0.1,70,3600,3240.0,1770,1470.0,2025-02,Low (1-10%)
O01339,2025-02-09,C2217,South,Pen Set,Stationery,250,110,4,0.2,40,1000,800.0,480,320.0,2025-02,High (>10%)
O01645,2025-02-09,C0802,East,Headphones,Electronics,2500,1350,2,0.0,40,5000,5000.0,2740,2260.0,2025-02,None
O02988,2025-02-09,C0271,North,Pen Set,Stationery,250,110,3,0.0,70,750,750.0,400,350.0,2025-02,None
O03250,2025-02-09,C1044,South,Office Chair,Furniture,6500,4300,1,0.2,100,6500,5200.0,4400,800.0,2025-02,High (>10%)
O03316,2025-02-09,C1942,South,Pen Set,Stationery,250,110,1,0.1,70,250,225.0,180,45.0,2025-02,Low (1-10%)
O03774,2025-02-09,C0746,North,Headphones,Electronics,2500,1350,3,0.0,70,7500,7500.0,4120,3380.0,2025-02,None
O03775,2025-02-09,C0908,South,Office Chair,Furniture,6500,4300,1,0.05,70,6500,6175.0,4370,1805.0,2025-02,Low (1-10%)
O03961,2025-02-09,C1715,North,Backpack,Accessories,1800,850,4,0.0,150,7200,7200.0,3550,3650.0,2025-02,None
O04391,2025-02-09,C0375,West,Headphones,Electronics,2500,1350,2,0.0,100,5000,5000.0,2800,2200.0,2025-02,None
O04476,2025-02-09,C1301,South,Keyboard,Electronics,1800,1000,3,0.05,100,5400,5130.0,3100,2030.0,2025-02,Low (1-10%)
O04485,2025-02-09,C0443,South,Office Chair,Furniture,6500,4300,2,0.1,100,13000,11700.0,8700,3000.0,2025-02,Low (1-10%)
O05153,2025-02-09,C1699,West,Keyboard,Electronics,1800,1000,4,0.05,40,7200,6840.0,4040,2800.0,2025-02,Low (1-10%)
O05275,2025-02-09,C1861,South,Desk,Furniture,9000,6300,2,0.1,100,18000,16200.0,12700,3500.0,2025-02,Low (1-10%)
O05982,2025-02-09,C2206,East,Pen Set,Stationery,250,110,1,0.1,70,250,225.0,180,45.0,2025-02,Low (1-10%)
O00016,2025-02-10,C2136,West,Pen Set,Stationery,250,110,4,0.1,150,1000,900.0,590,310.0,2025-02,Low (1-10%)
O00464,2025-02-10,C1225,North,Office Chair,Furniture,6500,4300,4,0.05,70,26000,24700.0,17270,7430.0,2025-02,Low (1-10%)
O00796,2025-02-10,C0389,East,Keyboard,Electronics,1800,1000,2,0.3,40,3600,2520.0,2040,480.0,2025-02,High (>10%)
O00847,2025-02-10,C1034,West,Headphones,Electronics,2500,1350,1,0.2,70,2500,2000.0,1420,580.0,2025-02,High (>10%)
O01046,2025-02-10,C0112,South,Headphones,Electronics,2500,1350,2,0.2,150,5000,4000.0,2850,1150.0,2025-02,High (>10%)
O01491,2025-02-10,C0896,North,Keyboard,Electronics,1800,1000,3,0.05,40,5400,5130.0,3040,2090.0,2025-02,Low (1-10%)
O01746,2025-02-10,C1095,South,Backpack,Accessories,1800,850,1,0.1,100,1800,1620.0,950,670.0,2025-02,Low (1-10%)
O01909,2025-02-10,C1072,West,Laptop,Electronics,50000,41000,1,0.3,40,50000,35000.0,41040,-6040.0,2025-02,High (>10%)
O02890,2025-02-10,C0121,North,Headphones,Electronics,2500,1350,1,0.1,100,2500,2250.0,1450,800.0,2025-02,Low (1-10%)
O02951,2025-02-10,C1118,West,Laptop,Electronics,50000,41000,4,0.3,100,200000,140000.0,164100,-24100.0,2025-02,High (>10%)
O02976,2025-02-10,C0049,North,Office Chair,Furniture,6500,4300,4,0.2,40,26000,20800.0,17240,3560.0,2025-02,High (>10%)
O03315,2025-02-10,C2485,East,Office Chair,Furniture,6500,4300,3,0.2,100,19500,15600.0,13000,2600.0,2025-02,High (>10%)
O03354,2025-02-10,C0664,East,Notebook,Stationery,150,65,4,0.1,150,600,540.0,410,130.0,2025-02,Low (1-10%)
O03500,2025-02-10,C2030,North,Office Chair,Furniture,6500,4300,3,0.1,100,19500,17550.0,13000,4550.0,2025-02,Low (1-10%)
O04061,2025-02-10,C0042,South,Headphones,Electronics,2500,1350,4,0.05,100,10000,9500.0,5500,4000.0,2025-02,Low (1-10%)
O04572,2025-02-10,C0420,North,Laptop,Electronics,50000,41000,1,0.05,40,50000,47500.0,41040,6460.0,2025-02,Low (1-10%)
O04823,2025-02-10,C0353,South,Backpack,Accessories,1800,850,1,0.05,70,1800,1710.0,920,790.0,2025-02,Low (1-10%)
O04924,2025-02-10,C1639,West,Notebook,Stationery,150,65,2,0.1,100,300,270.0,230,40.0,2025-02,Low (1-10%)
O05030,2025-02-10,C0986,East,Headphones,Electronics,2500,1350,3,0.0,150,7500,7500.0,4200,3300.0,2025-02,None
O05751,2025-02-10,C2029,North,Backpack,Accessories,1800,850,3,0.3,40,5400,3780.0,2590,1190.0,2025-02,High (>10%)
O00047,2025-02-11,C1610,North,Office Chair,Furniture,6500,4300,2,0.0,100,13000,13000.0,8700,4300.0,2025-02,None
O00164,2025-02-11,C0083,South,Office Chair,Furniture,6500,4300,3,0.2,150,19500,15600.0,13050,2550.0,2025-02,High (>10%)
O00490,2025-02-11,C0418,West,Desk,Furniture,9000,6300,4,0.0,70,36000,36000.0,25270,10730.0,2025-02,None
O01098,2025-02-11,C1805,West,Pen Set,Stationery,250,110,3,0.05,150,750,712.5,480,232.5,2025-02,Low (1-10%)
O01175,2025-02-11,C0078,North,Laptop,Electronics,50000,41000,3,0.2,100,150000,120000.0,123100,-3100.0,2025-02,High (>10%)
O01285,2025-02-11,C1486,North,Office Chair,Furniture,6500,4300,2,0.0,70,13000,13000.0,8670,4330.0,2025-02,None
O01901,2025-02-11,C2459,North,Desk,Furniture,9000,6300,1,0.05,70,9000,8550.0,6370,2180.0,2025-02,Low (1-10%)
O02428,2025-02-11,C1504,North,Office Chair,Furniture,6500,4300,1,0.2,70,6500,5200.0,4370,830.0,2025-02,High (>10%)
O03030,2025-02-11,C1791,South,Backpack,Accessories,1800,850,1,0.1,40,1800,1620.0,890,730.0,2025-02,Low (1-10%)
O03071,2025-02-11,C1828,East,Office Chair,Furniture,6500,4300,1,0.2,40,6500,5200.0,4340,860.0,2025-02,High (>10%)
O05006,2025-02-11,C0405,West,Backpack,Accessories,1800,850,1,0.3,70,1800,1260.0,920,340.0,2025-02,High (>10%)
O05270,2025-02-11,C0270,South,Desk,Furniture,9000,6300,4,0.3,40,36000,25200.0,25240,-40.0,2025-02,High (>10%)
O05588,2025-02-11,C1861,North,Backpack,Accessories,1800,850,1,0.1,70,1800,1620.0,920,700.0,2025-02,Low (1-10%)
O05647,2025-02-11,C1883,North,Backpack,Accessories,1800,850,2,0.0,40,3600,3600.0,1740,1860.0,2025-02,None
O05861,2025-02-11,C2183,North,Desk,Furniture,9000,6300,1,0.0,70,9000,9000.0,6370,2630.0,2025-02,None
O00621,2025-02-12,C2145,North,Office Chair,Furniture,6500,4300,2,0.0,100,13000,13000.0,8700,4300.0,2025-02,None
O00704,2025-02-12,C2299,North,Headphones,Electronics,2500,1350,3,0.0,70,7500,7500.0,4120,3380.0,2025-02,None
O02394,2025-02-12,C0327,South,Headphones,Electronics,2500,1350,3,0.1,70,7500,6750.0,4120,2630.0,2025-02,Low (1-10%)
O03732,2025-02-12,C1161,North,Pen Set,Stationery,250,110,2,0.2,150,500,400.0,370,30.0,2025-02,High (>10%)
O04189,2025-02-12,C1101,North,Laptop,Electronics,50000,41000,1,0.0,70,50000,50000.0,41070,8930.0,2025-02,None
O04230,2025-02-12,C0318,East,Laptop,Electronics,50000,41000,2,0.3,40,100000,70000.0,82040,-12040.0,2025-02,High (>10%)
O05583,2025-02-12,C0585,South,Notebook,Stationery,150,65,2,0.05,40,300,285.0,170,115.0,2025-02,Low (1-10%)
O05781,2025-02-12,C0734,South,Headphones,Electronics,2500,1350,3,0.1,40,7500,6750.0,4090,2660.0,2025-02,Low (1-10%)
O05794,2025-02-12,C0598,West,Backpack,Accessories,1800,850,4,0.0,150,7200,7200.0,3550,3650.0,2025-02,None
O00323,2025-02-13,C0015,North,Desk,Furniture,9000,6300,4,0.2,40,36000,28800.0,25240,3560.0,2025-02,High (>10%)
O01591,2025-02-13,C0497,North,Notebook,Stationery,150,65,4,0.0,70,600,600.0,330,270.0,2025-02,None
O01748,2025-02-13,C0876,West,Office Chair,Furniture,6500,4300,3,0.05,70,19500,18525.0,12970,5555.0,2025-02,Low (1-10%)
O02117,2025-02-13,C2362,North,Backpack,Accessories,1800,850,3,0.05,70,5400,5130.0,2620,2510.0,2025-02,Low (1-10%)
O02130,2025-02-13,C0942,West,Keyboard,Electronics,1800,1000,2,0.0,100,3600,3600.0,2100,1500.0,2025-02,None
O02732,2025-02-13,C0229,South,Desk,Furniture,9000,6300,1,0.0,100,9000,9000.0,6400,2600.0,2025-02,None
O02744,2025-02-13,C2101,North,Backpack,Accessories,1800,850,3,0.0,40,5400,5400.0,2590,2810.0,2025-02,None
O03695,2025-02-13,C2299,South,Office Chair,Furniture,6500,4300,2,0.05,40,13000,12350.0,8640,3710.0,2025-02,Low (1-10%)
O03835,2025-02-13,C1351,North,Headphones,Electronics,2500,1350,4,0.05,40,10000,9500.0,5440,4060.0,2025-02,Low (1-10%)
O04108,2025-02-13,C1758,South,Pen Set,Stationery,250,110,2,0.0,40,500,500.0,260,240.0,2025-02,None
O04389,2025-02-13,C2111,South,Keyboard,Electronics,1800,1000,3,0.0,40,5400,5400.0,3040,2360.0,2025-02,None
O04789,2025-02-13,C1047,North,Keyboard,Electronics,1800,1000,1,0.1,100,1800,1620.0,1100,520.0,2025-02,Low (1-10%)
O05746,2025-02-13,C0041,West,Laptop,Electronics,50000,41000,2,0.1,100,100000,90000.0,82100,7900.0,2025-02,Low (1-10%)
O00501,2025-02-14,C0437,East,Laptop,Electronics,50000,41000,1,0.05,100,50000,47500.0,41100,6400.0,2025-02,Low (1-10%)
O02783,2025-02-14,C0501,South,Pen Set,Stationery,250,110,1,0.3,100,250,175.0,210,-35.0,2025-02,High (>10%)
O03028,2025-02-14,C1746,South,Notebook,Stationery,150,65,4,0.1,70,600,540.0,330,210.0,2025-02,Low (1-10%)
O03678,2025-02-14,C1854,East,Pen Set,Stationery,250,110,2,0.0,70,500,500.0,290,210.0,2025-02,None
O03816,2025-02-14,C2073,South,Laptop,Electronics,50000,41000,4,0.2,40,200000,160000.0,164040,-4040.0,2025-02,High (>10%)
O03822,2025-02-14,C2462,North,Laptop,Electronics,50000,41000,2,0.1,150,100000,90000.0,82150,7850.0,2025-02,Low (1-10%)
O04386,2025-02-14,C0285,South,Notebook,Stationery,150,65,2,0.0,70,300,300.0,200,100.0,2025-02,None
O04440,2025-02-14,C2030,North,Keyboard,Electronics,1800,1000,2,0.05,150,3600,3420.0,2150,1270.0,2025-02,Low (1-10%)
O04809,2025-02-14,C1718,East,Office Chair,Furniture,6500,4300,1,0.0,40,6500,6500.0,4340,2160.0,2025-02,None
O00261,2025-02-15,C0258,West,Pen Set,Stationery,250,110,2,0.1,150,500,450.0,370,80.0,2025-02,Low (1-10%)
O00308,2025-02-15,C0708,West,Desk,Furniture,9000,6300,1,0.0,150,9000,9000.0,6450,2550.0,2025-02,None
O00729,2025-02-15,C2362,East,Office Chair,Furniture,6500,4300,1,0.05,70,6500,6175.0,4370,1805.0,2025-02,Low (1-10%)
O01025,2025-02-15,C1951,North,Pen Set,Stationery,250,110,4,0.2,100,1000,800.0,540,260.0,2025-02,High (>10%)
O02070,2025-02-15,C0416,South,Office Chair,Furniture,6500,4300,2,0.0,40,13000,13000.0,8640,4360.0,2025-02,None
O02273,2025-02-15,C1416,West,Keyboard,Electronics,1800,1000,1,0.0,40,1800,1800.0,1040,760.0,2025-02,None
O02612,2025-02-15,C1132,South,Backpack,Accessories,1800,850,4,0.2,150,7200,5760.0,3550,2210.0,2025-02,High (>10%)
O02684,2025-02-15,C0713,West,Pen Set,Stationery,250,110,3,0.2,40,750,600.0,370,230.0,2025-02,High (>10%)
O03019,2025-02-15,C0078,South,Desk,Furniture,9000,6300,3,0.05,70,27000,25650.0,18970,6680.0,2025-02,Low (1-10%)
O03283,2025-02-15,C1808,West,Backpack,Accessories,1800,850,4,0.3,100,7200,5040.0,3500,1540.0,2025-02,High (>10%)
O03308,2025-02-15,C0102,West,Headphones,Electronics,2500,1350,2,0.0,70,5000,5000.0,2770,2230.0,2025-02,None
O03465,2025-02-15,C0375,West,Keyboard,Electronics,1800,1000,2,0.0,40,3600,3600.0,2040,1560.0,2025-02,None
O03708,2025-02-15,C1209,North,Pen Set,Stationery,250,110,3,0.2,150,750,600.0,480,120.0,2025-02,High (>10%)
O03723,2025-02-15,C2179,North,Pen Set,Stationery,250,110,3,0.0,150,750,750.0,480,270.0,2025-02,None
O04255,2025-02-15,C1947,East,Keyboard,Electronics,1800,1000,4,0.1,40,7200,6480.0,4040,2440.0,2025-02,Low (1-10%)
O04326,2025-02-15,C0582,South,Office Chair,Furniture,6500,4300,2,0.3,40,13000,9100.0,8640,460.0,2025-02,High (>10%)
O04338,2025-02-15,C0507,West,Keyboard,Electronics,1800,1000,3,0.05,150,5400,5130.0,3150,1980.0,2025-02,Low (1-10%)
O04371,2025-02-15,C0285,North,Desk,Furniture,9000,6300,1,0.0,70,9000,9000.0,6370,2630.0,2025-02,None
O05283,2025-02-15,C1288,East,Pen Set,Stationery,250,110,2,0.1,100,500,450.0,320,130.0,2025-02,Low (1-10%)
O05327,2025-02-15,C0859,South,Desk,Furniture,9000,6300,3,0.3,100,27000,18900.0,19000,-100.0,2025-02,High (>10%)
O05394,2025-02-15,C0375,West,Pen Set,Stationery,250,110,2,0.0,40,500,500.0,260,240.0,2025-02,None
O05737,2025-02-15,C1176,East,Keyboard,Electronics,1800,1000,1,0.3,100,1800,1260.0,1100,160.0,2025-02,High (>10%)
O00353,2025-02-16,C1317,South,Keyboard,Electronics,1800,1000,4,0.1,150,7200,6480.0,4150,2330.0,2025-02,Low (1-10%)
O01336,2025-02-16,C1193,West,Backpack,Accessories,1800,850,4,0.0,70,7200,7200.0,3470,3730.0,2025-02,None
O01576,2025-02-16,C1799,East,Keyboard,Electronics,1800,1000,2,0.0,40,3600,3600.0,2040,1560.0,2025-02,None
O02351,2025-02-16,C0349,North,Desk,Furniture,9000,6300,4,0.2,70,36000,28800.0,25270,3530.0,2025-02,High (>10%)
O02364,2025-02-16,C1092,South,Laptop,Electronics,50000,41000,3,0.0,40,150000,150000.0,123040,26960.0,2025-02,None
O02545,2025-02-16,C0863,South,Pen Set,Stationery,250,110,1,0.0,40,250,250.0,150,100.0,2025-02,None
O02565,2025-02-16,C1810,North,Office Chair,Furniture,6500,4300,2,0.2,70,13000,10400.0,8670,1730.0,2025-02,High (>10%)
O02682,2025-02-16,C1368,South,Laptop,Electronics,50000,41000,3,0.1,150,150000,135000.0,123150,11850.0,2025-02,Low (1-10%)
O03097,2025-02-16,C0710,South,Headphones,Electronics,2500,1350,4,0.3,150,10000,7000.0,5550,1450.0,2025-02,High (>10%)
O03306,2025-02-16,C1321,South,Keyboard,Electronics,1800,1000,4,0.0,70,7200,7200.0,4070,3130.0,2025-02,None
O03771,2025-02-16,C1641,South,Office Chair,Furniture,6500,4300,4,0.3,40,26000,18200.0,17240,960.0,2025-02,High (>10%)
O04537,2025-02-16,C1652,East,Laptop,Electronics,50000,41000,1,0.1,100,50000,45000.0,41100,3900.0,2025-02,Low (1-10%)
O04697,2025-02-16,C0469,North,Laptop,Electronics,50000,41000,2,0.1,150,100000,90000.0,82150,7850.0,2025-02,Low (1-10%)
O04835,2025-02-16,C2316,East,Backpack,Accessories,1800,850,1,0.3,40,1800,1260.0,890,370.0,2025-02,High (>10%)
O04952,2025-02-16,C0580,West,Laptop,Electronics,50000,41000,3,0.2,100,150000,120000.0,123100,-3100.0,2025-02,High (>10%)
O05152,2025-02-16,C1312,South,Desk,Furniture,9000,6300,3,0.3,150,27000,18900.0,19050,-150.0,2025-02,High (>10%)
O05738,2025-02-16,C1009,South,Backpack,Accessories,1800,850,3,0.05,70,5400,5130.0,2620,2510.0,2025-02,Low (1-10%)
O00071,2025-02-17,C0920,North,Pen Set,Stationery,250,110,1,0.1,70,250,225.0,180,45.0,2025-02,Low (1-10%)
O00189,2025-02-17,C0441,East,Headphones,Electronics,2500,1350,3,0.1,40,7500,6750.0,4090,2660.0,2025-02,Low (1-10%)
O00256,2025-02-17,C0014,North,Headphones,Electronics,2500,1350,1,0.05,40,2500,2375.0,1390,985.0,2025-02,Low (1-10%)
O00990,2025-02-17,C2120,South,Pen Set,Stationery,250,110,2,0.0,100,500,500.0,320,180.0,2025-02,None
O01204,2025-02-17,C0286,South,Pen Set,Stationery,250,110,1,0.1,40,250,225.0,150,75.0,2025-02,Low (1-10%)
O01601,2025-02-17,C1219,East,Keyboard,Electronics,1800,1000,3,0.05,100,5400,5130.0,3100,2030.0,2025-02,Low (1-10%)
O01655,2025-02-17,C1616,South,Headphones,Electronics,2500,1350,4,0.1,40,10000,9000.0,5440,3560.0,2025-02,Low (1-10%)
O01924,2025-02-17,C0440,South,Office Chair,Furniture,6500,4300,3,0.1,70,19500,17550.0,12970,4580.0,2025-02,Low (1-10%)
O01925,2025-02-17,C1951,North,Keyboard,Electronics,1800,1000,3,0.0,150,5400,5400.0,3150,2250.0,2025-02,None
O02568,2025-02-17,C0332,East,Notebook,Stationery,150,65,2,0.1,40,300,270.0,170,100.0,2025-02,Low (1-10%)
O02901,2025-02-17,C1342,North,Desk,Furniture,9000,6300,2,0.1,100,18000,16200.0,12700,3500.0,2025-02,Low (1-10%)
O03010,2025-02-17,C1332,South,Pen Set,Stationery,250,110,2,0.2,70,500,400.0,290,110.0,2025-02,High (>10%)
O03478,2025-02-17,C0230,South,Desk,Furniture,9000,6300,4,0.0,100,36000,36000.0,25300,10700.0,2025-02,None
O03711,2025-02-17,C1987,East,Keyboard,Electronics,1800,1000,4,0.2,40,7200,5760.0,4040,1720.0,2025-02,High (>10%)
O04081,2025-02-17,C1421,South,Backpack,Accessories,1800,850,2,0.1,150,3600,3240.0,1850,1390.0,2025-02,Low (1-10%)
O04882,2025-02-17,C1911,North,Backpack,Accessories,1800,850,1,0.3,40,1800,1260.0,890,370.0,2025-02,High (>10%)
O05303,2025-02-17,C1508,East,Headphones,Electronics,2500,1350,4,0.0,70,10000,10000.0,5470,4530.0,2025-02,None
O05328,2025-02-17,C2310,North,Headphones,Electronics,2500,1350,3,0.0,100,7500,7500.0,4150,3350.0,2025-02,None
O05437,2025-02-17,C0228,North,Office Chair,Furniture,6500,4300,4,0.0,70,26000,26000.0,17270,8730.0,2025-02,None
O05567,2025-02-17,C0335,East,Headphones,Electronics,2500,1350,1,0.0,150,2500,2500.0,1500,1000.0,2025-02,None
O00465,2025-02-18,C2408,West,Laptop,Electronics,50000,41000,1,0.2,100,50000,40000.0,41100,-1100.0,2025-02,High (>10%)
O00472,2025-02-18,C0188,North,Pen Set,Stationery,250,110,4,0.2,70,1000,800.0,510,290.0,2025-02,High (>10%)
O00489,2025-02-18,C0357,West,Pen Set,Stationery,250,110,2,0.1,100,500,450.0,320,130.0,2025-02,Low (1-10%)
O00579,2025-02-18,C0930,North,Backpack,Accessories,1800,850,2,0.3,70,3600,2520.0,1770,750.0,2025-02,High (>10%)
O00599,2025-02-18,C1087,East,Notebook,Stationery,150,65,1,0.0,40,150,150.0,105,45.0,2025-02,None
O00824,2025-02-18,C1897,South,Notebook,Stationery,150,65,3,0.1,70,450,405.0,265,140.0,2025-02,Low (1-10%)
O01798,2025-02-18,C1505,South,Headphones,Electronics,2500,1350,1,0.0,100,2500,2500.0,1450,1050.0,2025-02,None
O01915,2025-02-18,C2424,West,Keyboard,Electronics,1800,1000,1,0.0,70,1800,1800.0,1070,730.0,2025-02,None
O01975,2025-02-18,C2005,East,Desk,Furniture,9000,6300,1,0.0,70,9000,9000.0,6370,2630.0,2025-02,None
O01999,2025-02-18,C1296,South,Keyboard,Electronics,1800,1000,3,0.1,70,5400,4860.0,3070,1790.0,2025-02,Low (1-10%)
O02376,2025-02-18,C0813,North,Backpack,Accessories,1800,850,4,0.0,100,7200,7200.0,3500,3700.0,2025-02,None
O03191,2025-02-18,C2366,East,Laptop,Electronics,50000,41000,2,0.3,150,100000,70000.0,82150,-12150.0,2025-02,High (>10%)
O03356,2025-02-18,C2410,South,Office Chair,Furniture,6500,4300,2,0.0,100,13000,13000.0,8700,4300.0,2025-02,None
O03410,2025-02-18,C1069,South,Office Chair,Furniture,6500,4300,2,0.05,40,13000,12350.0,8640,3710.0,2025-02,Low (1-10%)
O04631,2025-02-18,C1270,North,Headphones,Electronics,2500,1350,2,0.1,70,5000,4500.0,2770,1730.0,2025-02,Low (1-10%)
O04851,2025-02-18,C0771,South,Backpack,Accessories,1800,850,1,0.05,150,1800,1710.0,1000,710.0,2025-02,Low (1-10%)
O04919,2025-02-18,C1758,South,Pen Set,Stationery,250,110,3,0.0,150,750,750.0,480,270.0,2025-02,None
O05057,2025-02-18,C2379,South,Backpack,Accessories,1800,850,2,0.05,40,3600,3420.0,1740,1680.0,2025-02,Low (1-10%)
O05318,2025-02-18,C1410,East,Laptop,Electronics,50000,41000,2,0.1,150,100000,90000.0,82150,7850.0,2025-02,Low (1-10%)
O05586,2025-02-18,C0827,South,Notebook,Stationery,150,65,2,0.1,100,300,270.0,230,40.0,2025-02,Low (1-10%)
O05820,2025-02-18,C0587,South,Desk,Furniture,9000,6300,4,0.2,150,36000,28800.0,25350,3450.0,2025-02,High (>10%)
O00575,2025-02-19,C0527,North,Laptop,Electronics,50000,41000,1,0.1,70,50000,45000.0,41070,3930.0,2025-02,Low (1-10%)
O00601,2025-02-19,C2043,South,Desk,Furniture,9000,6300,2,0.3,40,18000,12600.0,12640,-40.0,2025-02,High (>10%)
O00738,2025-02-19,C1384,North,Keyboard,Electronics,1800,1000,2,0.1,150,3600,3240.0,2150,1090.0,2025-02,Low (1-10%)
O01089,2025-02-19,C1670,North,Notebook,Stationery,150,65,4,0.0,100,600,600.0,360,240.0,2025-02,None
O02086,2025-02-19,C0214,West,Notebook,Stationery,150,65,1,0.1,100,150,135.0,165,-30.0,2025-02,Low (1-10%)
O02131,2025-02-19,C0314,North,Notebook,Stationery,150,65,1,0.05,70,150,142.5,135,7.5,2025-02,Low (1-10%)
O02485,2025-02-19,C1158,North,Keyboard,Electronics,1800,1000,3,0.2,70,5400,4320.0,3070,1250.0,2025-02,High (>10%)
O03234,2025-02-19,C0735,North,Laptop,Electronics,50000,41000,3,0.05,70,150000,142500.0,123070,19430.0,2025-02,Low (1-10%)
O03578,2025-02-19,C1352,West,Pen Set,Stationery,250,110,3,0.1,150,750,675.0,480,195.0,2025-02,Low (1-10%)
O03579,2025-02-19,C2461,North,Backpack,Accessories,1800,850,1,0.1,40,1800,1620.0,890,730.0,2025-02,Low (1-10%)
O03698,2025-02-19,C0538,East,Office Chair,Furniture,6500,4300,1,0.0,150,6500,6500.0,4450,2050.0,2025-02,None
O05099,2025-02-19,C1848,West,Backpack,Accessories,1800,850,1,0.1,40,1800,1620.0,890,730.0,2025-02,Low (1-10%)
O05465,2025-02-19,C1478,East,Headphones,Electronics,2500,1350,1,0.05,40,2500,2375.0,1390,985.0,2025-02,Low (1-10%)
O05815,2025-02-19,C0200,North,Desk,Furniture,9000,6300,3,0.1,40,27000,24300.0,18940,5360.0,2025-02,Low (1-10%)
O05963,2025-02-19,C2141,North,Pen Set,Stationery,250,110,2,0.1,40,500,450.0,260,190.0,2025-02,Low (1-10%)
O00125,2025-02-20,C0705,West,Pen Set,Stationery,250,110,3,0.1,100,750,675.0,430,245.0,2025-02,Low (1-10%)
O00450,2025-02-20,C1275,South,Keyboard,Electronics,1800,1000,3,0.05,100,5400,5130.0,3100,2030.0,2025-02,Low (1-10%)
O00695,2025-02-20,C1050,South,Laptop,Electronics,50000,41000,1,0.05,100,50000,47500.0,41100,6400.0,2025-02,Low (1-10%)
O00763,2025-02-20,C0344,East,Backpack,Accessories,1800,850,1,0.1,100,1800,1620.0,950,670.0,2025-02,Low (1-10%)
O00782,2025-02-20,C0342,South,Notebook,Stationery,150,65,2,0.3,70,300,210.0,200,10.0,2025-02,High (>10%)
O01624,2025-02-20,C0715,South,Laptop,Electronics,50000,41000,3,0.0,40,150000,150000.0,123040,26960.0,2025-02,None
O01858,2025-02-20,C0773,East,Desk,Furniture,9000,6300,2,0.2,40,18000,14400.0,12640,1760.0,2025-02,High (>10%)
O01956,2025-02-20,C0492,West,Office Chair,Furniture,6500,4300,4,0.3,40,26000,18200.0,17240,960.0,2025-02,High (>10%)
O02856,2025-02-20,C0404,South,Laptop,Electronics,50000,41000,1,0.1,70,50000,45000.0,41070,3930.0,2025-02,Low (1-10%)
O03694,2025-02-20,C1268,North,Keyboard,Electronics,1800,1000,2,0.2,70,3600,2880.0,2070,810.0,2025-02,High (>10%)
O04454,2025-02-20,C1746,South,Notebook,Stationery,150,65,2,0.05,150,300,285.0,280,5.0,2025-02,Low (1-10%)
O04482,2025-02-20,C0148,North,Keyboard,Electronics,1800,1000,1,0.05,70,1800,1710.0,1070,640.0,2025-02,Low (1-10%)
O05055,2025-02-20,C0619,South,Laptop,Electronics,50000,41000,4,0.05,150,200000,190000.0,164150,25850.0,2025-02,Low (1-10%)
O05806,2025-02-20,C1960,East,Headphones,Electronics,2500,1350,4,0.05,40,10000,9500.0,5440,4060.0,2025-02,Low (1-10%)
O05845,2025-02-20,C0690,North,Pen Set,Stationery,250,110,4,0.0,40,1000,1000.0,480,520.0,2025-02,None
O05935,2025-02-20,C1043,West,Pen Set,Stationery,250,110,2,0.05,70,500,475.0,290,185.0,2025-02,Low (1-10%)
O00052,2025-02-21,C2178,South,Headphones,Electronics,2500,1350,3,0.0,70,7500,7500.0,4120,3380.0,2025-02,None
O00540,2025-02-21,C0071,North,Laptop,Electronics,50000,41000,1,0.0,100,50000,50000.0,41100,8900.0,2025-02,None
O00557,2025-02-21,C0479,South,Notebook,Stationery,150,65,3,0.1,150,450,405.0,345,60.0,2025-02,Low (1-10%)
O00647,2025-02-21,C0696,South,Office Chair,Furniture,6500,4300,2,0.05,70,13000,12350.0,8670,3680.0,2025-02,Low (1-10%)
O01144,2025-02-21,C1332,North,Pen Set,Stationery,250,110,4,0.2,40,1000,800.0,480,320.0,2025-02,High (>10%)
O01153,2025-02-21,C0496,North,Office Chair,Furniture,6500,4300,3,0.0,70,19500,19500.0,12970,6530.0,2025-02,None
O01741,2025-02-21,C1313,West,Office Chair,Furniture,6500,4300,2,0.05,70,13000,12350.0,8670,3680.0,2025-02,Low (1-10%)
O01782,2025-02-21,C1556,East,Keyboard,Electronics,1800,1000,2,0.1,40,3600,3240.0,2040,1200.0,2025-02,Low (1-10%)
O02267,2025-02-21,C2462,South,Notebook,Stationery,150,65,3,0.0,100,450,450.0,295,155.0,2025-02,None
O03078,2025-02-21,C0324,West,Pen Set,Stationery,250,110,2,0.0,70,500,500.0,290,210.0,2025-02,None
O03352,2025-02-21,C1322,South,Backpack,Accessories,1800,850,4,0.1,70,7200,6480.0,3470,3010.0,2025-02,Low (1-10%)
O03809,2025-02-21,C1252,West,Desk,Furniture,9000,6300,4,0.1,100,36000,32400.0,25300,7100.0,2025-02,Low (1-10%)
O04425,2025-02-21,C1888,South,Keyboard,Electronics,1800,1000,3,0.2,150,5400,4320.0,3150,1170.0,2025-02,High (>10%)
O04539,2025-02-21,C2051,North,Pen Set,Stationery,250,110,2,0.2,40,500,400.0,260,140.0,2025-02,High (>10%)
O04726,2025-02-21,C1212,West,Office Chair,Furniture,6500,4300,1,0.1,70,6500,5850.0,4370,1480.0,2025-02,Low (1-10%)
O04936,2025-02-21,C1258,South,Desk,Furniture,9000,6300,2,0.05,100,18000,17100.0,12700,4400.0,2025-02,Low (1-10%)
O05795,2025-02-21,C1406,South,Office Chair,Furniture,6500,4300,1,0.05,70,6500,6175.0,4370,1805.0,2025-02,Low (1-10%)
O00137,2025-02-22,C0060,South,Desk,Furniture,9000,6300,2,0.05,100,18000,17100.0,12700,4400.0,2025-02,Low (1-10%)
O00326,2025-02-22,C0853,South,Headphones,Electronics,2500,1350,3,0.1,40,7500,6750.0,4090,2660.0,2025-02,Low (1-10%)
O00377,2025-02-22,C1770,West,Notebook,Stationery,150,65,3,0.1,150,450,405.0,345,60.0,2025-02,Low (1-10%)
O00378,2025-02-22,C1558,North,Notebook,Stationery,150,65,1,0.05,150,150,142.5,215,-72.5,2025-02,Low (1-10%)
O00779,2025-02-22,C0984,East,Keyboard,Electronics,1800,1000,1,0.0,70,1800,1800.0,1070,730.0,2025-02,None
O01214,2025-02-22,C2165,South,Pen Set,Stationery,250,110,1,0.05,150,250,237.5,260,-22.5,2025-02,Low (1-10%)
O01259,2025-02-22,C0940,South,Desk,Furniture,9000,6300,2,0.3,100,18000,12600.0,12700,-100.0,2025-02,High (>10%)
O01715,2025-02-22,C0450,East,Notebook,Stationery,150,65,1,0.0,70,150,150.0,135,15.0,2025-02,None
O01757,2025-02-22,C1811,West,Keyboard,Electronics,1800,1000,4,0.0,70,7200,7200.0,4070,3130.0,2025-02,None
O01802,2025-02-22,C0901,North,Office Chair,Furniture,6500,4300,1,0.1,70,6500,5850.0,4370,1480.0,2025-02,Low (1-10%)
O01940,2025-02-22,C1419,West,Headphones,Electronics,2500,1350,3,0.05,70,7500,7125.0,4120,3005.0,2025-02,Low (1-10%)
O01944,2025-02-22,C0904,South,Laptop,Electronics,50000,41000,3,0.05,70,150000,142500.0,123070,19430.0,2025-02,Low (1-10%)
O02269,2025-02-22,C0064,North,Laptop,Electronics,50000,41000,3,0.0,100,150000,150000.0,123100,26900.0,2025-02,None
O02857,2025-02-22,C0774,North,Desk,Furniture,9000,6300,1,0.0,40,9000,9000.0,6340,2660.0,2025-02,None
O03089,2025-02-22,C1195,North,Headphones,Electronics,2500,1350,2,0.3,70,5000,3500.0,2770,730.0,2025-02,High (>10%)
O04128,2025-02-22,C1890,East,Laptop,Electronics,50000,41000,3,0.0,70,150000,150000.0,123070,26930.0,2025-02,None
O04933,2025-02-22,C0055,South,Backpack,Accessories,1800,850,3,0.1,40,5400,4860.0,2590,2270.0,2025-02,Low (1-10%)
O04976,2025-02-22,C0159,West,Pen Set,Stationery,250,110,2,0.1,100,500,450.0,320,130.0,2025-02,Low (1-10%)
O05514,2025-02-22,C0675,East,Pen Set,Stationery,250,110,2,0.0,40,500,500.0,260,240.0,2025-02,None
O00297,2025-02-23,C1834,North,Pen Set,Stationery,250,110,2,0.0,70,500,500.0,290,210.0,2025-02,None
O00375,2025-02-23,C0325,South,Backpack,Accessories,1800,850,4,0.0,100,7200,7200.0,3500,3700.0,2025-02,None
O00430,2025-02-23,C0620,West,Notebook,Stationery,150,65,2,0.1,100,300,270.0,230,40.0,2025-02,Low (1-10%)
O01107,2025-02-23,C2315,South,Headphones,Electronics,2500,1350,4,0.1,150,10000,9000.0,5550,3450.0,2025-02,Low (1-10%)
O01247,2025-02-23,C0036,North,Pen Set,Stationery,250,110,3,0.0,100,750,750.0,430,320.0,2025-02,None
O01637,2025-02-23,C0309,West,Headphones,Electronics,2500,1350,3,0.1,70,7500,6750.0,4120,2630.0,2025-02,Low (1-10%)
O02738,2025-02-23,C2285,West,Headphones,Electronics,2500,1350,2,0.05,70,5000,4750.0,2770,1980.0,2025-02,Low (1-10%)
O02779,2025-02-23,C1248,South,Office Chair,Furniture,6500,4300,3,0.05,40,19500,18525.0,12940,5585.0,2025-02,Low (1-10%)
O04303,2025-02-23,C0551,West,Headphones,Electronics,2500,1350,3,0.0,100,7500,7500.0,4150,3350.0,2025-02,None
O04650,2025-02-23,C2168,South,Keyboard,Electronics,1800,1000,2,0.0,150,3600,3600.0,2150,1450.0,2025-02,None
O04652,2025-02-23,C0536,North,Backpack,Accessories,1800,850,3,0.05,70,5400,5130.0,2620,2510.0,2025-02,Low (1-10%)
O04659,2025-02-23,C1929,East,Office Chair,Furniture,6500,4300,2,0.1,150,13000,11700.0,8750,2950.0,2025-02,Low (1-10%)
O04742,2025-02-23,C1055,South,Office Chair,Furniture,6500,4300,2,0.05,100,13000,12350.0,8700,3650.0,2025-02,Low (1-10%)
O04808,2025-02-23,C2086,South,Backpack,Accessories,1800,850,1,0.2,70,1800,1440.0,920,520.0,2025-02,High (>10%)
O04838,2025-02-23,C0835,South,Laptop,Electronics,50000,41000,1,0.0,100,50000,50000.0,41100,8900.0,2025-02,None
O04859,2025-02-23,C1448,South,Keyboard,Electronics,1800,1000,3,0.2,150,5400,4320.0,3150,1170.0,2025-02,High (>10%)
O05038,2025-02-23,C1377,South,Desk,Furniture,9000,6300,2,0.1,150,18000,16200.0,12750,3450.0,2025-02,Low (1-10%)
O05886,2025-02-23,C0173,East,Pen Set,Stationery,250,110,1,0.05,40,250,237.5,150,87.5,2025-02,Low (1-10%)
O00069,2025-02-24,C2288,East,Laptop,Electronics,50000,41000,4,0.3,100,200000,140000.0,164100,-24100.0,2025-02,High (>10%)
O00891,2025-02-24,C0046,South,Laptop,Electronics,50000,41000,4,0.0,150,200000,200000.0,164150,35850.0,2025-02,None
O01447,2025-02-24,C0177,West,Backpack,Accessories,1800,850,4,0.0,40,7200,7200.0,3440,3760.0,2025-02,None
O02195,2025-02-24,C0712,East,Notebook,Stationery,150,65,3,0.1,40,450,405.0,235,170.0,2025-02,Low (1-10%)
O02504,2025-02-24,C1285,East,Laptop,Electronics,50000,41000,3,0.3,100,150000,105000.0,123100,-18100.0,2025-02,High (>10%)
O02828,2025-02-24,C1488,North,Backpack,Accessories,1800,850,4,0.2,150,7200,5760.0,3550,2210.0,2025-02,High (>10%)
O02914,2025-02-24,C1828,North,Headphones,Electronics,2500,1350,4,0.2,150,10000,8000.0,5550,2450.0,2025-02,High (>10%)
O03440,2025-02-24,C1095,South,Pen Set,Stationery,250,110,2,0.05,150,500,475.0,370,105.0,2025-02,Low (1-10%)
O03762,2025-02-24,C0684,South,Desk,Furniture,9000,6300,1,0.3,150,9000,6300.0,6450,-150.0,2025-02,High (>10%)
O04156,2025-02-24,C0607,West,Headphones,Electronics,2500,1350,4,0.0,70,10000,10000.0,5470,4530.0,2025-02,None
O05120,2025-02-24,C2187,North,Laptop,Electronics,50000,41000,3,0.0,100,150000,150000.0,123100,26900.0,2025-02,None
O05142,2025-02-24,C1570,North,Laptop,Electronics,50000,41000,2,0.1,70,100000,90000.0,82070,7930.0,2025-02,Low (1-10%)
O05233,2025-02-24,C1900,West,Keyboard,Electronics,1800,1000,1,0.3,40,1800,1260.0,1040,220.0,2025-02,High (>10%)
O05267,2025-02-24,C2312,West,Desk,Furniture,9000,6300,2,0.1,150,18000,16200.0,12750,3450.0,2025-02,Low (1-10%)
O05689,2025-02-24,C0823,East,Pen Set,Stationery,250,110,4,0.3,150,1000,700.0,590,110.0,2025-02,High (>10%)
O00116,2025-02-25,C1427,West,Desk,Furniture,9000,6300,4,0.0,40,36000,36000.0,25240,10760.0,2025-02,None
O00233,2025-02-25,C1182,South,Laptop,Electronics,50000,41000,1,0.2,100,50000,40000.0,41100,-1100.0,2025-02,High (>10%)
O00871,2025-02-25,C1610,North,Office Chair,Furniture,6500,4300,1,0.05,70,6500,6175.0,4370,1805.0,2025-02,Low (1-10%)
O01412,2025-02-25,C1236,North,Desk,Furniture,9000,6300,1,0.0,40,9000,9000.0,6340,2660.0,2025-02,None
O01521,2025-02-25,C2421,West,Pen Set,Stationery,250,110,2,0.0,40,500,500.0,260,240.0,2025-02,None
O02016,2025-02-25,C0135,South,Keyboard,Electronics,1800,1000,1,0.0,150,1800,1800.0,1150,650.0,2025-02,None
O02177,2025-02-25,C0292,South,Laptop,Electronics,50000,41000,1,0.1,150,50000,45000.0,41150,3850.0,2025-02,Low (1-10%)
O02189,2025-02-25,C2278,North,Office Chair,Furniture,6500,4300,2,0.1,100,13000,11700.0,8700,3000.0,2025-02,Low (1-10%)
O02252,2025-02-25,C2495,West,Desk,Furniture,9000,6300,4,0.3,40,36000,25200.0,25240,-40.0,2025-02,High (>10%)
O02448,2025-02-25,C0340,North,Notebook,Stationery,150,65,4,0.0,40,600,600.0,300,300.0,2025-02,None
O02505,2025-02-25,C0732,West,Laptop,Electronics,50000,41000,3,0.2,100,150000,120000.0,123100,-3100.0,2025-02,High (>10%)
O02885,2025-02-25,C2135,South,Keyboard,Electronics,1800,1000,1,0.1,70,1800,1620.0,1070,550.0,2025-02,Low (1-10%)
O02932,2025-02-25,C0009,South,Notebook,Stationery,150,65,4,0.2,70,600,480.0,330,150.0,2025-02,High (>10%)
O03221,2025-02-25,C1069,East,Notebook,Stationery,150,65,3,0.0,150,450,450.0,345,105.0,2025-02,None
O03263,2025-02-25,C1426,South,Notebook,Stationery,150,65,1,0.0,100,150,150.0,165,-15.0,2025-02,None
O04084,2025-02-25,C1027,East,Pen Set,Stationery,250,110,4,0.05,70,1000,950.0,510,440.0,2025-02,Low (1-10%)
O04091,2025-02-25,C1943,South,Notebook,Stationery,150,65,2,0.1,100,300,270.0,230,40.0,2025-02,Low (1-10%)
O05461,2025-02-25,C0277,East,Backpack,Accessories,1800,850,2,0.05,100,3600,3420.0,1800,1620.0,2025-02,Low (1-10%)
O00398,2025-02-26,C1150,West,Headphones,Electronics,2500,1350,1,0.05,40,2500,2375.0,1390,985.0,2025-02,Low (1-10%)
O00850,2025-02-26,C0201,North,Desk,Furniture,9000,6300,3,0.0,70,27000,27000.0,18970,8030.0,2025-02,None
O01056,2025-02-26,C0066,North,Backpack,Accessories,1800,850,4,0.1,100,7200,6480.0,3500,2980.0,2025-02,Low (1-10%)
O01078,2025-02-26,C1265,North,Headphones,Electronics,2500,1350,3,0.1,70,7500,6750.0,4120,2630.0,2025-02,Low (1-10%)
O01159,2025-02-26,C0035,South,Office Chair,Furniture,6500,4300,2,0.0,40,13000,13000.0,8640,4360.0,2025-02,None
O01588,2025-02-26,C1455,West,Laptop,Electronics,50000,41000,1,0.0,150,50000,50000.0,41150,8850.0,2025-02,None
O01755,2025-02-26,C2247,East,Notebook,Stationery,150,65,4,0.05,70,600,570.0,330,240.0,2025-02,Low (1-10%)
O02776,2025-02-26,C0322,North,Keyboard,Electronics,1800,1000,2,0.2,150,3600,2880.0,2150,730.0,2025-02,High (>10%)
O03111,2025-02-26,C2191,South,Desk,Furniture,9000,6300,2,0.0,70,18000,18000.0,12670,5330.0,2025-02,None
O03320,2025-02-26,C1378,West,Laptop,Electronics,50000,41000,2,0.3,150,100000,70000.0,82150,-12150.0,2025-02,High (>10%)
O03680,2025-02-26,C0819,South,Notebook,Stationery,150,65,4,0.05,70,600,570.0,330,240.0,2025-02,Low (1-10%)
O03872,2025-02-26,C0765,North,Laptop,Electronics,50000,41000,3,0.3,70,150000,105000.0,123070,-18070.0,2025-02,High (>10%)
O04417,2025-02-26,C2109,West,Office Chair,Furniture,6500,4300,2,0.2,150,13000,10400.0,8750,1650.0,2025-02,High (>10%)
O04526,2025-02-26,C2069,North,Office Chair,Furniture,6500,4300,1,0.1,70,6500,5850.0,4370,1480.0,2025-02,Low (1-10%)
O04880,2025-02-26,C0431,South,Pen Set,Stationery,250,110,4,0.05,40,1000,950.0,480,470.0,2025-02,Low (1-10%)
O05470,2025-02-26,C1908,West,Keyboard,Electronics,1800,1000,4,0.1,100,7200,6480.0,4100,2380.0,2025-02,Low (1-10%)
O05748,2025-02-26,C1935,South,Headphones,Electronics,2500,1350,3,0.0,100,7500,7500.0,4150,3350.0,2025-02,None
O05924,2025-02-26,C0939,North,Backpack,Accessories,1800,850,4,0.05,70,7200,6840.0,3470,3370.0,2025-02,Low (1-10%)
O00199,2025-02-27,C0957,North,Keyboard,Electronics,1800,1000,1,0.2,40,1800,1440.0,1040,400.0,2025-02,High (>10%)
O00523,2025-02-27,C1124,North,Headphones,Electronics,2500,1350,1,0.3,70,2500,1750.0,1420,330.0,2025-02,High (>10%)
O00686,2025-02-27,C2203,North,Pen Set,Stationery,250,110,3,0.0,150,750,750.0,480,270.0,2025-02,None
O01314,2025-02-27,C1500,West,Pen Set,Stationery,250,110,1,0.1,150,250,225.0,260,-35.0,2025-02,Low (1-10%)
O01507,2025-02-27,C1500,South,Backpack,Accessories,1800,850,1,0.1,70,1800,1620.0,920,700.0,2025-02,Low (1-10%)
O01612,2025-02-27,C1933,North,Headphones,Electronics,2500,1350,4,0.2,150,10000,8000.0,5550,2450.0,2025-02,High (>10%)
O01821,2025-02-27,C1092,West,Keyboard,Electronics,1800,1000,4,0.3,150,7200,5040.0,4150,890.0,2025-02,High (>10%)
O01936,2025-02-27,C0433,North,Headphones,Electronics,2500,1350,1,0.3,150,2500,1750.0,1500,250.0,2025-02,High (>10%)
O02158,2025-02-27,C0289,West,Notebook,Stationery,150,65,1,0.2,150,150,120.0,215,-95.0,2025-02,High (>10%)
O02572,2025-02-27,C2284,West,Backpack,Accessories,1800,850,3,0.0,100,5400,5400.0,2650,2750.0,2025-02,None
O02798,2025-02-27,C2500,South,Desk,Furniture,9000,6300,3,0.0,70,27000,27000.0,18970,8030.0,2025-02,None
O03342,2025-02-27,C2480,West,Keyboard,Electronics,1800,1000,4,0.0,40,7200,7200.0,4040,3160.0,2025-02,None
O03603,2025-02-27,C1604,West,Headphones,Electronics,2500,1350,3,0.2,40,7500,6000.0,4090,1910.0,2025-02,High (>10%)
O03922,2025-02-27,C0355,West,Desk,Furniture,9000,6300,4,0.0,70,36000,36000.0,25270,10730.0,2025-02,None
O05136,2025-02-27,C1139,South,Laptop,Electronics,50000,41000,2,0.05,150,100000,95000.0,82150,12850.0,2025-02,Low (1-10%)
O05317,2025-02-27,C0094,East,Desk,Furniture,9000,6300,1,0.05,150,9000,8550.0,6450,2100.0,2025-02,Low (1-10%)
O05543,2025-02-27,C0672,East,Keyboard,Electronics,1800,1000,3,0.2,150,5400,4320.0,3150,1170.0,2025-02,High (>10%)
O05652,2025-02-27,C2190,North,Notebook,Stationery,150,65,4,0.1,70,600,540.0,330,210.0,2025-02,Low (1-10%)
O05776,2025-02-27,C1497,North,Backpack,Accessories,1800,850,3,0.0,150,5400,5400.0,2700,2700.0,2025-02,None
O05927,2025-02-27,C1205,South,Notebook,Stationery,150,65,2,0.2,100,300,240.0,230,10.0,2025-02,High (>10%)
O00234,2025-02-28,C0967,West,Pen Set,Stationery,250,110,1,0.1,40,250,225.0,150,75.0,2025-02,Low (1-10%)
O00569,2025-02-28,C2493,North,Notebook,Stationery,150,65,2,0.2,40,300,240.0,170,70.0,2025-02,High (>10%)
O00909,2025-02-28,C0663,South,Keyboard,Electronics,1800,1000,3,0.0,150,5400,5400.0,3150,2250.0,2025-02,None
O01097,2025-02-28,C0108,North,Pen Set,Stationery,250,110,4,0.05,70,1000,950.0,510,440.0,2025-02,Low (1-10%)
O01236,2025-02-28,C2130,North,Keyboard,Electronics,1800,1000,1,0.0,100,1800,1800.0,1100,700.0,2025-02,None
O02018,2025-02-28,C0004,South,Notebook,Stationery,150,65,3,0.05,100,450,427.5,295,132.5,2025-02,Low (1-10%)
O02126,2025-02-28,C0684,South,Keyboard,Electronics,1800,1000,3,0.3,40,5400,3780.0,3040,740.0,2025-02,High (>10%)
O03130,2025-02-28,C0740,West,Pen Set,Stationery,250,110,4,0.0,70,1000,1000.0,510,490.0,2025-02,None
O03461,2025-02-28,C1958,West,Office Chair,Furniture,6500,4300,4,0.0,150,26000,26000.0,17350,8650.0,2025-02,None
O03529,2025-02-28,C1195,East,Headphones,Electronics,2500,1350,4,0.2,100,10000,8000.0,5500,2500.0,2025-02,High (>10%)
O03844,2025-02-28,C0986,North,Keyboard,Electronics,1800,1000,3,0.1,70,5400,4860.0,3070,1790.0,2025-02,Low (1-10%)
O03924,2025-02-28,C0649,North,Office Chair,Furniture,6500,4300,3,0.3,150,19500,13650.0,13050,600.0,2025-02,High (>10%)
O03968,2025-02-28,C2433,North,Headphones,Electronics,2500,1350,1,0.0,100,2500,2500.0,1450,1050.0,2025-02,None
O04098,2025-02-28,C1375,North,Headphones,Electronics,2500,1350,2,0.3,100,5000,3500.0,2800,700.0,2025-02,High (>10%)
O04124,2025-02-28,C0583,West,Keyboard,Electronics,1800,1000,1,0.0,70,1800,1800.0,1070,730.0,2025-02,None
O04668,2025-02-28,C1462,West,Headphones,Electronics,2500,1350,4,0.2,150,10000,8000.0,5550,2450.0,2025-02,High (>10%)
O04815,2025-02-28,C0749,South,Notebook,Stationery,150,65,3,0.3,100,450,315.0,295,20.0,2025-02,High (>10%)
O04885,2025-02-28,C0023,South,Laptop,Electronics,50000,41000,3,0.0,150,150000,150000.0,123150,26850.0,2025-02,None
O05019,2025-02-28,C1288,South,Pen Set,Stationery,250,110,3,0.1,150,750,675.0,480,195.0,2025-02,Low (1-10%)
O05958,2025-02-28,C1793,South,Notebook,Stationery,150,65,4,0.1,70,600,540.0,330,210.0,2025-02,Low (1-10%)
O00242,2025-03-01,C0140,South,Desk,Furniture,9000,6300,2,0.0,40,18000,18000.0,12640,5360.0,2025-03,None
O00470,2025-03-01,C0881,North,Backpack,Accessories,1800,850,1,0.05,70,1800,1710.0,920,790.0,2025-03,Low (1-10%)
O00748,2025-03-01,C1760,West,Keyboard,Electronics,1800,1000,2,0.05,40,3600,3420.0,2040,1380.0,2025-03,Low (1-10%)
O01068,2025-03-01,C0127,West,Notebook,Stationery,150,65,4,0.2,150,600,480.0,410,70.0,2025-03,High (>10%)
O01745,2025-03-01,C0799,East,Headphones,Electronics,2500,1350,4,0.0,150,10000,10000.0,5550,4450.0,2025-03,None
O02329,2025-03-01,C0053,West,Laptop,Electronics,50000,41000,3,0.2,40,150000,120000.0,123040,-3040.0,2025-03,High (>10%)
O02820,2025-03-01,C0529,South,Notebook,Stationery,150,65,2,0.2,150,300,240.0,280,-40.0,2025-03,High (>10%)
O03146,2025-03-01,C0190,North,Desk,Furniture,9000,6300,3,0.0,40,27000,27000.0,18940,8060.0,2025-03,None
O03327,2025-03-01,C1739,South,Headphones,Electronics,2500,1350,3,0.1,150,7500,6750.0,4200,2550.0,2025-03,Low (1-10%)
O03573,2025-03-01,C1137,East,Notebook,Stationery,150,65,2,0.2,100,300,240.0,230,10.0,2025-03,High (>10%)
O04609,2025-03-01,C1902,South,Pen Set,Stationery,250,110,1,0.1,40,250,225.0,150,75.0,2025-03,Low (1-10%)
O04757,2025-03-01,C1061,West,Desk,Furniture,9000,6300,3,0.05,70,27000,25650.0,18970,6680.0,2025-03,Low (1-10%)
O04816,2025-03-01,C1782,West,Keyboard,Electronics,1800,1000,2,0.1,100,3600,3240.0,2100,1140.0,2025-03,Low (1-10%)
O05247,2025-03-01,C1608,South,Desk,Furniture,9000,6300,3,0.2,100,27000,21600.0,19000,2600.0,2025-03,High (>10%)
O00127,2025-03-02,C2311,North,Laptop,Electronics,50000,41000,4,0.05,40,200000,190000.0,164040,25960.0,2025-03,Low (1-10%)
O00303,2025-03-02,C0723,North,Laptop,Electronics,50000,41000,2,0.0,40,100000,100000.0,82040,17960.0,2025-03,None
O01441,2025-03-02,C2101,South,Pen Set,Stationery,250,110,1,0.0,100,250,250.0,210,40.0,2025-03,None
O01520,2025-03-02,C0609,West,Office Chair,Furniture,6500,4300,2,0.05,100,13000,12350.0,8700,3650.0,2025-03,Low (1-10%)
O01737,2025-03-02,C1197,South,Desk,Furniture,9000,6300,3,0.1,100,27000,24300.0,19000,5300.0,2025-03,Low (1-10%)
O02377,2025-03-02,C0757,West,Pen Set,Stationery,250,110,4,0.2,100,1000,800.0,540,260.0,2025-03,High (>10%)
O02748,2025-03-02,C2057,North,Pen Set,Stationery,250,110,3,0.0,40,750,750.0,370,380.0,2025-03,None
O02934,2025-03-02,C0532,East,Office Chair,Furniture,6500,4300,3,0.3,150,19500,13650.0,13050,600.0,2025-03,High (>10%)
O04008,2025-03-02,C0065,South,Notebook,Stationery,150,65,4,0.3,150,600,420.0,410,10.0,2025-03,High (>10%)
O04214,2025-03-02,C0650,South,Notebook,Stationery,150,65,4,0.2,70,600,480.0,330,150.0,2025-03,High (>10%)
O04387,2025-03-02,C1572,North,Keyboard,Electronics,1800,1000,4,0.1,70,7200,6480.0,4070,2410.0,2025-03,Low (1-10%)
O05354,2025-03-02,C1944,North,Office Chair,Furniture,6500,4300,4,0.0,40,26000,26000.0,17240,8760.0,2025-03,None
O05389,2025-03-02,C0263,South,Office Chair,Furniture,6500,4300,4,0.05,150,26000,24700.0,17350,7350.0,2025-03,Low (1-10%)
O05750,2025-03-02,C0057,West,Laptop,Electronics,50000,41000,1,0.1,100,50000,45000.0,41100,3900.0,2025-03,Low (1-10%)
O00183,2025-03-03,C0128,South,Office Chair,Furniture,6500,4300,1,0.1,70,6500,5850.0,4370,1480.0,2025-03,Low (1-10%)
O00461,2025-03-03,C1153,West,Notebook,Stationery,150,65,2,0.0,70,300,300.0,200,100.0,2025-03,None
O01470,2025-03-03,C0246,North,Laptop,Electronics,50000,41000,4,0.05,70,200000,190000.0,164070,25930.0,2025-03,Low (1-10%)
O02161,2025-03-03,C1898,North,Pen Set,Stationery,250,110,4,0.05,100,1000,950.0,540,410.0,2025-03,Low (1-10%)
O02752,2025-03-03,C0365,North,Laptop,Electronics,50000,41000,4,0.3,70,200000,140000.0,164070,-24070.0,2025-03,High (>10%)
O03395,2025-03-03,C1678,North,Keyboard,Electronics,1800,1000,3,0.05,70,5400,5130.0,3070,2060.0,2025-03,Low (1-10%)
O03418,2025-03-03,C0933,North,Backpack,Accessories,1800,850,3,0.2,70,5400,4320.0,2620,1700.0,2025-03,High (>10%)
O03945,2025-03-03,C1228,South,Headphones,Electronics,2500,1350,2,0.0,100,5000,5000.0,2800,2200.0,2025-03,None
O03994,2025-03-03,C0339,North,Keyboard,Electronics,1800,1000,4,0.0,100,7200,7200.0,4100,3100.0,2025-03,None
O04122,2025-03-03,C1616,South,Backpack,Accessories,1800,850,4,0.2,70,7200,5760.0,3470,2290.0,2025-03,High (>10%)
O05014,2025-03-03,C1424,West,Backpack,Accessories,1800,850,3,0.1,100,5400,4860.0,2650,2210.0,2025-03,Low (1-10%)
O05281,2025-03-03,C0326,South,Notebook,Stationery,150,65,3,0.1,70,450,405.0,265,140.0,2025-03,Low (1-10%)
O05479,2025-03-03,C1963,North,Laptop,Electronics,50000,41000,1,0.0,100,50000,50000.0,41100,8900.0,2025-03,None
O05852,2025-03-03,C1175,East,Desk,Furniture,9000,6300,2,0.05,100,18000,17100.0,12700,4400.0,2025-03,Low (1-10%)
O05893,2025-03-03,C2360,North,Headphones,Electronics,2500,1350,1,0.05,150,2500,2375.0,1500,875.0,2025-03,Low (1-10%)
O00200,2025-03-04,C0350,South,Backpack,Accessories,1800,850,1,0.0,150,1800,1800.0,1000,800.0,2025-03,None
O01036,2025-03-04,C1629,West,Notebook,Stationery,150,65,3,0.1,100,450,405.0,295,110.0,2025-03,Low (1-10%)
O01364,2025-03-04,C2220,East,Headphones,Electronics,2500,1350,2,0.0,150,5000,5000.0,2850,2150.0,2025-03,None
O02024,2025-03-04,C2442,East,Desk,Furniture,9000,6300,2,0.0,40,18000,18000.0,12640,5360.0,2025-03,None
O02279,2025-03-04,C2009,South,Keyboard,Electronics,1800,1000,2,0.0,150,3600,3600.0,2150,1450.0,2025-03,None
O02472,2025-03-04,C1955,South,Laptop,Electronics,50000,41000,1,0.3,150,50000,35000.0,41150,-6150.0,2025-03,High (>10%)
O03277,2025-03-04,C1383,West,Laptop,Electronics,50000,41000,2,0.0,70,100000,100000.0,82070,17930.0,2025-03,None
O04222,2025-03-04,C0740,East,Desk,Furniture,9000,6300,3,0.1,70,27000,24300.0,18970,5330.0,2025-03,Low (1-10%)
O04404,2025-03-04,C2453,East,Backpack,Accessories,1800,850,1,0.1,40,1800,1620.0,890,730.0,2025-03,Low (1-10%)
O04406,2025-03-04,C0648,South,Backpack,Accessories,1800,850,3,0.2,100,5400,4320.0,2650,1670.0,2025-03,High (>10%)
O04410,2025-03-04,C0751,North,Keyboard,Electronics,1800,1000,1,0.05,150,1800,1710.0,1150,560.0,2025-03,Low (1-10%)
O05002,2025-03-04,C0046,East,Laptop,Electronics,50000,41000,2,0.0,150,100000,100000.0,82150,17850.0,2025-03,None
O05587,2025-03-04,C1389,East,Headphones,Electronics,2500,1350,3,0.0,150,7500,7500.0,4200,3300.0,2025-03,None
O00049,2025-03-05,C0321,West,Notebook,Stationery,150,65,4,0.1,40,600,540.0,300,240.0,2025-03,Low (1-10%)
O00284,2025-03-05,C0392,North,Office Chair,Furniture,6500,4300,4,0.05,150,26000,24700.0,17350,7350.0,2025-03,Low (1-10%)
O00345,2025-03-05,C1406,East,Backpack,Accessories,1800,850,3,0.1,150,5400,4860.0,2700,2160.0,2025-03,Low (1-10%)
O00368,2025-03-05,C1652,West,Keyboard,Electronics,1800,1000,3,0.1,150,5400,4860.0,3150,1710.0,2025-03,Low (1-10%)
O00423,2025-03-05,C1225,South,Pen Set,Stationery,250,110,1,0.1,70,250,225.0,180,45.0,2025-03,Low (1-10%)
O00545,2025-03-05,C1542,South,Pen Set,Stationery,250,110,1,0.2,100,250,200.0,210,-10.0,2025-03,High (>10%)
O00719,2025-03-05,C2088,West,Headphones,Electronics,2500,1350,4,0.0,100,10000,10000.0,5500,4500.0,2025-03,None
O00957,2025-03-05,C1210,East,Office Chair,Furniture,6500,4300,2,0.05,100,13000,12350.0,8700,3650.0,2025-03,Low (1-10%)
O01845,2025-03-05,C1467,North,Notebook,Stationery,150,65,4,0.3,150,600,420.0,410,10.0,2025-03,High (>10%)
O02148,2025-03-05,C1325,North,Backpack,Accessories,1800,850,2,0.05,100,3600,3420.0,1800,1620.0,2025-03,Low (1-10%)
O02398,2025-03-05,C1762,East,Keyboard,Electronics,1800,1000,1,0.3,40,1800,1260.0,1040,220.0,2025-03,High (>10%)
O02595,2025-03-05,C0083,South,Keyboard,Electronics,1800,1000,4,0.05,40,7200,6840.0,4040,2800.0,2025-03,Low (1-10%)
O02930,2025-03-05,C2382,West,Notebook,Stationery,150,65,2,0.0,40,300,300.0,170,130.0,2025-03,None
O04085,2025-03-05,C1488,South,Desk,Furniture,9000,6300,3,0.05,40,27000,25650.0,18940,6710.0,2025-03,Low (1-10%)
O04162,2025-03-05,C0527,North,Office Chair,Furniture,6500,4300,4,0.1,40,26000,23400.0,17240,6160.0,2025-03,Low (1-10%)
O04264,2025-03-05,C2258,South,Pen Set,Stationery,250,110,1,0.2,150,250,200.0,260,-60.0,2025-03,High (>10%)
O04350,2025-03-05,C0189,East,Keyboard,Electronics,1800,1000,2,0.1,100,3600,3240.0,2100,1140.0,2025-03,Low (1-10%)
O04908,2025-03-05,C2436,South,Pen Set,Stationery,250,110,1,0.05,40,250,237.5,150,87.5,2025-03,Low (1-10%)
O05128,2025-03-05,C0618,South,Desk,Furniture,9000,6300,3,0.05,70,27000,25650.0,18970,6680.0,2025-03,Low (1-10%)
O05366,2025-03-05,C1943,East,Headphones,Electronics,2500,1350,2,0.2,150,5000,4000.0,2850,1150.0,2025-03,High (>10%)
O05393,2025-03-05,C0546,South,Pen Set,Stationery,250,110,1,0.2,40,250,200.0,150,50.0,2025-03,High (>10%)
O05648,2025-03-05,C1845,West,Backpack,Accessories,1800,850,4,0.3,150,7200,5040.0,3550,1490.0,2025-03,High (>10%)
O00093,2025-03-06,C2068,North,Pen Set,Stationery,250,110,2,0.05,100,500,475.0,320,155.0,2025-03,Low (1-10%)
O00185,2025-03-06,C0128,East,Office Chair,Furniture,6500,4300,4,0.1,100,26000,23400.0,17300,6100.0,2025-03,Low (1-10%)
O01288,2025-03-06,C0848,West,Headphones,Electronics,2500,1350,1,0.05,100,2500,2375.0,1450,925.0,2025-03,Low (1-10%)
O01831,2025-03-06,C2030,East,Keyboard,Electronics,1800,1000,1,0.1,150,1800,1620.0,1150,470.0,2025-03,Low (1-10%)
O01890,2025-03-06,C0957,North,Office Chair,Furniture,6500,4300,1,0.0,70,6500,6500.0,4370,2130.0,2025-03,None
O02456,2025-03-06,C0799,North,Office Chair,Furniture,6500,4300,4,0.1,100,26000,23400.0,17300,6100.0,2025-03,Low (1-10%)
O03278,2025-03-06,C1432,East,Headphones,Electronics,2500,1350,1,0.0,40,2500,2500.0,1390,1110.0,2025-03,None
O03669,2025-03-06,C0834,South,Office Chair,Furniture,6500,4300,3,0.0,40,19500,19500.0,12940,6560.0,2025-03,None
O04558,2025-03-06,C2315,West,Pen Set,Stationery,250,110,2,0.3,150,500,350.0,370,-20.0,2025-03,High (>10%)
O04913,2025-03-06,C0790,West,Laptop,Electronics,50000,41000,4,0.0,100,200000,200000.0,164100,35900.0,2025-03,None
O05034,2025-03-06,C2322,South,Headphones,Electronics,2500,1350,3,0.0,150,7500,7500.0,4200,3300.0,2025-03,None
O05108,2025-03-06,C1776,North,Backpack,Accessories,1800,850,2,0.0,70,3600,3600.0,1770,1830.0,2025-03,None
O05756,2025-03-06,C1727,West,Office Chair,Furniture,6500,4300,4,0.2,70,26000,20800.0,17270,3530.0,2025-03,High (>10%)
O00553,2025-03-07,C1658,East,Pen Set,Stationery,250,110,2,0.0,150,500,500.0,370,130.0,2025-03,None
O00723,2025-03-07,C0341,South,Pen Set,Stationery,250,110,4,0.2,40,1000,800.0,480,320.0,2025-03,High (>10%)
O00863,2025-03-07,C1482,North,Laptop,Electronics,50000,41000,4,0.3,150,200000,140000.0,164150,-24150.0,2025-03,High (>10%)
O01141,2025-03-07,C0736,North,Backpack,Accessories,1800,850,3,0.1,100,5400,4860.0,2650,2210.0,2025-03,Low (1-10%)
O01608,2025-03-07,C0949,West,Desk,Furniture,9000,6300,4,0.3,70,36000,25200.0,25270,-70.0,2025-03,High (>10%)
O02000,2025-03-07,C1856,West,Keyboard,Electronics,1800,1000,2,0.0,100,3600,3600.0,2100,1500.0,2025-03,None
O02063,2025-03-07,C1507,North,Headphones,Electronics,2500,1350,2,0.0,150,5000,5000.0,2850,2150.0,2025-03,None
O02105,2025-03-07,C1332,West,Pen Set,Stationery,250,110,3,0.1,150,750,675.0,480,195.0,2025-03,Low (1-10%)
O02180,2025-03-07,C0821,South,Office Chair,Furniture,6500,4300,2,0.1,70,13000,11700.0,8670,3030.0,2025-03,Low (1-10%)
O02615,2025-03-07,C2029,West,Laptop,Electronics,50000,41000,3,0.05,100,150000,142500.0,123100,19400.0,2025-03,Low (1-10%)
O02794,2025-03-07,C0975,North,Desk,Furniture,9000,6300,2,0.2,70,18000,14400.0,12670,1730.0,2025-03,High (>10%)
O02844,2025-03-07,C0495,South,Office Chair,Furniture,6500,4300,3,0.1,100,19500,17550.0,13000,4550.0,2025-03,Low (1-10%)
O02975,2025-03-07,C2111,North,Laptop,Electronics,50000,41000,3,0.3,70,150000,105000.0,123070,-18070.0,2025-03,High (>10%)
O03259,2025-03-07,C0952,South,Desk,Furniture,9000,6300,2,0.0,100,18000,18000.0,12700,5300.0,2025-03,None
O03621,2025-03-07,C1977,East,Backpack,Accessories,1800,850,3,0.2,150,5400,4320.0,2700,1620.0,2025-03,High (>10%)
O03654,2025-03-07,C1976,East,Desk,Furniture,9000,6300,3,0.2,40,27000,21600.0,18940,2660.0,2025-03,High (>10%)
O03806,2025-03-07,C2363,North,Pen Set,Stationery,250,110,3,0.1,100,750,675.0,430,245.0,2025-03,Low (1-10%)
O04233,2025-03-07,C0563,East,Desk,Furniture,9000,6300,3,0.2,70,27000,21600.0,18970,2630.0,2025-03,High (>10%)
O04261,2025-03-07,C2321,South,Headphones,Electronics,2500,1350,1,0.1,150,2500,2250.0,1500,750.0,2025-03,Low (1-10%)
O04567,2025-03-07,C0275,South,Notebook,Stationery,150,65,4,0.05,70,600,570.0,330,240.0,2025-03,Low (1-10%)
O04573,2025-03-07,C0363,West,Office Chair,Furniture,6500,4300,4,0.0,150,26000,26000.0,17350,8650.0,2025-03,None
O04914,2025-03-07,C2381,North,Desk,Furniture,9000,6300,3,0.3,150,27000,18900.0,19050,-150.0,2025-03,High (>10%)
O05197,2025-03-07,C1647,North,Backpack,Accessories,1800,850,1,0.05,40,1800,1710.0,890,820.0,2025-03,Low (1-10%)
O05264,2025-03-07,C1293,North,Office Chair,Furniture,6500,4300,4,0.05,40,26000,24700.0,17240,7460.0,2025-03,Low (1-10%)
O05949,2025-03-07,C0326,West,Backpack,Accessories,1800,850,4,0.0,40,7200,7200.0,3440,3760.0,2025-03,None
O00136,2025-03-08,C0566,East,Keyboard,Electronics,1800,1000,4,0.0,40,7200,7200.0,4040,3160.0,2025-03,None
O02103,2025-03-08,C0829,East,Headphones,Electronics,2500,1350,2,0.05,70,5000,4750.0,2770,1980.0,2025-03,Low (1-10%)
O02140,2025-03-08,C1770,North,Office Chair,Furniture,6500,4300,1,0.05,40,6500,6175.0,4340,1835.0,2025-03,Low (1-10%)
O02361,2025-03-08,C1117,West,Notebook,Stationery,150,65,3,0.0,40,450,450.0,235,215.0,2025-03,None
O02442,2025-03-08,C0535,North,Laptop,Electronics,50000,41000,1,0.2,100,50000,40000.0,41100,-1100.0,2025-03,High (>10%)
O02702,2025-03-08,C0093,West,Pen Set,Stationery,250,110,1,0.3,40,250,175.0,150,25.0,2025-03,High (>10%)
O03196,2025-03-08,C1760,North,Headphones,Electronics,2500,1350,1,0.05,150,2500,2375.0,1500,875.0,2025-03,Low (1-10%)
O03592,2025-03-08,C1839,West,Keyboard,Electronics,1800,1000,3,0.05,150,5400,5130.0,3150,1980.0,2025-03,Low (1-10%)
O05279,2025-03-08,C0453,East,Office Chair,Furniture,6500,4300,1,0.2,40,6500,5200.0,4340,860.0,2025-03,High (>10%)
O05300,2025-03-08,C1613,South,Pen Set,Stationery,250,110,4,0.3,70,1000,700.0,510,190.0,2025-03,High (>10%)
O05494,2025-03-08,C1736,West,Headphones,Electronics,2500,1350,4,0.3,70,10000,7000.0,5470,1530.0,2025-03,High (>10%)
O05565,2025-03-08,C1428,East,Laptop,Electronics,50000,41000,4,0.2,150,200000,160000.0,164150,-4150.0,2025-03,High (>10%)
O00078,2025-03-09,C0551,East,Headphones,Electronics,2500,1350,2,0.05,150,5000,4750.0,2850,1900.0,2025-03,Low (1-10%)
O00300,2025-03-09,C1834,North,Laptop,Electronics,50000,41000,4,0.0,100,200000,200000.0,164100,35900.0,2025-03,None
O00310,2025-03-09,C1057,East,Laptop,Electronics,50000,41000,3,0.0,70,150000,150000.0,123070,26930.0,2025-03,None
O01128,2025-03-09,C2361,West,Notebook,Stationery,150,65,4,0.0,150,600,600.0,410,190.0,2025-03,None
O01370,2025-03-09,C0557,West,Notebook,Stationery,150,65,1,0.1,70,150,135.0,135,0.0,2025-03,Low (1-10%)
O01423,2025-03-09,C1547,South,Desk,Furniture,9000,6300,1,0.3,100,9000,6300.0,6400,-100.0,2025-03,High (>10%)
O01884,2025-03-09,C1236,West,Pen Set,Stationery,250,110,3,0.05,100,750,712.5,430,282.5,2025-03,Low (1-10%)
O02012,2025-03-09,C1137,West,Office Chair,Furniture,6500,4300,4,0.2,100,26000,20800.0,17300,3500.0,2025-03,High (>10%)
O02113,2025-03-09,C0792,North,Backpack,Accessories,1800,850,2,0.05,40,3600,3420.0,1740,1680.0,2025-03,Low (1-10%)
O02432,2025-03-09,C0171,North,Desk,Furniture,9000,6300,3,0.2,40,27000,21600.0,18940,2660.0,2025-03,High (>10%)
O03179,2025-03-09,C0808,South,Headphones,Electronics,2500,1350,4,0.0,70,10000,10000.0,5470,4530.0,2025-03,None
O03661,2025-03-09,C0397,West,Desk,Furniture,9000,6300,2,0.05,40,18000,17100.0,12640,4460.0,2025-03,Low (1-10%)
O04474,2025-03-09,C2314,North,Headphones,Electronics,2500,1350,3,0.0,40,7500,7500.0,4090,3410.0,2025-03,None
O04618,2025-03-09,C0927,West,Desk,Furniture,9000,6300,4,0.05,70,36000,34200.0,25270,8930.0,2025-03,Low (1-10%)
O00218,2025-03-10,C0920,West,Laptop,Electronics,50000,41000,2,0.0,100,100000,100000.0,82100,17900.0,2025-03,None
O00336,2025-03-10,C1151,West,Pen Set,Stationery,250,110,3,0.05,100,750,712.5,430,282.5,2025-03,Low (1-10%)
O00449,2025-03-10,C1416,North,Desk,Furniture,9000,6300,2,0.05,70,18000,17100.0,12670,4430.0,2025-03,Low (1-10%)
O00534,2025-03-10,C0187,South,Keyboard,Electronics,1800,1000,2,0.2,70,3600,2880.0,2070,810.0,2025-03,High (>10%)
O00671,2025-03-10,C2170,North,Backpack,Accessories,1800,850,4,0.3,70,7200,5040.0,3470,1570.0,2025-03,High (>10%)
O00681,2025-03-10,C1318,South,Notebook,Stationery,150,65,1,0.3,100,150,105.0,165,-60.0,2025-03,High (>10%)
O00884,2025-03-10,C2278,South,Headphones,Electronics,2500,1350,4,0.1,40,10000,9000.0,5440,3560.0,2025-03,Low (1-10%)
O01484,2025-03-10,C0906,East,Laptop,Electronics,50000,41000,3,0.2,40,150000,120000.0,123040,-3040.0,2025-03,High (>10%)
O01937,2025-03-10,C1310,West,Keyboard,Electronics,1800,1000,1,0.05,70,1800,1710.0,1070,640.0,2025-03,Low (1-10%)
O02188,2025-03-10,C1923,South,Keyboard,Electronics,1800,1000,1,0.05,40,1800,1710.0,1040,670.0,2025-03,Low (1-10%)
O02506,2025-03-10,C2134,South,Laptop,Electronics,50000,41000,2,0.1,150,100000,90000.0,82150,7850.0,2025-03,Low (1-10%)
O02605,2025-03-10,C0286,North,Pen Set,Stationery,250,110,4,0.05,40,1000,950.0,480,470.0,2025-03,Low (1-10%)
O02854,2025-03-10,C2482,West,Laptop,Electronics,50000,41000,2,0.1,100,100000,90000.0,82100,7900.0,2025-03,Low (1-10%)
O03016,2025-03-10,C2121,North,Office Chair,Furniture,6500,4300,1,0.05,150,6500,6175.0,4450,1725.0,2025-03,Low (1-10%)
O03083,2025-03-10,C1626,South,Keyboard,Electronics,1800,1000,3,0.0,100,5400,5400.0,3100,2300.0,2025-03,None
O03443,2025-03-10,C1419,South,Office Chair,Furniture,6500,4300,1,0.0,70,6500,6500.0,4370,2130.0,2025-03,None
O03475,2025-03-10,C0004,South,Keyboard,Electronics,1800,1000,2,0.1,150,3600,3240.0,2150,1090.0,2025-03,Low (1-10%)
O03594,2025-03-10,C0609,South,Desk,Furniture,9000,6300,3,0.1,70,27000,24300.0,18970,5330.0,2025-03,Low (1-10%)
O03880,2025-03-10,C1558,South,Laptop,Electronics,50000,41000,1,0.1,70,50000,45000.0,41070,3930.0,2025-03,Low (1-10%)
O04768,2025-03-10,C0782,South,Laptop,Electronics,50000,41000,4,0.3,150,200000,140000.0,164150,-24150.0,2025-03,High (>10%)
O04828,2025-03-10,C0736,East,Desk,Furniture,9000,6300,1,0.0,150,9000,9000.0,6450,2550.0,2025-03,None
O05307,2025-03-10,C1034,North,Office Chair,Furniture,6500,4300,2,0.1,70,13000,11700.0,8670,3030.0,2025-03,Low (1-10%)
O00250,2025-03-11,C0166,West,Laptop,Electronics,50000,41000,2,0.0,150,100000,100000.0,82150,17850.0,2025-03,None
O00570,2025-03-11,C2097,East,Desk,Furniture,9000,6300,1,0.05,40,9000,8550.0,6340,2210.0,2025-03,Low (1-10%)
O01260,2025-03-11,C1750,West,Pen Set,Stationery,250,110,2,0.0,40,500,500.0,260,240.0,2025-03,None
O01886,2025-03-11,C1372,North,Headphones,Electronics,2500,1350,2,0.0,70,5000,5000.0,2770,2230.0,2025-03,None
O02025,2025-03-11,C1477,North,Laptop,Electronics,50000,41000,3,0.2,70,150000,120000.0,123070,-3070.0,2025-03,High (>10%)
O02414,2025-03-11,C1360,South,Desk,Furniture,9000,6300,4,0.3,70,36000,25200.0,25270,-70.0,2025-03,High (>10%)
O02437,2025-03-11,C2318,South,Notebook,Stationery,150,65,3,0.2,100,450,360.0,295,65.0,2025-03,High (>10%)
O03152,2025-03-11,C2453,West,Headphones,Electronics,2500,1350,2,0.3,40,5000,3500.0,2740,760.0,2025-03,High (>10%)
O03851,2025-03-11,C0199,East,Notebook,Stationery,150,65,4,0.3,40,600,420.0,300,120.0,2025-03,High (>10%)
O03976,2025-03-11,C2368,North,Notebook,Stationery,150,65,2,0.1,150,300,270.0,280,-10.0,2025-03,Low (1-10%)
O04076,2025-03-11,C1231,West,Laptop,Electronics,50000,41000,1,0.05,70,50000,47500.0,41070,6430.0,2025-03,Low (1-10%)
O04776,2025-03-11,C1457,South,Laptop,Electronics,50000,41000,3,0.05,150,150000,142500.0,123150,19350.0,2025-03,Low (1-10%)
O00252,2025-03-12,C0795,South,Office Chair,Furniture,6500,4300,3,0.0,70,19500,19500.0,12970,6530.0,2025-03,None
O00633,2025-03-12,C0165,North,Office Chair,Furniture,6500,4300,2,0.1,100,13000,11700.0,8700,3000.0,2025-03,Low (1-10%)
O00687,2025-03-12,C0835,West,Office Chair,Furniture,6500,4300,3,0.0,40,19500,19500.0,12940,6560.0,2025-03,None
O01800,2025-03-12,C2369,West,Desk,Furniture,9000,6300,2,0.0,100,18000,18000.0,12700,5300.0,2025-03,None
O02044,2025-03-12,C2450,North,Notebook,Stationery,150,65,3,0.0,70,450,450.0,265,185.0,2025-03,None
O03295,2025-03-12,C0858,East,Headphones,Electronics,2500,1350,4,0.1,150,10000,9000.0,5550,3450.0,2025-03,Low (1-10%)
O03432,2025-03-12,C0114,West,Pen Set,Stationery,250,110,1,0.2,40,250,200.0,150,50.0,2025-03,High (>10%)
O04354,2025-03-12,C1564,East,Office Chair,Furniture,6500,4300,3,0.2,150,19500,15600.0,13050,2550.0,2025-03,High (>10%)
O04458,2025-03-12,C2374,West,Laptop,Electronics,50000,41000,4,0.0,40,200000,200000.0,164040,35960.0,2025-03,None
O04520,2025-03-12,C1419,South,Office Chair,Furniture,6500,4300,3,0.05,100,19500,18525.0,13000,5525.0,2025-03,Low (1-10%)
O04918,2025-03-12,C1640,South,Keyboard,Electronics,1800,1000,3,0.0,70,5400,5400.0,3070,2330.0,2025-03,None
O05036,2025-03-12,C0408,East,Headphones,Electronics,2500,1350,1,0.0,40,2500,2500.0,1390,1110.0,2025-03,None
O05138,2025-03-12,C1736,West,Notebook,Stationery,150,65,1,0.0,70,150,150.0,135,15.0,2025-03,None
O00204,2025-03-13,C0495,South,Notebook,Stationery,150,65,2,0.0,70,300,300.0,200,100.0,2025-03,None
O00382,2025-03-13,C2100,South,Backpack,Accessories,1800,850,1,0.0,150,1800,1800.0,1000,800.0,2025-03,None
O00456,2025-03-13,C0779,North,Desk,Furniture,9000,6300,3,0.3,70,27000,18900.0,18970,-70.0,2025-03,High (>10%)
O00519,2025-03-13,C1784,South,Office Chair,Furniture,6500,4300,4,0.1,150,26000,23400.0,17350,6050.0,2025-03,Low (1-10%)
O01573,2025-03-13,C0238,South,Notebook,Stationery,150,65,2,0.2,40,300,240.0,170,70.0,2025-03,High (>10%)
O01948,2025-03-13,C2379,West,Backpack,Accessories,1800,850,2,0.0,70,3600,3600.0,1770,1830.0,2025-03,None
O02498,2025-03-13,C1967,West,Backpack,Accessories,1800,850,2,0.1,40,3600,3240.0,1740,1500.0,2025-03,Low (1-10%)
O02581,2025-03-13,C0467,South,Office Chair,Furniture,6500,4300,3,0.0,150,19500,19500.0,13050,6450.0,2025-03,None
O02585,2025-03-13,C0325,West,Keyboard,Electronics,1800,1000,3,0.1,40,5400,4860.0,3040,1820.0,2025-03,Low (1-10%)
O02756,2025-03-13,C2394,East,Pen Set,Stationery,250,110,2,0.05,150,500,475.0,370,105.0,2025-03,Low (1-10%)
O03258,2025-03-13,C0123,North,Headphones,Electronics,2500,1350,1,0.3,40,2500,1750.0,1390,360.0,2025-03,High (>10%)
O03502,2025-03-13,C2143,North,Notebook,Stationery,150,65,1,0.05,40,150,142.5,105,37.5,2025-03,Low (1-10%)
O03507,2025-03-13,C1474,East,Pen Set,Stationery,250,110,4,0.05,70,1000,950.0,510,440.0,2025-03,Low (1-10%)
O04030,2025-03-13,C0006,South,Office Chair,Furniture,6500,4300,4,0.1,70,26000,23400.0,17270,6130.0,2025-03,Low (1-10%)
O05376,2025-03-13,C0642,South,Notebook,Stationery,150,65,1,0.1,150,150,135.0,215,-80.0,2025-03,Low (1-10%)
O05509,2025-03-13,C0817,East,Desk,Furniture,9000,6300,2,0.05,150,18000,17100.0,12750,4350.0,2025-03,Low (1-10%)
O05740,2025-03-13,C1621,West,Laptop,Electronics,50000,41000,4,0.0,100,200000,200000.0,164100,35900.0,2025-03,None
O00115,2025-03-14,C1649,South,Desk,Furniture,9000,6300,2,0.0,40,18000,18000.0,12640,5360.0,2025-03,None
O00915,2025-03-14,C0247,South,Desk,Furniture,9000,6300,2,0.2,150,18000,14400.0,12750,1650.0,2025-03,High (>10%)
O00971,2025-03-14,C1838,East,Keyboard,Electronics,1800,1000,3,0.05,40,5400,5130.0,3040,2090.0,2025-03,Low (1-10%)
O01218,2025-03-14,C0272,North,Notebook,Stationery,150,65,1,0.1,70,150,135.0,135,0.0,2025-03,Low (1-10%)
O03971,2025-03-14,C1889,North,Office Chair,Furniture,6500,4300,3,0.05,70,19500,18525.0,12970,5555.0,2025-03,Low (1-10%)
O04072,2025-03-14,C2166,North,Pen Set,Stationery,250,110,4,0.0,40,1000,1000.0,480,520.0,2025-03,None
O04570,2025-03-14,C0265,West,Headphones,Electronics,2500,1350,4,0.05,40,10000,9500.0,5440,4060.0,2025-03,Low (1-10%)
O04775,2025-03-14,C0780,West,Keyboard,Electronics,1800,1000,2,0.1,150,3600,3240.0,2150,1090.0,2025-03,Low (1-10%)
O05056,2025-03-14,C1738,North,Backpack,Accessories,1800,850,4,0.1,100,7200,6480.0,3500,2980.0,2025-03,Low (1-10%)
O05432,2025-03-14,C0067,East,Headphones,Electronics,2500,1350,3,0.0,40,7500,7500.0,4090,3410.0,2025-03,None
O05680,2025-03-14,C1737,East,Laptop,Electronics,50000,41000,3,0.0,70,150000,150000.0,123070,26930.0,2025-03,None
O00651,2025-03-15,C0937,West,Office Chair,Furniture,6500,4300,4,0.1,40,26000,23400.0,17240,6160.0,2025-03,Low (1-10%)
O00709,2025-03-15,C1955,West,Office Chair,Furniture,6500,4300,1,0.2,70,6500,5200.0,4370,830.0,2025-03,High (>10%)
O00770,2025-03-15,C0434,North,Office Chair,Furniture,6500,4300,1,0.2,100,6500,5200.0,4400,800.0,2025-03,High (>10%)
O01500,2025-03-15,C1730,East,Pen Set,Stationery,250,110,2,0.2,40,500,400.0,260,140.0,2025-03,High (>10%)
O01913,2025-03-15,C0664,East,Laptop,Electronics,50000,41000,2,0.0,40,100000,100000.0,82040,17960.0,2025-03,None
O01952,2025-03-15,C0068,West,Desk,Furniture,9000,6300,3,0.1,150,27000,24300.0,19050,5250.0,2025-03,Low (1-10%)
O02191,2025-03-15,C0089,South,Keyboard,Electronics,1800,1000,3,0.05,70,5400,5130.0,3070,2060.0,2025-03,Low (1-10%)
O02343,2025-03-15,C0652,South,Desk,Furniture,9000,6300,4,0.2,100,36000,28800.0,25300,3500.0,2025-03,High (>10%)
O02420,2025-03-15,C1559,West,Office Chair,Furniture,6500,4300,1,0.3,100,6500,4550.0,4400,150.0,2025-03,High (>10%)
O02650,2025-03-15,C1827,West,Keyboard,Electronics,1800,1000,1,0.0,150,1800,1800.0,1150,650.0,2025-03,None
O02782,2025-03-15,C0653,South,Backpack,Accessories,1800,850,4,0.1,100,7200,6480.0,3500,2980.0,2025-03,Low (1-10%)
O03188,2025-03-15,C2028,North,Office Chair,Furniture,6500,4300,1,0.2,70,6500,5200.0,4370,830.0,2025-03,High (>10%)
O03282,2025-03-15,C0078,West,Pen Set,Stationery,250,110,2,0.05,100,500,475.0,320,155.0,2025-03,Low (1-10%)
O03301,2025-03-15,C1731,North,Notebook,Stationery,150,65,4,0.0,100,600,600.0,360,240.0,2025-03,None
O03702,2025-03-15,C1368,East,Headphones,Electronics,2500,1350,4,0.2,40,10000,8000.0,5440,2560.0,2025-03,High (>10%)
O03791,2025-03-15,C1962,East,Laptop,Electronics,50000,41000,1,0.1,70,50000,45000.0,41070,3930.0,2025-03,Low (1-10%)
O03977,2025-03-15,C2116,East,Notebook,Stationery,150,65,3,0.0,70,450,450.0,265,185.0,2025-03,None
O04496,2025-03-15,C0183,South,Notebook,Stationery,150,65,1,0.2,100,150,120.0,165,-45.0,2025-03,High (>10%)
O04761,2025-03-15,C1664,South,Backpack,Accessories,1800,850,4,0.1,40,7200,6480.0,3440,3040.0,2025-03,Low (1-10%)
O04804,2025-03-15,C0424,South,Pen Set,Stationery,250,110,4,0.3,150,1000,700.0,590,110.0,2025-03,High (>10%)
O05636,2025-03-15,C1982,East,Desk,Furniture,9000,6300,1,0.2,40,9000,7200.0,6340,860.0,2025-03,High (>10%)
O00174,2025-03-16,C1230,North,Notebook,Stationery,150,65,1,0.3,70,150,105.0,135,-30.0,2025-03,High (>10%)
O01261,2025-03-16,C1657,West,Keyboard,Electronics,1800,1000,3,0.1,40,5400,4860.0,3040,1820.0,2025-03,Low (1-10%)
O01308,2025-03-16,C1313,North,Headphones,Electronics,2500,1350,2,0.0,70,5000,5000.0,2770,2230.0,2025-03,None
O01493,2025-03-16,C0918,West,Laptop,Electronics,50000,41000,2,0.0,150,100000,100000.0,82150,17850.0,2025-03,None
O01744,2025-03-16,C1419,West,Laptop,Electronics,50000,41000,4,0.0,100,200000,200000.0,164100,35900.0,2025-03,None
O02402,2025-03-16,C0936,South,Desk,Furniture,9000,6300,1,0.1,40,9000,8100.0,6340,1760.0,2025-03,Low (1-10%)
O02611,2025-03-16,C2004,North,Backpack,Accessories,1800,850,4,0.1,100,7200,6480.0,3500,2980.0,2025-03,Low (1-10%)
O03737,2025-03-16,C2107,South,Office Chair,Furniture,6500,4300,2,0.0,150,13000,13000.0,8750,4250.0,2025-03,None
O04021,2025-03-16,C0776,West,Headphones,Electronics,2500,1350,2,0.0,100,5000,5000.0,2800,2200.0,2025-03,None
O04026,2025-03-16,C1693,North,Headphones,Electronics,2500,1350,4,0.0,150,10000,10000.0,5550,4450.0,2025-03,None
O04465,2025-03-16,C1533,East,Office Chair,Furniture,6500,4300,2,0.0,150,13000,13000.0,8750,4250.0,2025-03,None
O04700,2025-03-16,C0127,North,Laptop,Electronics,50000,41000,1,0.3,40,50000,35000.0,41040,-6040.0,2025-03,High (>10%)
O04876,2025-03-16,C1997,North,Notebook,Stationery,150,65,2,0.2,100,300,240.0,230,10.0,2025-03,High (>10%)
O05031,2025-03-16,C0025,South,Keyboard,Electronics,1800,1000,3,0.3,70,5400,3780.0,3070,710.0,2025-03,High (>10%)
O05312,2025-03-16,C0520,North,Backpack,Accessories,1800,850,3,0.1,100,5400,4860.0,2650,2210.0,2025-03,Low (1-10%)
O05761,2025-03-16,C0366,South,Laptop,Electronics,50000,41000,3,0.1,40,150000,135000.0,123040,11960.0,2025-03,Low (1-10%)
O00101,2025-03-17,C1792,South,Pen Set,Stationery,250,110,2,0.05,70,500,475.0,290,185.0,2025-03,Low (1-10%)
O00615,2025-03-17,C1118,North,Notebook,Stationery,150,65,1,0.1,70,150,135.0,135,0.0,2025-03,Low (1-10%)
O01255,2025-03-17,C1305,East,Notebook,Stationery,150,65,4,0.0,40,600,600.0,300,300.0,2025-03,None
O01604,2025-03-17,C1660,West,Keyboard,Electronics,1800,1000,3,0.1,70,5400,4860.0,3070,1790.0,2025-03,Low (1-10%)
O01753,2025-03-17,C2355,East,Notebook,Stationery,150,65,2,0.0,100,300,300.0,230,70.0,2025-03,None
O01850,2025-03-17,C0835,South,Headphones,Electronics,2500,1350,3,0.1,150,7500,6750.0,4200,2550.0,2025-03,Low (1-10%)
O02320,2025-03-17,C0414,North,Pen Set,Stationery,250,110,4,0.0,150,1000,1000.0,590,410.0,2025-03,None
O02593,2025-03-17,C1604,West,Desk,Furniture,9000,6300,4,0.1,150,36000,32400.0,25350,7050.0,2025-03,Low (1-10%)
O03095,2025-03-17,C0678,South,Backpack,Accessories,1800,850,4,0.1,40,7200,6480.0,3440,3040.0,2025-03,Low (1-10%)
O03623,2025-03-17,C2154,East,Keyboard,Electronics,1800,1000,1,0.0,100,1800,1800.0,1100,700.0,2025-03,None
O04383,2025-03-17,C2458,North,Keyboard,Electronics,1800,1000,1,0.05,100,1800,1710.0,1100,610.0,2025-03,Low (1-10%)
O04948,2025-03-17,C0064,North,Desk,Furniture,9000,6300,3,0.1,70,27000,24300.0,18970,5330.0,2025-03,Low (1-10%)
O05173,2025-03-17,C1206,East,Pen Set,Stationery,250,110,4,0.2,150,1000,800.0,590,210.0,2025-03,High (>10%)
O05801,2025-03-17,C0213,North,Laptop,Electronics,50000,41000,4,0.1,70,200000,180000.0,164070,15930.0,2025-03,Low (1-10%)
O00091,2025-03-18,C1166,East,Office Chair,Furniture,6500,4300,1,0.2,150,6500,5200.0,4450,750.0,2025-03,High (>10%)
O00978,2025-03-18,C0052,West,Desk,Furniture,9000,6300,2,0.2,150,18000,14400.0,12750,1650.0,2025-03,High (>10%)
O01304,2025-03-18,C2474,South,Backpack,Accessories,1800,850,4,0.3,150,7200,5040.0,3550,1490.0,2025-03,High (>10%)
O01894,2025-03-18,C1809,South,Notebook,Stationery,150,65,1,0.05,40,150,142.5,105,37.5,2025-03,Low (1-10%)
O01967,2025-03-18,C0969,South,Keyboard,Electronics,1800,1000,2,0.1,100,3600,3240.0,2100,1140.0,2025-03,Low (1-10%)
O02129,2025-03-18,C0959,North,Laptop,Electronics,50000,41000,3,0.0,150,150000,150000.0,123150,26850.0,2025-03,None
O02751,2025-03-18,C1649,West,Headphones,Electronics,2500,1350,1,0.1,40,2500,2250.0,1390,860.0,2025-03,Low (1-10%)
O02927,2025-03-18,C1479,South,Desk,Furniture,9000,6300,1,0.05,100,9000,8550.0,6400,2150.0,2025-03,Low (1-10%)
O03482,2025-03-18,C1270,East,Headphones,Electronics,2500,1350,3,0.2,40,7500,6000.0,4090,1910.0,2025-03,High (>10%)
O03604,2025-03-18,C2011,North,Desk,Furniture,9000,6300,2,0.05,100,18000,17100.0,12700,4400.0,2025-03,Low (1-10%)
O03956,2025-03-18,C2396,South,Backpack,Accessories,1800,850,3,0.1,100,5400,4860.0,2650,2210.0,2025-03,Low (1-10%)
O04129,2025-03-18,C1102,South,Desk,Furniture,9000,6300,1,0.1,70,9000,8100.0,6370,1730.0,2025-03,Low (1-10%)
O04399,2025-03-18,C2350,East,Laptop,Electronics,50000,41000,1,0.1,100,50000,45000.0,41100,3900.0,2025-03,Low (1-10%)
O04954,2025-03-18,C1984,West,Headphones,Electronics,2500,1350,3,0.2,100,7500,6000.0,4150,1850.0,2025-03,High (>10%)
O05330,2025-03-18,C0190,North,Office Chair,Furniture,6500,4300,1,0.2,70,6500,5200.0,4370,830.0,2025-03,High (>10%)
O05911,2025-03-18,C1807,North,Headphones,Electronics,2500,1350,1,0.3,40,2500,1750.0,1390,360.0,2025-03,High (>10%)
O00417,2025-03-19,C2312,South,Backpack,Accessories,1800,850,3,0.0,100,5400,5400.0,2650,2750.0,2025-03,None
O01322,2025-03-19,C0832,South,Keyboard,Electronics,1800,1000,4,0.05,70,7200,6840.0,4070,2770.0,2025-03,Low (1-10%)
O01334,2025-03-19,C2016,North,Pen Set,Stationery,250,110,3,0.05,70,750,712.5,400,312.5,2025-03,Low (1-10%)
O01463,2025-03-19,C1364,North,Laptop,Electronics,50000,41000,2,0.05,70,100000,95000.0,82070,12930.0,2025-03,Low (1-10%)
O01482,2025-03-19,C1497,North,Laptop,Electronics,50000,41000,3,0.0,100,150000,150000.0,123100,26900.0,2025-03,None
O01891,2025-03-19,C1933,North,Headphones,Electronics,2500,1350,1,0.1,150,2500,2250.0,1500,750.0,2025-03,Low (1-10%)
O02067,2025-03-19,C1140,West,Notebook,Stationery,150,65,4,0.05,70,600,570.0,330,240.0,2025-03,Low (1-10%)
O02550,2025-03-19,C1775,East,Headphones,Electronics,2500,1350,2,0.3,40,5000,3500.0,2740,760.0,2025-03,High (>10%)
O02985,2025-03-19,C0669,North,Notebook,Stationery,150,65,3,0.05,40,450,427.5,235,192.5,2025-03,Low (1-10%)
O03135,2025-03-19,C1653,West,Notebook,Stationery,150,65,1,0.2,70,150,120.0,135,-15.0,2025-03,High (>10%)
O03190,2025-03-19,C1541,North,Pen Set,Stationery,250,110,3,0.2,40,750,600.0,370,230.0,2025-03,High (>10%)
O03511,2025-03-19,C0115,North,Backpack,Accessories,1800,850,1,0.3,70,1800,1260.0,920,340.0,2025-03,High (>10%)
O03929,2025-03-19,C1222,North,Notebook,Stationery,150,65,3,0.1,40,450,405.0,235,170.0,2025-03,Low (1-10%)
O04781,2025-03-19,C0201,South,Pen Set,Stationery,250,110,2,0.0,100,500,500.0,320,180.0,2025-03,None
O00118,2025-03-20,C2021,South,Headphones,Electronics,2500,1350,4,0.0,70,10000,10000.0,5470,4530.0,2025-03,None
O00389,2025-03-20,C1924,North,Backpack,Accessories,1800,850,3,0.2,70,5400,4320.0,2620,1700.0,2025-03,High (>10%)
O02193,2025-03-20,C1545,East,Keyboard,Electronics,1800,1000,1,0.1,100,1800,1620.0,1100,520.0,2025-03,Low (1-10%)
O02576,2025-03-20,C0292,North,Keyboard,Electronics,1800,1000,3,0.0,150,5400,5400.0,3150,2250.0,2025-03,None
O03195,2025-03-20,C1303,North,Notebook,Stationery,150,65,4,0.0,100,600,600.0,360,240.0,2025-03,None
O03242,2025-03-20,C0800,North,Headphones,Electronics,2500,1350,3,0.1,40,7500,6750.0,4090,2660.0,2025-03,Low (1-10%)
O03296,2025-03-20,C0963,East,Pen Set,Stationery,250,110,2,0.1,70,500,450.0,290,160.0,2025-03,Low (1-10%)
O03538,2025-03-20,C2445,South,Headphones,Electronics,2500,1350,2,0.05,150,5000,4750.0,2850,1900.0,2025-03,Low (1-10%)
O03854,2025-03-20,C0463,North,Keyboard,Electronics,1800,1000,4,0.05,100,7200,6840.0,4100,2740.0,2025-03,Low (1-10%)
O04256,2025-03-20,C1747,North,Keyboard,Electronics,1800,1000,3,0.2,70,5400,4320.0,3070,1250.0,2025-03,High (>10%)
O04758,2025-03-20,C1023,South,Headphones,Electronics,2500,1350,3,0.2,100,7500,6000.0,4150,1850.0,2025-03,High (>10%)
O05045,2025-03-20,C1841,West,Pen Set,Stationery,250,110,4,0.1,150,1000,900.0,590,310.0,2025-03,Low (1-10%)
O05739,2025-03-20,C1244,South,Headphones,Electronics,2500,1350,3,0.0,40,7500,7500.0,4090,3410.0,2025-03,None
O05763,2025-03-20,C0694,South,Headphones,Electronics,2500,1350,3,0.1,70,7500,6750.0,4120,2630.0,2025-03,Low (1-10%)
O00973,2025-03-21,C2273,West,Office Chair,Furniture,6500,4300,2,0.0,100,13000,13000.0,8700,4300.0,2025-03,None
O01276,2025-03-21,C1757,North,Notebook,Stationery,150,65,1,0.0,70,150,150.0,135,15.0,2025-03,None
O01842,2025-03-21,C1878,East,Laptop,Electronics,50000,41000,1,0.3,40,50000,35000.0,41040,-6040.0,2025-03,High (>10%)
O01971,2025-03-21,C2460,South,Pen Set,Stationery,250,110,4,0.3,40,1000,700.0,480,220.0,2025-03,High (>10%)
O02450,2025-03-21,C1649,South,Headphones,Electronics,2500,1350,2,0.05,150,5000,4750.0,2850,1900.0,2025-03,Low (1-10%)
O02767,2025-03-21,C0515,South,Keyboard,Electronics,1800,1000,1,0.2,70,1800,1440.0,1070,370.0,2025-03,High (>10%)
O02997,2025-03-21,C1357,North,Keyboard,Electronics,1800,1000,1,0.3,40,1800,1260.0,1040,220.0,2025-03,High (>10%)
O03216,2025-03-21,C0163,North,Keyboard,Electronics,1800,1000,2,0.1,150,3600,3240.0,2150,1090.0,2025-03,Low (1-10%)
O03820,2025-03-21,C0906,South,Backpack,Accessories,1800,850,3,0.3,150,5400,3780.0,2700,1080.0,2025-03,High (>10%)
O03823,2025-03-21,C0385,North,Desk,Furniture,9000,6300,3,0.0,40,27000,27000.0,18940,8060.0,2025-03,None
O04002,2025-03-21,C1399,East,Pen Set,Stationery,250,110,3,0.05,40,750,712.5,370,342.5,2025-03,Low (1-10%)
O04083,2025-03-21,C0061,North,Pen Set,Stationery,250,110,4,0.2,100,1000,800.0,540,260.0,2025-03,High (>10%)
O04211,2025-03-21,C1248,East,Headphones,Electronics,2500,1350,3,0.0,70,7500,7500.0,4120,3380.0,2025-03,None
O04308,2025-03-21,C2215,North,Pen Set,Stationery,250,110,2,0.3,150,500,350.0,370,-20.0,2025-03,High (>10%)
O04762,2025-03-21,C1242,South,Pen Set,Stationery,250,110,4,0.3,70,1000,700.0,510,190.0,2025-03,High (>10%)
O05075,2025-03-21,C0622,South,Headphones,Electronics,2500,1350,3,0.0,150,7500,7500.0,4200,3300.0,2025-03,None
O00203,2025-03-22,C1866,South,Office Chair,Furniture,6500,4300,1,0.05,70,6500,6175.0,4370,1805.0,2025-03,Low (1-10%)
O01208,2025-03-22,C0400,North,Notebook,Stationery,150,65,1,0.2,70,150,120.0,135,-15.0,2025-03,High (>10%)
O01321,2025-03-22,C1048,West,Laptop,Electronics,50000,41000,1,0.0,100,50000,50000.0,41100,8900.0,2025-03,None
O01473,2025-03-22,C0352,East,Office Chair,Furniture,6500,4300,4,0.05,40,26000,24700.0,17240,7460.0,2025-03,Low (1-10%)
O01582,2025-03-22,C0938,South,Headphones,Electronics,2500,1350,3,0.05,150,7500,7125.0,4200,2925.0,2025-03,Low (1-10%)
O01627,2025-03-22,C0261,North,Desk,Furniture,9000,6300,4,0.1,100,36000,32400.0,25300,7100.0,2025-03,Low (1-10%)
O01712,2025-03-22,C0843,South,Office Chair,Furniture,6500,4300,4,0.0,150,26000,26000.0,17350,8650.0,2025-03,None
O01729,2025-03-22,C1159,East,Office Chair,Furniture,6500,4300,4,0.0,100,26000,26000.0,17300,8700.0,2025-03,None
O01974,2025-03-22,C1495,South,Keyboard,Electronics,1800,1000,3,0.2,100,5400,4320.0,3100,1220.0,2025-03,High (>10%)
O02042,2025-03-22,C2467,South,Backpack,Accessories,1800,850,1,0.0,150,1800,1800.0,1000,800.0,2025-03,None
O02190,2025-03-22,C1691,South,Desk,Furniture,9000,6300,4,0.05,100,36000,34200.0,25300,8900.0,2025-03,Low (1-10%)
O03101,2025-03-22,C0792,North,Keyboard,Electronics,1800,1000,3,0.0,70,5400,5400.0,3070,2330.0,2025-03,None
O03280,2025-03-22,C0933,East,Notebook,Stationery,150,65,2,0.2,100,300,240.0,230,10.0,2025-03,High (>10%)
O03567,2025-03-22,C2291,South,Office Chair,Furniture,6500,4300,1,0.1,100,6500,5850.0,4400,1450.0,2025-03,Low (1-10%)
O03633,2025-03-22,C0026,West,Laptop,Electronics,50000,41000,1,0.2,40,50000,40000.0,41040,-1040.0,2025-03,High (>10%)
O03754,2025-03-22,C1621,North,Keyboard,Electronics,1800,1000,3,0.0,150,5400,5400.0,3150,2250.0,2025-03,None
O03794,2025-03-22,C1461,North,Notebook,Stationery,150,65,4,0.3,70,600,420.0,330,90.0,2025-03,High (>10%)
O04266,2025-03-22,C2001,South,Backpack,Accessories,1800,850,4,0.3,150,7200,5040.0,3550,1490.0,2025-03,High (>10%)
O05696,2025-03-22,C1479,East,Laptop,Electronics,50000,41000,1,0.1,150,50000,45000.0,41150,3850.0,2025-03,Low (1-10%)
O05952,2025-03-22,C0196,East,Pen Set,Stationery,250,110,4,0.0,100,1000,1000.0,540,460.0,2025-03,None
O00162,2025-03-23,C0480,West,Notebook,Stationery,150,65,2,0.1,100,300,270.0,230,40.0,2025-03,Low (1-10%)
O00660,2025-03-23,C0625,South,Keyboard,Electronics,1800,1000,2,0.1,100,3600,3240.0,2100,1140.0,2025-03,Low (1-10%)
O01139,2025-03-23,C1882,South,Notebook,Stationery,150,65,2,0.0,70,300,300.0,200,100.0,2025-03,None
O01535,2025-03-23,C0900,North,Pen Set,Stationery,250,110,2,0.3,40,500,350.0,260,90.0,2025-03,High (>10%)
O01537,2025-03-23,C1216,East,Headphones,Electronics,2500,1350,4,0.2,40,10000,8000.0,5440,2560.0,2025-03,High (>10%)
O03921,2025-03-23,C1768,South,Backpack,Accessories,1800,850,2,0.0,100,3600,3600.0,1800,1800.0,2025-03,None
O03964,2025-03-23,C2241,East,Office Chair,Furniture,6500,4300,1,0.0,100,6500,6500.0,4400,2100.0,2025-03,None
O03992,2025-03-23,C0848,South,Pen Set,Stationery,250,110,1,0.0,40,250,250.0,150,100.0,2025-03,None
O04152,2025-03-23,C1222,East,Desk,Furniture,9000,6300,3,0.2,70,27000,21600.0,18970,2630.0,2025-03,High (>10%)
O05435,2025-03-23,C1460,North,Desk,Furniture,9000,6300,1,0.1,40,9000,8100.0,6340,1760.0,2025-03,Low (1-10%)
O05550,2025-03-23,C1690,North,Pen Set,Stationery,250,110,4,0.05,70,1000,950.0,510,440.0,2025-03,Low (1-10%)
O05764,2025-03-23,C2344,North,Laptop,Electronics,50000,41000,2,0.0,70,100000,100000.0,82070,17930.0,2025-03,None
O05931,2025-03-23,C0381,North,Backpack,Accessories,1800,850,4,0.2,40,7200,5760.0,3440,2320.0,2025-03,High (>10%)
O00163,2025-03-24,C0433,East,Office Chair,Furniture,6500,4300,3,0.3,150,19500,13650.0,13050,600.0,2025-03,High (>10%)
O01088,2025-03-24,C1295,West,Backpack,Accessories,1800,850,3,0.1,70,5400,4860.0,2620,2240.0,2025-03,Low (1-10%)
O01220,2025-03-24,C0026,East,Office Chair,Furniture,6500,4300,3,0.05,40,19500,18525.0,12940,5585.0,2025-03,Low (1-10%)
O01568,2025-03-24,C0153,West,Desk,Furniture,9000,6300,1,0.0,70,9000,9000.0,6370,2630.0,2025-03,None
O01771,2025-03-24,C1827,North,Keyboard,Electronics,1800,1000,2,0.0,150,3600,3600.0,2150,1450.0,2025-03,None
O02759,2025-03-24,C1018,North,Keyboard,Electronics,1800,1000,1,0.0,40,1800,1800.0,1040,760.0,2025-03,None
O02766,2025-03-24,C2363,North,Desk,Furniture,9000,6300,4,0.3,40,36000,25200.0,25240,-40.0,2025-03,High (>10%)
O02827,2025-03-24,C0402,South,Keyboard,Electronics,1800,1000,2,0.2,40,3600,2880.0,2040,840.0,2025-03,High (>10%)
O03484,2025-03-24,C1145,West,Headphones,Electronics,2500,1350,3,0.0,40,7500,7500.0,4090,3410.0,2025-03,None
O03491,2025-03-24,C1742,North,Laptop,Electronics,50000,41000,4,0.0,40,200000,200000.0,164040,35960.0,2025-03,None
O03782,2025-03-24,C1339,East,Headphones,Electronics,2500,1350,1,0.05,150,2500,2375.0,1500,875.0,2025-03,Low (1-10%)
O04102,2025-03-24,C0984,North,Backpack,Accessories,1800,850,3,0.0,70,5400,5400.0,2620,2780.0,2025-03,None
O04278,2025-03-24,C1925,West,Pen Set,Stationery,250,110,3,0.2,100,750,600.0,430,170.0,2025-03,High (>10%)
O04818,2025-03-24,C2201,West,Keyboard,Electronics,1800,1000,4,0.05,100,7200,6840.0,4100,2740.0,2025-03,Low (1-10%)
O05232,2025-03-24,C1585,North,Office Chair,Furniture,6500,4300,3,0.1,40,19500,17550.0,12940,4610.0,2025-03,Low (1-10%)
O05513,2025-03-24,C0508,East,Backpack,Accessories,1800,850,2,0.05,40,3600,3420.0,1740,1680.0,2025-03,Low (1-10%)
O00068,2025-03-25,C0052,South,Keyboard,Electronics,1800,1000,1,0.1,100,1800,1620.0,1100,520.0,2025-03,Low (1-10%)
O00532,2025-03-25,C2096,East,Headphones,Electronics,2500,1350,1,0.3,70,2500,1750.0,1420,330.0,2025-03,High (>10%)
O01074,2025-03-25,C0308,West,Desk,Furniture,9000,6300,3,0.3,100,27000,18900.0,19000,-100.0,2025-03,High (>10%)
O01185,2025-03-25,C1019,North,Office Chair,Furniture,6500,4300,3,0.2,100,19500,15600.0,13000,2600.0,2025-03,High (>10%)
O02848,2025-03-25,C1242,South,Office Chair,Furniture,6500,4300,2,0.1,70,13000,11700.0,8670,3030.0,2025-03,Low (1-10%)
O03031,2025-03-25,C1948,North,Notebook,Stationery,150,65,2,0.3,100,300,210.0,230,-20.0,2025-03,High (>10%)
O03902,2025-03-25,C1639,East,Backpack,Accessories,1800,850,4,0.0,70,7200,7200.0,3470,3730.0,2025-03,None
O03910,2025-03-25,C2095,North,Backpack,Accessories,1800,850,3,0.0,70,5400,5400.0,2620,2780.0,2025-03,None
O04094,2025-03-25,C1789,East,Office Chair,Furniture,6500,4300,1,0.05,40,6500,6175.0,4340,1835.0,2025-03,Low (1-10%)
O04145,2025-03-25,C2435,South,Headphones,Electronics,2500,1350,3,0.3,100,7500,5250.0,4150,1100.0,2025-03,High (>10%)
O04997,2025-03-25,C0125,North,Notebook,Stationery,150,65,2,0.0,100,300,300.0,230,70.0,2025-03,None
O05109,2025-03-25,C0555,South,Keyboard,Electronics,1800,1000,2,0.0,100,3600,3600.0,2100,1500.0,2025-03,None
O05292,2025-03-25,C0949,South,Backpack,Accessories,1800,850,1,0.1,100,1800,1620.0,950,670.0,2025-03,Low (1-10%)
O05349,2025-03-25,C0921,West,Keyboard,Electronics,1800,1000,4,0.0,40,7200,7200.0,4040,3160.0,2025-03,None
O05871,2025-03-25,C1174,South,Pen Set,Stationery,250,110,4,0.1,70,1000,900.0,510,390.0,2025-03,Low (1-10%)
O05881,2025-03-25,C1656,North,Headphones,Electronics,2500,1350,4,0.05,70,10000,9500.0,5470,4030.0,2025-03,Low (1-10%)
O00121,2025-03-26,C1851,East,Office Chair,Furniture,6500,4300,2,0.1,70,13000,11700.0,8670,3030.0,2025-03,Low (1-10%)
O00333,2025-03-26,C1598,South,Keyboard,Electronics,1800,1000,1,0.05,150,1800,1710.0,1150,560.0,2025-03,Low (1-10%)
O00832,2025-03-26,C0394,North,Headphones,Electronics,2500,1350,1,0.2,100,2500,2000.0,1450,550.0,2025-03,High (>10%)
O00993,2025-03-26,C1642,South,Headphones,Electronics,2500,1350,1,0.1,40,2500,2250.0,1390,860.0,2025-03,Low (1-10%)
O01079,2025-03-26,C2316,East,Office Chair,Furniture,6500,4300,4,0.0,40,26000,26000.0,17240,8760.0,2025-03,None
O02319,2025-03-26,C0313,East,Pen Set,Stationery,250,110,4,0.1,100,1000,900.0,540,360.0,2025-03,Low (1-10%)
O02413,2025-03-26,C1529,West,Backpack,Accessories,1800,850,3,0.05,100,5400,5130.0,2650,2480.0,2025-03,Low (1-10%)
O02625,2025-03-26,C0309,West,Backpack,Accessories,1800,850,3,0.1,40,5400,4860.0,2590,2270.0,2025-03,Low (1-10%)
O02659,2025-03-26,C1587,North,Notebook,Stationery,150,65,1,0.0,40,150,150.0,105,45.0,2025-03,None
O04201,2025-03-26,C1970,West,Notebook,Stationery,150,65,1,0.2,100,150,120.0,165,-45.0,2025-03,High (>10%)
O05157,2025-03-26,C0702,East,Backpack,Accessories,1800,850,2,0.0,100,3600,3600.0,1800,1800.0,2025-03,None
O05501,2025-03-26,C1300,North,Backpack,Accessories,1800,850,2,0.05,100,3600,3420.0,1800,1620.0,2025-03,Low (1-10%)
O05671,2025-03-26,C0870,South,Keyboard,Electronics,1800,1000,4,0.0,150,7200,7200.0,4150,3050.0,2025-03,None
O00040,2025-03-27,C2372,North,Notebook,Stationery,150,65,2,0.1,70,300,270.0,200,70.0,2025-03,Low (1-10%)
O00263,2025-03-27,C0833,East,Keyboard,Electronics,1800,1000,3,0.1,150,5400,4860.0,3150,1710.0,2025-03,Low (1-10%)
O00415,2025-03-27,C0198,West,Laptop,Electronics,50000,41000,2,0.0,40,100000,100000.0,82040,17960.0,2025-03,None
O01145,2025-03-27,C2247,South,Keyboard,Electronics,1800,1000,4,0.1,100,7200,6480.0,4100,2380.0,2025-03,Low (1-10%)
O01807,2025-03-27,C2099,North,Laptop,Electronics,50000,41000,1,0.0,100,50000,50000.0,41100,8900.0,2025-03,None
O01865,2025-03-27,C2395,South,Pen Set,Stationery,250,110,2,0.2,70,500,400.0,290,110.0,2025-03,High (>10%)
O01968,2025-03-27,C1917,West,Office Chair,Furniture,6500,4300,1,0.0,100,6500,6500.0,4400,2100.0,2025-03,None
O02688,2025-03-27,C0137,North,Desk,Furniture,9000,6300,1,0.05,40,9000,8550.0,6340,2210.0,2025-03,Low (1-10%)
O02911,2025-03-27,C0710,West,Laptop,Electronics,50000,41000,4,0.0,100,200000,200000.0,164100,35900.0,2025-03,None
O02940,2025-03-27,C1496,East,Headphones,Electronics,2500,1350,2,0.0,150,5000,5000.0,2850,2150.0,2025-03,None
O03058,2025-03-27,C0958,West,Headphones,Electronics,2500,1350,1,0.0,40,2500,2500.0,1390,1110.0,2025-03,None
O03105,2025-03-27,C1672,East,Notebook,Stationery,150,65,2,0.1,150,300,270.0,280,-10.0,2025-03,Low (1-10%)
O03182,2025-03-27,C0928,West,Headphones,Electronics,2500,1350,4,0.0,150,10000,10000.0,5550,4450.0,2025-03,None
O03591,2025-03-27,C0393,East,Laptop,Electronics,50000,41000,4,0.05,100,200000,190000.0,164100,25900.0,2025-03,Low (1-10%)
O04022,2025-03-27,C2415,South,Laptop,Electronics,50000,41000,1,0.0,150,50000,50000.0,41150,8850.0,2025-03,None
O04275,2025-03-27,C0206,East,Laptop,Electronics,50000,41000,1,0.0,100,50000,50000.0,41100,8900.0,2025-03,None
O00083,2025-03-28,C1995,North,Headphones,Electronics,2500,1350,2,0.3,70,5000,3500.0,2770,730.0,2025-03,High (>10%)
O00463,2025-03-28,C2398,North,Notebook,Stationery,150,65,3,0.05,40,450,427.5,235,192.5,2025-03,Low (1-10%)
O00589,2025-03-28,C1608,East,Pen Set,Stationery,250,110,1,0.0,150,250,250.0,260,-10.0,2025-03,None
O01295,2025-03-28,C0750,North,Backpack,Accessories,1800,850,2,0.0,100,3600,3600.0,1800,1800.0,2025-03,None
O01383,2025-03-28,C1934,North,Keyboard,Electronics,1800,1000,4,0.05,150,7200,6840.0,4150,2690.0,2025-03,Low (1-10%)
O01389,2025-03-28,C0922,North,Backpack,Accessories,1800,850,3,0.05,70,5400,5130.0,2620,2510.0,2025-03,Low (1-10%)
O01519,2025-03-28,C2244,South,Office Chair,Furniture,6500,4300,4,0.3,70,26000,18200.0,17270,930.0,2025-03,High (>10%)
O01698,2025-03-28,C0505,East,Headphones,Electronics,2500,1350,4,0.0,150,10000,10000.0,5550,4450.0,2025-03,None
O01990,2025-03-28,C1993,West,Backpack,Accessories,1800,850,2,0.05,40,3600,3420.0,1740,1680.0,2025-03,Low (1-10%)
O02381,2025-03-28,C0876,East,Headphones,Electronics,2500,1350,1,0.1,150,2500,2250.0,1500,750.0,2025-03,Low (1-10%)
O02858,2025-03-28,C1499,South,Pen Set,Stationery,250,110,1,0.0,40,250,250.0,150,100.0,2025-03,None
O02876,2025-03-28,C0895,South,Desk,Furniture,9000,6300,4,0.05,70,36000,34200.0,25270,8930.0,2025-03,Low (1-10%)
O02956,2025-03-28,C0687,East,Backpack,Accessories,1800,850,2,0.3,40,3600,2520.0,1740,780.0,2025-03,High (>10%)
O03397,2025-03-28,C0532,North,Office Chair,Furniture,6500,4300,4,0.0,100,26000,26000.0,17300,8700.0,2025-03,None
O03468,2025-03-28,C0603,North,Keyboard,Electronics,1800,1000,2,0.2,40,3600,2880.0,2040,840.0,2025-03,High (>10%)
O03634,2025-03-28,C1386,South,Pen Set,Stationery,250,110,4,0.1,70,1000,900.0,510,390.0,2025-03,Low (1-10%)
O03736,2025-03-28,C0461,West,Headphones,Electronics,2500,1350,3,0.1,150,7500,6750.0,4200,2550.0,2025-03,Low (1-10%)
O03906,2025-03-28,C2217,West,Pen Set,Stationery,250,110,4,0.05,150,1000,950.0,590,360.0,2025-03,Low (1-10%)
O03912,2025-03-28,C1695,North,Backpack,Accessories,1800,850,1,0.1,150,1800,1620.0,1000,620.0,2025-03,Low (1-10%)
O03930,2025-03-28,C0402,South,Notebook,Stationery,150,65,3,0.1,100,450,405.0,295,110.0,2025-03,Low (1-10%)
O04071,2025-03-28,C1760,East,Laptop,Electronics,50000,41000,2,0.05,40,100000,95000.0,82040,12960.0,2025-03,Low (1-10%)
O04460,2025-03-28,C1639,South,Notebook,Stationery,150,65,4,0.3,150,600,420.0,410,10.0,2025-03,High (>10%)
O04679,2025-03-28,C1020,South,Notebook,Stationery,150,65,4,0.1,70,600,540.0,330,210.0,2025-03,Low (1-10%)
O04733,2025-03-28,C2165,South,Pen Set,Stationery,250,110,3,0.0,150,750,750.0,480,270.0,2025-03,None
O04770,2025-03-28,C0430,South,Laptop,Electronics,50000,41000,1,0.1,100,50000,45000.0,41100,3900.0,2025-03,Low (1-10%)
O04986,2025-03-28,C1011,South,Laptop,Electronics,50000,41000,4,0.2,40,200000,160000.0,164040,-4040.0,2025-03,High (>10%)
O05261,2025-03-28,C0589,South,Backpack,Accessories,1800,850,4,0.2,100,7200,5760.0,3500,2260.0,2025-03,High (>10%)
O05481,2025-03-28,C1011,West,Backpack,Accessories,1800,850,2,0.0,40,3600,3600.0,1740,1860.0,2025-03,None
O00161,2025-03-29,C0171,South,Backpack,Accessories,1800,850,4,0.2,100,7200,5760.0,3500,2260.0,2025-03,High (>10%)
O00785,2025-03-29,C2464,South,Office Chair,Furniture,6500,4300,1,0.0,40,6500,6500.0,4340,2160.0,2025-03,None
O01199,2025-03-29,C0204,East,Pen Set,Stationery,250,110,3,0.1,40,750,675.0,370,305.0,2025-03,Low (1-10%)
O01330,2025-03-29,C0638,West,Keyboard,Electronics,1800,1000,1,0.3,100,1800,1260.0,1100,160.0,2025-03,High (>10%)
O01415,2025-03-29,C1086,South,Desk,Furniture,9000,6300,1,0.0,70,9000,9000.0,6370,2630.0,2025-03,None
O02008,2025-03-29,C1322,East,Headphones,Electronics,2500,1350,1,0.1,70,2500,2250.0,1420,830.0,2025-03,Low (1-10%)
O02423,2025-03-29,C2448,East,Laptop,Electronics,50000,41000,4,0.2,70,200000,160000.0,164070,-4070.0,2025-03,High (>10%)
O02711,2025-03-29,C2228,East,Laptop,Electronics,50000,41000,3,0.2,100,150000,120000.0,123100,-3100.0,2025-03,High (>10%)
O02847,2025-03-29,C1749,East,Pen Set,Stationery,250,110,3,0.1,100,750,675.0,430,245.0,2025-03,Low (1-10%)
O04082,2025-03-29,C0426,South,Keyboard,Electronics,1800,1000,2,0.0,40,3600,3600.0,2040,1560.0,2025-03,None
O05518,2025-03-29,C0982,North,Notebook,Stationery,150,65,1,0.0,150,150,150.0,215,-65.0,2025-03,None
O05874,2025-03-29,C0545,South,Keyboard,Electronics,1800,1000,1,0.0,100,1800,1800.0,1100,700.0,2025-03,None
O05903,2025-03-29,C0015,North,Laptop,Electronics,50000,41000,4,0.0,150,200000,200000.0,164150,35850.0,2025-03,None
O05932,2025-03-29,C0419,North,Desk,Furniture,9000,6300,4,0.1,70,36000,32400.0,25270,7130.0,2025-03,Low (1-10%)
O00475,2025-03-30,C2065,South,Notebook,Stationery,150,65,1,0.1,40,150,135.0,105,30.0,2025-03,Low (1-10%)
O00477,2025-03-30,C0213,South,Pen Set,Stationery,250,110,2,0.3,40,500,350.0,260,90.0,2025-03,High (>10%)
O00668,2025-03-30,C1174,West,Pen Set,Stationery,250,110,3,0.2,40,750,600.0,370,230.0,2025-03,High (>10%)
O01991,2025-03-30,C0383,East,Desk,Furniture,9000,6300,4,0.1,150,36000,32400.0,25350,7050.0,2025-03,Low (1-10%)
O02019,2025-03-30,C1433,North,Notebook,Stationery,150,65,4,0.1,70,600,540.0,330,210.0,2025-03,Low (1-10%)
O02094,2025-03-30,C0955,South,Headphones,Electronics,2500,1350,2,0.0,40,5000,5000.0,2740,2260.0,2025-03,None
O02722,2025-03-30,C1198,South,Notebook,Stationery,150,65,1,0.05,100,150,142.5,165,-22.5,2025-03,Low (1-10%)
O02968,2025-03-30,C1923,North,Headphones,Electronics,2500,1350,1,0.05,40,2500,2375.0,1390,985.0,2025-03,Low (1-10%)
O03124,2025-03-30,C0733,West,Desk,Furniture,9000,6300,2,0.05,40,18000,17100.0,12640,4460.0,2025-03,Low (1-10%)
O03747,2025-03-30,C2115,West,Office Chair,Furniture,6500,4300,2,0.1,70,13000,11700.0,8670,3030.0,2025-03,Low (1-10%)
O03916,2025-03-30,C0641,West,Laptop,Electronics,50000,41000,2,0.0,100,100000,100000.0,82100,17900.0,2025-03,None
O03928,2025-03-30,C1776,North,Headphones,Electronics,2500,1350,4,0.0,40,10000,10000.0,5440,4560.0,2025-03,None
O04139,2025-03-30,C0656,North,Backpack,Accessories,1800,850,2,0.2,70,3600,2880.0,1770,1110.0,2025-03,High (>10%)
O04433,2025-03-30,C1822,South,Backpack,Accessories,1800,850,3,0.2,70,5400,4320.0,2620,1700.0,2025-03,High (>10%)
O04596,2025-03-30,C0695,South,Laptop,Electronics,50000,41000,2,0.0,70,100000,100000.0,82070,17930.0,2025-03,None
O04893,2025-03-30,C0319,West,Laptop,Electronics,50000,41000,2,0.1,40,100000,90000.0,82040,7960.0,2025-03,Low (1-10%)
O05191,2025-03-30,C0796,North,Notebook,Stationery,150,65,1,0.05,40,150,142.5,105,37.5,2025-03,Low (1-10%)
O05385,2025-03-30,C0481,North,Laptop,Electronics,50000,41000,1,0.3,40,50000,35000.0,41040,-6040.0,2025-03,High (>10%)
O05546,2025-03-30,C1699,South,Backpack,Accessories,1800,850,3,0.1,70,5400,4860.0,2620,2240.0,2025-03,Low (1-10%)
O05570,2025-03-30,C1817,West,Headphones,Electronics,2500,1350,2,0.0,70,5000,5000.0,2770,2230.0,2025-03,None
O05839,2025-03-30,C2253,South,Keyboard,Electronics,1800,1000,1,0.1,70,1800,1620.0,1070,550.0,2025-03,Low (1-10%)
O00006,2025-03-31,C1423,East,Pen Set,Stationery,250,110,2,0.2,40,500,400.0,260,140.0,2025-03,High (>10%)
O00126,2025-03-31,C0387,West,Desk,Furniture,9000,6300,3,0.1,70,27000,24300.0,18970,5330.0,2025-03,Low (1-10%)
O00385,2025-03-31,C2197,South,Laptop,Electronics,50000,41000,4,0.1,100,200000,180000.0,164100,15900.0,2025-03,Low (1-10%)
O01027,2025-03-31,C0516,West,Laptop,Electronics,50000,41000,4,0.0,40,200000,200000.0,164040,35960.0,2025-03,None
O01099,2025-03-31,C2364,North,Laptop,Electronics,50000,41000,3,0.0,100,150000,150000.0,123100,26900.0,2025-03,None
O01216,2025-03-31,C0553,South,Laptop,Electronics,50000,41000,3,0.3,70,150000,105000.0,123070,-18070.0,2025-03,High (>10%)
O01243,2025-03-31,C0849,North,Backpack,Accessories,1800,850,1,0.1,100,1800,1620.0,950,670.0,2025-03,Low (1-10%)
O01327,2025-03-31,C2064,North,Notebook,Stationery,150,65,1,0.3,100,150,105.0,165,-60.0,2025-03,High (>10%)
O01404,2025-03-31,C1558,South,Keyboard,Electronics,1800,1000,4,0.1,70,7200,6480.0,4070,2410.0,2025-03,Low (1-10%)
O03040,2025-03-31,C0050,South,Headphones,Electronics,2500,1350,3,0.05,40,7500,7125.0,4090,3035.0,2025-03,Low (1-10%)
O03384,2025-03-31,C1060,South,Backpack,Accessories,1800,850,4,0.0,70,7200,7200.0,3470,3730.0,2025-03,None
O03424,2025-03-31,C1949,North,Office Chair,Furniture,6500,4300,2,0.2,40,13000,10400.0,8640,1760.0,2025-03,High (>10%)
O03744,2025-03-31,C0109,South,Office Chair,Furniture,6500,4300,3,0.2,40,19500,15600.0,12940,2660.0,2025-03,High (>10%)
O03885,2025-03-31,C0180,West,Headphones,Electronics,2500,1350,3,0.05,70,7500,7125.0,4120,3005.0,2025-03,Low (1-10%)
O03969,2025-03-31,C1508,North,Desk,Furniture,9000,6300,2,0.05,100,18000,17100.0,12700,4400.0,2025-03,Low (1-10%)
O04090,2025-03-31,C2328,West,Backpack,Accessories,1800,850,3,0.2,70,5400,4320.0,2620,1700.0,2025-03,High (>10%)
O04367,2025-03-31,C0560,South,Headphones,Electronics,2500,1350,4,0.05,150,10000,9500.0,5550,3950.0,2025-03,Low (1-10%)
O04424,2025-03-31,C2434,South,Office Chair,Furniture,6500,4300,4,0.1,40,26000,23400.0,17240,6160.0,2025-03,Low (1-10%)
O00035,2025-04-01,C1114,South,Backpack,Accessories,1800,850,2,0.05,150,3600,3420.0,1850,1570.0,2025-04,Low (1-10%)
O00100,2025-04-01,C1256,West,Headphones,Electronics,2500,1350,4,0.05,70,10000,9500.0,5470,4030.0,2025-04,Low (1-10%)
O00789,2025-04-01,C0943,North,Desk,Furniture,9000,6300,2,0.3,70,18000,12600.0,12670,-70.0,2025-04,High (>10%)
O00868,2025-04-01,C2292,West,Pen Set,Stationery,250,110,4,0.1,40,1000,900.0,480,420.0,2025-04,Low (1-10%)
O01215,2025-04-01,C0275,East,Laptop,Electronics,50000,41000,4,0.1,150,200000,180000.0,164150,15850.0,2025-04,Low (1-10%)
O01298,2025-04-01,C2292,South,Notebook,Stationery,150,65,3,0.1,100,450,405.0,295,110.0,2025-04,Low (1-10%)
O01456,2025-04-01,C0688,West,Laptop,Electronics,50000,41000,3,0.2,150,150000,120000.0,123150,-3150.0,2025-04,High (>10%)
O01528,2025-04-01,C1695,East,Headphones,Electronics,2500,1350,3,0.1,150,7500,6750.0,4200,2550.0,2025-04,Low (1-10%)
O01853,2025-04-01,C0852,East,Office Chair,Furniture,6500,4300,1,0.05,40,6500,6175.0,4340,1835.0,2025-04,Low (1-10%)
O02332,2025-04-01,C1044,West,Pen Set,Stationery,250,110,1,0.0,70,250,250.0,180,70.0,2025-04,None
O02787,2025-04-01,C0571,East,Keyboard,Electronics,1800,1000,4,0.0,150,7200,7200.0,4150,3050.0,2025-04,None
O03503,2025-04-01,C1990,North,Keyboard,Electronics,1800,1000,3,0.1,70,5400,4860.0,3070,1790.0,2025-04,Low (1-10%)
O03817,2025-04-01,C0046,West,Office Chair,Furniture,6500,4300,4,0.0,40,26000,26000.0,17240,8760.0,2025-04,None
O04353,2025-04-01,C1714,East,Desk,Furniture,9000,6300,3,0.05,40,27000,25650.0,18940,6710.0,2025-04,Low (1-10%)
O04666,2025-04-01,C0201,South,Pen Set,Stationery,250,110,1,0.2,100,250,200.0,210,-10.0,2025-04,High (>10%)
O05132,2025-04-01,C0920,West,Office Chair,Furniture,6500,4300,2,0.2,40,13000,10400.0,8640,1760.0,2025-04,High (>10%)
O05523,2025-04-01,C0035,North,Pen Set,Stationery,250,110,1,0.0,150,250,250.0,260,-10.0,2025-04,None
O05633,2025-04-01,C1307,West,Desk,Furniture,9000,6300,1,0.3,70,9000,6300.0,6370,-70.0,2025-04,High (>10%)
O05656,2025-04-01,C2393,North,Headphones,Electronics,2500,1350,2,0.0,150,5000,5000.0,2850,2150.0,2025-04,None
O05864,2025-04-01,C0704,North,Headphones,Electronics,2500,1350,2,0.1,100,5000,4500.0,2800,1700.0,2025-04,Low (1-10%)
O00165,2025-04-02,C0293,South,Office Chair,Furniture,6500,4300,4,0.0,100,26000,26000.0,17300,8700.0,2025-04,None
O00816,2025-04-02,C0522,North,Pen Set,Stationery,250,110,1,0.3,40,250,175.0,150,25.0,2025-04,High (>10%)
O01219,2025-04-02,C0762,North,Pen Set,Stationery,250,110,2,0.3,100,500,350.0,320,30.0,2025-04,High (>10%)
O01331,2025-04-02,C1798,South,Office Chair,Furniture,6500,4300,2,0.1,100,13000,11700.0,8700,3000.0,2025-04,Low (1-10%)
O01494,2025-04-02,C1528,South,Keyboard,Electronics,1800,1000,3,0.05,40,5400,5130.0,3040,2090.0,2025-04,Low (1-10%)
O02034,2025-04-02,C0954,South,Notebook,Stationery,150,65,1,0.0,100,150,150.0,165,-15.0,2025-04,None
O02302,2025-04-02,C1397,West,Headphones,Electronics,2500,1350,1,0.1,70,2500,2250.0,1420,830.0,2025-04,Low (1-10%)
O02603,2025-04-02,C1879,North,Pen Set,Stationery,250,110,2,0.0,70,500,500.0,290,210.0,2025-04,None
O03110,2025-04-02,C1708,North,Headphones,Electronics,2500,1350,4,0.0,70,10000,10000.0,5470,4530.0,2025-04,None
O03455,2025-04-02,C0932,South,Pen Set,Stationery,250,110,4,0.3,100,1000,700.0,540,160.0,2025-04,High (>10%)
O03868,2025-04-02,C0427,East,Pen Set,Stationery,250,110,3,0.2,70,750,600.0,400,200.0,2025-04,High (>10%)
O03979,2025-04-02,C1194,North,Desk,Furniture,9000,6300,2,0.0,40,18000,18000.0,12640,5360.0,2025-04,None
O04337,2025-04-02,C2250,North,Pen Set,Stationery,250,110,1,0.05,40,250,237.5,150,87.5,2025-04,Low (1-10%)
O04624,2025-04-02,C0791,West,Laptop,Electronics,50000,41000,1,0.0,40,50000,50000.0,41040,8960.0,2025-04,None
O04992,2025-04-02,C1317,North,Desk,Furniture,9000,6300,2,0.0,150,18000,18000.0,12750,5250.0,2025-04,None
O05044,2025-04-02,C0915,West,Desk,Furniture,9000,6300,2,0.2,100,18000,14400.0,12700,1700.0,2025-04,High (>10%)
O05381,2025-04-02,C1960,South,Headphones,Electronics,2500,1350,1,0.1,70,2500,2250.0,1420,830.0,2025-04,Low (1-10%)
O05708,2025-04-02,C1494,South,Keyboard,Electronics,1800,1000,1,0.0,150,1800,1800.0,1150,650.0,2025-04,None
O05859,2025-04-02,C1762,North,Keyboard,Electronics,1800,1000,4,0.1,70,7200,6480.0,4070,2410.0,2025-04,Low (1-10%)
O05868,2025-04-02,C2404,North,Backpack,Accessories,1800,850,4,0.0,40,7200,7200.0,3440,3760.0,2025-04,None
O05965,2025-04-02,C0812,South,Notebook,Stationery,150,65,4,0.1,100,600,540.0,360,180.0,2025-04,Low (1-10%)
O00066,2025-04-03,C0312,East,Keyboard,Electronics,1800,1000,1,0.1,150,1800,1620.0,1150,470.0,2025-04,Low (1-10%)
O00255,2025-04-03,C2426,West,Notebook,Stationery,150,65,3,0.2,40,450,360.0,235,125.0,2025-04,High (>10%)
O00433,2025-04-03,C1663,South,Pen Set,Stationery,250,110,4,0.1,100,1000,900.0,540,360.0,2025-04,Low (1-10%)
O01780,2025-04-03,C1571,South,Notebook,Stationery,150,65,1,0.0,40,150,150.0,105,45.0,2025-04,None
O02031,2025-04-03,C2057,South,Desk,Furniture,9000,6300,3,0.0,40,27000,27000.0,18940,8060.0,2025-04,None
O02051,2025-04-03,C0532,North,Headphones,Electronics,2500,1350,3,0.0,150,7500,7500.0,4200,3300.0,2025-04,None
O02347,2025-04-03,C0472,East,Keyboard,Electronics,1800,1000,2,0.1,150,3600,3240.0,2150,1090.0,2025-04,Low (1-10%)
O02851,2025-04-03,C1224,North,Headphones,Electronics,2500,1350,3,0.05,70,7500,7125.0,4120,3005.0,2025-04,Low (1-10%)
O03096,2025-04-03,C0137,South,Pen Set,Stationery,250,110,2,0.0,150,500,500.0,370,130.0,2025-04,None
O04655,2025-04-03,C0032,South,Laptop,Electronics,50000,41000,4,0.2,150,200000,160000.0,164150,-4150.0,2025-04,High (>10%)
O05720,2025-04-03,C0518,South,Office Chair,Furniture,6500,4300,3,0.05,100,19500,18525.0,13000,5525.0,2025-04,Low (1-10%)
O00224,2025-04-04,C0957,East,Headphones,Electronics,2500,1350,2,0.2,40,5000,4000.0,2740,1260.0,2025-04,High (>10%)
O00364,2025-04-04,C1320,South,Backpack,Accessories,1800,850,4,0.1,100,7200,6480.0,3500,2980.0,2025-04,Low (1-10%)
O00393,2025-04-04,C1184,South,Keyboard,Electronics,1800,1000,4,0.0,70,7200,7200.0,4070,3130.0,2025-04,None
O00606,2025-04-04,C1304,West,Desk,Furniture,9000,6300,4,0.0,70,36000,36000.0,25270,10730.0,2025-04,None
O00921,2025-04-04,C2303,North,Pen Set,Stationery,250,110,2,0.3,40,500,350.0,260,90.0,2025-04,High (>10%)
O01156,2025-04-04,C1895,South,Desk,Furniture,9000,6300,1,0.2,70,9000,7200.0,6370,830.0,2025-04,High (>10%)
O01474,2025-04-04,C0037,West,Headphones,Electronics,2500,1350,2,0.0,100,5000,5000.0,2800,2200.0,2025-04,None
O01619,2025-04-04,C2135,West,Laptop,Electronics,50000,41000,2,0.0,70,100000,100000.0,82070,17930.0,2025-04,None
O01736,2025-04-04,C0109,South,Pen Set,Stationery,250,110,1,0.1,40,250,225.0,150,75.0,2025-04,Low (1-10%)
O02292,2025-04-04,C1810,South,Keyboard,Electronics,1800,1000,1,0.1,70,1800,1620.0,1070,550.0,2025-04,Low (1-10%)
O02439,2025-04-04,C0470,East,Pen Set,Stationery,250,110,3,0.05,40,750,712.5,370,342.5,2025-04,Low (1-10%)
O02460,2025-04-04,C2472,North,Laptop,Electronics,50000,41000,4,0.2,40,200000,160000.0,164040,-4040.0,2025-04,High (>10%)
O02830,2025-04-04,C1646,North,Headphones,Electronics,2500,1350,3,0.3,150,7500,5250.0,4200,1050.0,2025-04,High (>10%)
O04402,2025-04-04,C0055,South,Laptop,Electronics,50000,41000,4,0.1,150,200000,180000.0,164150,15850.0,2025-04,Low (1-10%)
O04531,2025-04-04,C1453,West,Laptop,Electronics,50000,41000,4,0.2,100,200000,160000.0,164100,-4100.0,2025-04,High (>10%)
O04754,2025-04-04,C1808,North,Pen Set,Stationery,250,110,4,0.05,70,1000,950.0,510,440.0,2025-04,Low (1-10%)
O05000,2025-04-04,C0016,South,Office Chair,Furniture,6500,4300,1,0.1,100,6500,5850.0,4400,1450.0,2025-04,Low (1-10%)
O05334,2025-04-04,C1143,North,Backpack,Accessories,1800,850,2,0.1,40,3600,3240.0,1740,1500.0,2025-04,Low (1-10%)
O00021,2025-04-05,C0967,Unknown,Desk,Furniture,9000,6300,4,0.2,70,36000,28800.0,25270,3530.0,2025-04,High (>10%)
O00198,2025-04-05,C1596,North,Laptop,Electronics,50000,41000,4,0.0,150,200000,200000.0,164150,35850.0,2025-04,None
O02092,2025-04-05,C2406,North,Keyboard,Electronics,1800,1000,3,0.1,150,5400,4860.0,3150,1710.0,2025-04,Low (1-10%)
O02583,2025-04-05,C0512,South,Keyboard,Electronics,1800,1000,3,0.0,40,5400,5400.0,3040,2360.0,2025-04,None
O02626,2025-04-05,C1007,South,Desk,Furniture,9000,6300,4,0.0,70,36000,36000.0,25270,10730.0,2025-04,None
O02673,2025-04-05,C0497,South,Pen Set,Stationery,250,110,4,0.3,40,1000,700.0,480,220.0,2025-04,High (>10%)
O03409,2025-04-05,C0080,East,Notebook,Stationery,150,65,4,0.05,100,600,570.0,360,210.0,2025-04,Low (1-10%)
O03456,2025-04-05,C0665,West,Pen Set,Stationery,250,110,1,0.2,100,250,200.0,210,-10.0,2025-04,High (>10%)
O03543,2025-04-05,C0618,North,Laptop,Electronics,50000,41000,3,0.0,150,150000,150000.0,123150,26850.0,2025-04,None
O04247,2025-04-05,C2214,West,Keyboard,Electronics,1800,1000,3,0.0,100,5400,5400.0,3100,2300.0,2025-04,None
O04289,2025-04-05,C1887,South,Pen Set,Stationery,250,110,4,0.0,100,1000,1000.0,540,460.0,2025-04,None
O04506,2025-04-05,C1827,East,Office Chair,Furniture,6500,4300,4,0.2,40,26000,20800.0,17240,3560.0,2025-04,High (>10%)
O04803,2025-04-05,C1541,North,Headphones,Electronics,2500,1350,2,0.05,150,5000,4750.0,2850,1900.0,2025-04,Low (1-10%)
O04971,2025-04-05,C1737,West,Pen Set,Stationery,250,110,2,0.0,40,500,500.0,260,240.0,2025-04,None
O05121,2025-04-05,C2243,South,Pen Set,Stationery,250,110,3,0.3,70,750,525.0,400,125.0,2025-04,High (>10%)
O05123,2025-04-05,C1092,South,Desk,Furniture,9000,6300,3,0.0,40,27000,27000.0,18940,8060.0,2025-04,None
O01189,2025-04-06,C2468,North,Desk,Furniture,9000,6300,3,0.1,100,27000,24300.0,19000,5300.0,2025-04,Low (1-10%)
O01277,2025-04-06,C0817,East,Notebook,Stationery,150,65,1,0.0,100,150,150.0,165,-15.0,2025-04,None
O01514,2025-04-06,C1997,South,Keyboard,Electronics,1800,1000,2,0.2,150,3600,2880.0,2150,730.0,2025-04,High (>10%)
O02427,2025-04-06,C2448,West,Headphones,Electronics,2500,1350,2,0.2,150,5000,4000.0,2850,1150.0,2025-04,High (>10%)
O03425,2025-04-06,C1822,North,Desk,Furniture,9000,6300,4,0.05,150,36000,34200.0,25350,8850.0,2025-04,Low (1-10%)
O04005,2025-04-06,C2377,South,Pen Set,Stationery,250,110,1,0.1,150,250,225.0,260,-35.0,2025-04,Low (1-10%)
O04488,2025-04-06,C0912,North,Keyboard,Electronics,1800,1000,3,0.1,100,5400,4860.0,3100,1760.0,2025-04,Low (1-10%)
O04598,2025-04-06,C0007,West,Laptop,Electronics,50000,41000,2,0.3,40,100000,70000.0,82040,-12040.0,2025-04,High (>10%)
O04663,2025-04-06,C0223,West,Headphones,Electronics,2500,1350,2,0.2,40,5000,4000.0,2740,1260.0,2025-04,High (>10%)
O05274,2025-04-06,C0651,West,Office Chair,Furniture,6500,4300,1,0.2,150,6500,5200.0,4450,750.0,2025-04,High (>10%)
O05774,2025-04-06,C0120,North,Laptop,Electronics,50000,41000,4,0.0,70,200000,200000.0,164070,35930.0,2025-04,None
O00193,2025-04-07,C1072,South,Desk,Furniture,9000,6300,4,0.0,100,36000,36000.0,25300,10700.0,2025-04,None
O00882,2025-04-07,C1238,North,Pen Set,Stationery,250,110,2,0.1,70,500,450.0,290,160.0,2025-04,Low (1-10%)
O00897,2025-04-07,C0023,East,Desk,Furniture,9000,6300,2,0.1,150,18000,16200.0,12750,3450.0,2025-04,Low (1-10%)
O01203,2025-04-07,C2116,South,Backpack,Accessories,1800,850,3,0.05,150,5400,5130.0,2700,2430.0,2025-04,Low (1-10%)
O01711,2025-04-07,C0063,West,Keyboard,Electronics,1800,1000,2,0.05,150,3600,3420.0,2150,1270.0,2025-04,Low (1-10%)
O01872,2025-04-07,C1767,North,Headphones,Electronics,2500,1350,1,0.1,100,2500,2250.0,1450,800.0,2025-04,Low (1-10%)
O02022,2025-04-07,C0185,West,Notebook,Stationery,150,65,2,0.2,40,300,240.0,170,70.0,2025-04,High (>10%)
O02096,2025-04-07,C0815,West,Pen Set,Stationery,250,110,2,0.0,70,500,500.0,290,210.0,2025-04,None
O02492,2025-04-07,C2468,North,Keyboard,Electronics,1800,1000,2,0.1,150,3600,3240.0,2150,1090.0,2025-04,Low (1-10%)
O02785,2025-04-07,C0334,East,Backpack,Accessories,1800,850,1,0.1,150,1800,1620.0,1000,620.0,2025-04,Low (1-10%)
O03260,2025-04-07,C2096,East,Office Chair,Furniture,6500,4300,1,0.05,100,6500,6175.0,4400,1775.0,2025-04,Low (1-10%)
O05830,2025-04-07,C1079,West,Office Chair,Furniture,6500,4300,2,0.0,150,13000,13000.0,8750,4250.0,2025-04,None
O05892,2025-04-07,C1739,South,Office Chair,Furniture,6500,4300,4,0.0,150,26000,26000.0,17350,8650.0,2025-04,None
O00054,2025-04-08,C0380,West,Office Chair,Furniture,6500,4300,2,0.0,70,13000,13000.0,8670,4330.0,2025-04,None
O00160,2025-04-08,C2141,South,Pen Set,Stationery,250,110,1,0.05,100,250,237.5,210,27.5,2025-04,Low (1-10%)
O02003,2025-04-08,C0224,West,Office Chair,Furniture,6500,4300,4,0.0,100,26000,26000.0,17300,8700.0,2025-04,None
O02232,2025-04-08,C2241,West,Laptop,Electronics,50000,41000,2,0.2,70,100000,80000.0,82070,-2070.0,2025-04,High (>10%)
O03446,2025-04-08,C0142,North,Notebook,Stationery,150,65,2,0.2,100,300,240.0,230,10.0,2025-04,High (>10%)
O03985,2025-04-08,C0668,South,Pen Set,Stationery,250,110,3,0.0,150,750,750.0,480,270.0,2025-04,None
O04395,2025-04-08,C1943,North,Desk,Furniture,9000,6300,3,0.1,100,27000,24300.0,19000,5300.0,2025-04,Low (1-10%)
O04822,2025-04-08,C1715,West,Notebook,Stationery,150,65,3,0.1,70,450,405.0,265,140.0,2025-04,Low (1-10%)
O04871,2025-04-08,C1627,South,Headphones,Electronics,2500,1350,4,0.3,70,10000,7000.0,5470,1530.0,2025-04,High (>10%)
O05127,2025-04-08,C0434,South,Headphones,Electronics,2500,1350,3,0.05,100,7500,7125.0,4150,2975.0,2025-04,Low (1-10%)
O05289,2025-04-08,C0514,South,Keyboard,Electronics,1800,1000,3,0.0,150,5400,5400.0,3150,2250.0,2025-04,None
O05811,2025-04-08,C1787,West,Notebook,Stationery,150,65,4,0.0,70,600,600.0,330,270.0,2025-04,None
O05870,2025-04-08,C2024,North,Notebook,Stationery,150,65,1,0.1,40,150,135.0,105,30.0,2025-04,Low (1-10%)
O00120,2025-04-09,C2218,West,Laptop,Electronics,50000,41000,1,0.1,150,50000,45000.0,41150,3850.0,2025-04,Low (1-10%)
O00238,2025-04-09,C2158,East,Office Chair,Furniture,6500,4300,2,0.1,70,13000,11700.0,8670,3030.0,2025-04,Low (1-10%)
O00506,2025-04-09,C1074,East,Office Chair,Furniture,6500,4300,4,0.1,100,26000,23400.0,17300,6100.0,2025-04,Low (1-10%)
O00780,2025-04-09,C0505,West,Pen Set,Stationery,250,110,1,0.05,40,250,237.5,150,87.5,2025-04,Low (1-10%)
O01654,2025-04-09,C0038,North,Desk,Furniture,9000,6300,2,0.3,40,18000,12600.0,12640,-40.0,2025-04,High (>10%)
O03788,2025-04-09,C0375,East,Laptop,Electronics,50000,41000,1,0.05,150,50000,47500.0,41150,6350.0,2025-04,Low (1-10%)
O03867,2025-04-09,C1989,North,Desk,Furniture,9000,6300,1,0.2,100,9000,7200.0,6400,800.0,2025-04,High (>10%)
O04677,2025-04-09,C0239,South,Desk,Furniture,9000,6300,2,0.05,100,18000,17100.0,12700,4400.0,2025-04,Low (1-10%)
O04892,2025-04-09,C0056,West,Desk,Furniture,9000,6300,2,0.0,40,18000,18000.0,12640,5360.0,2025-04,None
O05686,2025-04-09,C0369,West,Office Chair,Furniture,6500,4300,4,0.0,150,26000,26000.0,17350,8650.0,2025-04,None
O00240,2025-04-10,C0002,West,Notebook,Stationery,150,65,2,0.0,150,300,300.0,280,20.0,2025-04,None
O00289,2025-04-10,C0664,South,Desk,Furniture,9000,6300,2,0.0,100,18000,18000.0,12700,5300.0,2025-04,None
O00517,2025-04-10,C2374,West,Backpack,Accessories,1800,850,2,0.1,70,3600,3240.0,1770,1470.0,2025-04,Low (1-10%)
O00845,2025-04-10,C1738,North,Laptop,Electronics,50000,41000,3,0.05,40,150000,142500.0,123040,19460.0,2025-04,Low (1-10%)
O01297,2025-04-10,C2347,East,Keyboard,Electronics,1800,1000,2,0.0,40,3600,3600.0,2040,1560.0,2025-04,None
O01600,2025-04-10,C0396,West,Notebook,Stationery,150,65,4,0.05,40,600,570.0,300,270.0,2025-04,Low (1-10%)
O01603,2025-04-10,C0796,West,Pen Set,Stationery,250,110,3,0.3,70,750,525.0,400,125.0,2025-04,High (>10%)
O01609,2025-04-10,C0053,West,Headphones,Electronics,2500,1350,4,0.0,40,10000,10000.0,5440,4560.0,2025-04,None
O01847,2025-04-10,C1160,East,Office Chair,Furniture,6500,4300,2,0.2,150,13000,10400.0,8750,1650.0,2025-04,High (>10%)
O01928,2025-04-10,C0990,West,Headphones,Electronics,2500,1350,4,0.1,100,10000,9000.0,5500,3500.0,2025-04,Low (1-10%)
O02808,2025-04-10,C1289,South,Keyboard,Electronics,1800,1000,3,0.3,100,5400,3780.0,3100,680.0,2025-04,High (>10%)
O02990,2025-04-10,C2248,East,Office Chair,Furniture,6500,4300,1,0.0,40,6500,6500.0,4340,2160.0,2025-04,None
O03262,2025-04-10,C1273,South,Office Chair,Furniture,6500,4300,1,0.05,40,6500,6175.0,4340,1835.0,2025-04,Low (1-10%)
O03268,2025-04-10,C1443,North,Notebook,Stationery,150,65,1,0.05,150,150,142.5,215,-72.5,2025-04,Low (1-10%)
O03290,2025-04-10,C1736,South,Headphones,Electronics,2500,1350,3,0.1,70,7500,6750.0,4120,2630.0,2025-04,Low (1-10%)
O03340,2025-04-10,C1280,East,Pen Set,Stationery,250,110,3,0.0,100,750,750.0,430,320.0,2025-04,None
O03532,2025-04-10,C0010,South,Laptop,Electronics,50000,41000,4,0.0,40,200000,200000.0,164040,35960.0,2025-04,None
O03689,2025-04-10,C1690,North,Backpack,Accessories,1800,850,4,0.3,100,7200,5040.0,3500,1540.0,2025-04,High (>10%)
O03726,2025-04-10,C0319,North,Backpack,Accessories,1800,850,1,0.0,100,1800,1800.0,950,850.0,2025-04,None
O04481,2025-04-10,C2225,South,Office Chair,Furniture,6500,4300,1,0.2,70,6500,5200.0,4370,830.0,2025-04,High (>10%)
O04769,2025-04-10,C1488,South,Laptop,Electronics,50000,41000,4,0.05,150,200000,190000.0,164150,25850.0,2025-04,Low (1-10%)
O05681,2025-04-10,C0047,West,Headphones,Electronics,2500,1350,1,0.3,150,2500,1750.0,1500,250.0,2025-04,High (>10%)
O05828,2025-04-10,C1015,North,Notebook,Stationery,150,65,4,0.05,40,600,570.0,300,270.0,2025-04,Low (1-10%)
O00253,2025-04-11,C1272,East,Headphones,Electronics,2500,1350,2,0.1,100,5000,4500.0,2800,1700.0,2025-04,Low (1-10%)
O00269,2025-04-11,C0689,West,Desk,Furniture,9000,6300,3,0.0,40,27000,27000.0,18940,8060.0,2025-04,None
O00442,2025-04-11,C1112,West,Keyboard,Electronics,1800,1000,1,0.0,40,1800,1800.0,1040,760.0,2025-04,None
O00511,2025-04-11,C1451,South,Backpack,Accessories,1800,850,1,0.1,100,1800,1620.0,950,670.0,2025-04,Low (1-10%)
O00566,2025-04-11,C0974,South,Headphones,Electronics,2500,1350,4,0.1,150,10000,9000.0,5550,3450.0,2025-04,Low (1-10%)
O00664,2025-04-11,C2395,West,Headphones,Electronics,2500,1350,3,0.1,150,7500,6750.0,4200,2550.0,2025-04,Low (1-10%)
O00725,2025-04-11,C2300,East,Pen Set,Stationery,250,110,4,0.0,70,1000,1000.0,510,490.0,2025-04,None
O01282,2025-04-11,C0060,West,Notebook,Stationery,150,65,1,0.05,70,150,142.5,135,7.5,2025-04,Low (1-10%)
O02164,2025-04-11,C2098,West,Backpack,Accessories,1800,850,3,0.2,40,5400,4320.0,2590,1730.0,2025-04,High (>10%)
O02501,2025-04-11,C1540,South,Notebook,Stationery,150,65,4,0.3,100,600,420.0,360,60.0,2025-04,High (>10%)
O02883,2025-04-11,C1835,South,Desk,Furniture,9000,6300,3,0.2,40,27000,21600.0,18940,2660.0,2025-04,High (>10%)
O03092,2025-04-11,C0764,North,Office Chair,Furniture,6500,4300,2,0.3,100,13000,9100.0,8700,400.0,2025-04,High (>10%)
O03126,2025-04-11,C0301,West,Backpack,Accessories,1800,850,1,0.2,70,1800,1440.0,920,520.0,2025-04,High (>10%)
O03558,2025-04-11,C0504,South,Keyboard,Electronics,1800,1000,3,0.0,150,5400,5400.0,3150,2250.0,2025-04,None
O03586,2025-04-11,C0443,South,Headphones,Electronics,2500,1350,2,0.05,70,5000,4750.0,2770,1980.0,2025-04,Low (1-10%)
O03644,2025-04-11,C1446,North,Office Chair,Furniture,6500,4300,4,0.05,70,26000,24700.0,17270,7430.0,2025-04,Low (1-10%)
O03686,2025-04-11,C0175,South,Headphones,Electronics,2500,1350,2,0.3,150,5000,3500.0,2850,650.0,2025-04,High (>10%)
O03846,2025-04-11,C2035,South,Office Chair,Furniture,6500,4300,4,0.2,100,26000,20800.0,17300,3500.0,2025-04,High (>10%)
O04112,2025-04-11,C1472,North,Office Chair,Furniture,6500,4300,1,0.1,40,6500,5850.0,4340,1510.0,2025-04,Low (1-10%)
O04138,2025-04-11,C0315,North,Keyboard,Electronics,1800,1000,1,0.0,40,1800,1800.0,1040,760.0,2025-04,None
O05185,2025-04-11,C0963,West,Pen Set,Stationery,250,110,1,0.1,100,250,225.0,210,15.0,2025-04,Low (1-10%)
O05462,2025-04-11,C0559,East,Laptop,Electronics,50000,41000,2,0.3,70,100000,70000.0,82070,-12070.0,2025-04,High (>10%)
O00030,2025-04-12,C0302,Unknown,Office Chair,Furniture,6500,4300,2,0.1,100,13000,11700.0,8700,3000.0,2025-04,Low (1-10%)
O01020,2025-04-12,C1439,East,Laptop,Electronics,50000,41000,2,0.0,70,100000,100000.0,82070,17930.0,2025-04,None
O01244,2025-04-12,C0684,South,Office Chair,Furniture,6500,4300,2,0.2,40,13000,10400.0,8640,1760.0,2025-04,High (>10%)
O01293,2025-04-12,C0038,West,Office Chair,Furniture,6500,4300,4,0.1,40,26000,23400.0,17240,6160.0,2025-04,Low (1-10%)
O01358,2025-04-12,C0091,East,Headphones,Electronics,2500,1350,3,0.0,40,7500,7500.0,4090,3410.0,2025-04,None
O01516,2025-04-12,C2213,North,Backpack,Accessories,1800,850,1,0.0,40,1800,1800.0,890,910.0,2025-04,None
O01704,2025-04-12,C0928,East,Headphones,Electronics,2500,1350,2,0.0,70,5000,5000.0,2770,2230.0,2025-04,None
O01733,2025-04-12,C0710,East,Notebook,Stationery,150,65,2,0.05,150,300,285.0,280,5.0,2025-04,Low (1-10%)
O02520,2025-04-12,C0128,South,Backpack,Accessories,1800,850,4,0.1,70,7200,6480.0,3470,3010.0,2025-04,Low (1-10%)
O02944,2025-04-12,C2035,North,Headphones,Electronics,2500,1350,4,0.2,70,10000,8000.0,5470,2530.0,2025-04,High (>10%)
O03253,2025-04-12,C0420,East,Headphones,Electronics,2500,1350,3,0.2,40,7500,6000.0,4090,1910.0,2025-04,High (>10%)
O03720,2025-04-12,C1853,North,Keyboard,Electronics,1800,1000,4,0.1,100,7200,6480.0,4100,2380.0,2025-04,Low (1-10%)
O04300,2025-04-12,C0232,East,Laptop,Electronics,50000,41000,1,0.05,150,50000,47500.0,41150,6350.0,2025-04,Low (1-10%)
O04680,2025-04-12,C1834,North,Laptop,Electronics,50000,41000,1,0.1,100,50000,45000.0,41100,3900.0,2025-04,Low (1-10%)
O05243,2025-04-12,C0451,West,Backpack,Accessories,1800,850,3,0.1,150,5400,4860.0,2700,2160.0,2025-04,Low (1-10%)
O00007,2025-04-13,C1388,North,Laptop,Electronics,50000,41000,3,0.3,70,150000,105000.0,123070,-18070.0,2025-04,High (>10%)
O00221,2025-04-13,C1542,West,Headphones,Electronics,2500,1350,4,0.1,40,10000,9000.0,5440,3560.0,2025-04,Low (1-10%)
O00438,2025-04-13,C0489,East,Backpack,Accessories,1800,850,1,0.3,40,1800,1260.0,890,370.0,2025-04,High (>10%)
O00495,2025-04-13,C1579,North,Keyboard,Electronics,1800,1000,4,0.05,100,7200,6840.0,4100,2740.0,2025-04,Low (1-10%)
O01105,2025-04-13,C0211,East,Keyboard,Electronics,1800,1000,2,0.0,70,3600,3600.0,2070,1530.0,2025-04,None
O01109,2025-04-13,C2008,West,Backpack,Accessories,1800,850,4,0.2,150,7200,5760.0,3550,2210.0,2025-04,High (>10%)
O01149,2025-04-13,C0895,South,Notebook,Stationery,150,65,3,0.05,150,450,427.5,345,82.5,2025-04,Low (1-10%)
O01565,2025-04-13,C1451,East,Desk,Furniture,9000,6300,1,0.0,100,9000,9000.0,6400,2600.0,2025-04,None
O01636,2025-04-13,C0476,North,Desk,Furniture,9000,6300,2,0.2,70,18000,14400.0,12670,1730.0,2025-04,High (>10%)
O02134,2025-04-13,C1800,West,Office Chair,Furniture,6500,4300,1,0.0,70,6500,6500.0,4370,2130.0,2025-04,None
O02324,2025-04-13,C1124,West,Notebook,Stationery,150,65,1,0.05,150,150,142.5,215,-72.5,2025-04,Low (1-10%)
O02390,2025-04-13,C1990,North,Pen Set,Stationery,250,110,2,0.1,150,500,450.0,370,80.0,2025-04,Low (1-10%)
O02503,2025-04-13,C1280,South,Pen Set,Stationery,250,110,4,0.0,70,1000,1000.0,510,490.0,2025-04,None
O02629,2025-04-13,C0804,South,Desk,Furniture,9000,6300,2,0.1,40,18000,16200.0,12640,3560.0,2025-04,Low (1-10%)
O02972,2025-04-13,C1977,North,Laptop,Electronics,50000,41000,4,0.05,40,200000,190000.0,164040,25960.0,2025-04,Low (1-10%)
O03348,2025-04-13,C1004,North,Headphones,Electronics,2500,1350,2,0.3,150,5000,3500.0,2850,650.0,2025-04,High (>10%)
O03375,2025-04-13,C0839,North,Notebook,Stationery,150,65,1,0.05,100,150,142.5,165,-22.5,2025-04,Low (1-10%)
O03784,2025-04-13,C2277,South,Pen Set,Stationery,250,110,2,0.2,70,500,400.0,290,110.0,2025-04,High (>10%)
O04593,2025-04-13,C2158,East,Laptop,Electronics,50000,41000,1,0.0,40,50000,50000.0,41040,8960.0,2025-04,None
O04620,2025-04-13,C2426,East,Backpack,Accessories,1800,850,4,0.1,100,7200,6480.0,3500,2980.0,2025-04,Low (1-10%)
O04671,2025-04-13,C0712,West,Laptop,Electronics,50000,41000,2,0.05,100,100000,95000.0,82100,12900.0,2025-04,Low (1-10%)
O05050,2025-04-13,C0341,North,Backpack,Accessories,1800,850,4,0.05,40,7200,6840.0,3440,3400.0,2025-04,Low (1-10%)
O05299,2025-04-13,C0033,North,Headphones,Electronics,2500,1350,4,0.05,70,10000,9500.0,5470,4030.0,2025-04,Low (1-10%)
O05760,2025-04-13,C1227,South,Laptop,Electronics,50000,41000,2,0.2,40,100000,80000.0,82040,-2040.0,2025-04,High (>10%)
O00476,2025-04-14,C1672,West,Pen Set,Stationery,250,110,3,0.0,150,750,750.0,480,270.0,2025-04,None
O00841,2025-04-14,C0296,South,Keyboard,Electronics,1800,1000,4,0.1,150,7200,6480.0,4150,2330.0,2025-04,Low (1-10%)
O00961,2025-04-14,C1737,South,Headphones,Electronics,2500,1350,2,0.0,100,5000,5000.0,2800,2200.0,2025-04,None
O01239,2025-04-14,C0042,South,Keyboard,Electronics,1800,1000,4,0.05,100,7200,6840.0,4100,2740.0,2025-04,Low (1-10%)
O01393,2025-04-14,C1817,South,Backpack,Accessories,1800,850,4,0.05,150,7200,6840.0,3550,3290.0,2025-04,Low (1-10%)
O01515,2025-04-14,C0732,West,Headphones,Electronics,2500,1350,3,0.0,40,7500,7500.0,4090,3410.0,2025-04,None
O01680,2025-04-14,C2240,South,Desk,Furniture,9000,6300,3,0.0,40,27000,27000.0,18940,8060.0,2025-04,None
O01700,2025-04-14,C2384,West,Backpack,Accessories,1800,850,4,0.1,40,7200,6480.0,3440,3040.0,2025-04,Low (1-10%)
O01769,2025-04-14,C1820,West,Laptop,Electronics,50000,41000,3,0.2,70,150000,120000.0,123070,-3070.0,2025-04,High (>10%)
O01827,2025-04-14,C1054,East,Laptop,Electronics,50000,41000,3,0.3,40,150000,105000.0,123040,-18040.0,2025-04,High (>10%)
O02526,2025-04-14,C1367,West,Keyboard,Electronics,1800,1000,4,0.2,100,7200,5760.0,4100,1660.0,2025-04,High (>10%)
O02742,2025-04-14,C0746,South,Laptop,Electronics,50000,41000,2,0.3,150,100000,70000.0,82150,-12150.0,2025-04,High (>10%)
O02897,2025-04-14,C1491,South,Notebook,Stationery,150,65,1,0.05,70,150,142.5,135,7.5,2025-04,Low (1-10%)
O03100,2025-04-14,C0018,East,Keyboard,Electronics,1800,1000,2,0.1,100,3600,3240.0,2100,1140.0,2025-04,Low (1-10%)
O03241,2025-04-14,C1371,East,Headphones,Electronics,2500,1350,1,0.0,40,2500,2500.0,1390,1110.0,2025-04,None
O03725,2025-04-14,C1750,North,Laptop,Electronics,50000,41000,3,0.0,70,150000,150000.0,123070,26930.0,2025-04,None
O03903,2025-04-14,C1736,West,Desk,Furniture,9000,6300,2,0.2,100,18000,14400.0,12700,1700.0,2025-04,High (>10%)
O04131,2025-04-14,C0934,East,Laptop,Electronics,50000,41000,2,0.3,40,100000,70000.0,82040,-12040.0,2025-04,High (>10%)
O04665,2025-04-14,C2400,West,Keyboard,Electronics,1800,1000,3,0.0,70,5400,5400.0,3070,2330.0,2025-04,None
O04889,2025-04-14,C2306,East,Keyboard,Electronics,1800,1000,4,0.2,70,7200,5760.0,4070,1690.0,2025-04,High (>10%)
O05111,2025-04-14,C2007,West,Desk,Furniture,9000,6300,3,0.05,70,27000,25650.0,18970,6680.0,2025-04,Low (1-10%)
O00762,2025-04-15,C1765,North,Desk,Furniture,9000,6300,2,0.0,100,18000,18000.0,12700,5300.0,2025-04,None
O01202,2025-04-15,C0044,East,Office Chair,Furniture,6500,4300,2,0.1,70,13000,11700.0,8670,3030.0,2025-04,Low (1-10%)
O01653,2025-04-15,C1839,West,Laptop,Electronics,50000,41000,3,0.1,70,150000,135000.0,123070,11930.0,2025-04,Low (1-10%)
O01669,2025-04-15,C0676,North,Desk,Furniture,9000,6300,1,0.1,70,9000,8100.0,6370,1730.0,2025-04,Low (1-10%)
O02021,2025-04-15,C1345,South,Keyboard,Electronics,1800,1000,3,0.2,70,5400,4320.0,3070,1250.0,2025-04,High (>10%)
O02841,2025-04-15,C0382,West,Office Chair,Furniture,6500,4300,2,0.05,40,13000,12350.0,8640,3710.0,2025-04,Low (1-10%)
O02859,2025-04-15,C2499,East,Notebook,Stationery,150,65,1,0.0,150,150,150.0,215,-65.0,2025-04,None
O03232,2025-04-15,C2023,West,Headphones,Electronics,2500,1350,4,0.0,150,10000,10000.0,5550,4450.0,2025-04,None
O03374,2025-04-15,C1244,North,Desk,Furniture,9000,6300,4,0.0,150,36000,36000.0,25350,10650.0,2025-04,None
O03488,2025-04-15,C2278,South,Backpack,Accessories,1800,850,3,0.1,70,5400,4860.0,2620,2240.0,2025-04,Low (1-10%)
O03860,2025-04-15,C1733,South,Office Chair,Furniture,6500,4300,1,0.3,100,6500,4550.0,4400,150.0,2025-04,High (>10%)
O04627,2025-04-15,C0425,East,Laptop,Electronics,50000,41000,4,0.05,40,200000,190000.0,164040,25960.0,2025-04,Low (1-10%)
O04719,2025-04-15,C0061,East,Office Chair,Furniture,6500,4300,4,0.0,70,26000,26000.0,17270,8730.0,2025-04,None
O05043,2025-04-15,C0610,East,Office Chair,Furniture,6500,4300,2,0.0,70,13000,13000.0,8670,4330.0,2025-04,None
O05226,2025-04-15,C1608,West,Office Chair,Furniture,6500,4300,2,0.0,40,13000,13000.0,8640,4360.0,2025-04,None
O05357,2025-04-15,C2039,North,Notebook,Stationery,150,65,4,0.1,150,600,540.0,410,130.0,2025-04,Low (1-10%)
O05725,2025-04-15,C2419,North,Headphones,Electronics,2500,1350,1,0.3,70,2500,1750.0,1420,330.0,2025-04,High (>10%)
O05936,2025-04-15,C0799,North,Keyboard,Electronics,1800,1000,3,0.05,40,5400,5130.0,3040,2090.0,2025-04,Low (1-10%)
O00380,2025-04-16,C1528,North,Keyboard,Electronics,1800,1000,1,0.3,40,1800,1260.0,1040,220.0,2025-04,High (>10%)
O00447,2025-04-16,C0117,South,Keyboard,Electronics,1800,1000,4,0.05,150,7200,6840.0,4150,2690.0,2025-04,Low (1-10%)
O00928,2025-04-16,C0667,North,Keyboard,Electronics,1800,1000,1,0.1,40,1800,1620.0,1040,580.0,2025-04,Low (1-10%)
O01670,2025-04-16,C1002,North,Notebook,Stationery,150,65,1,0.0,40,150,150.0,105,45.0,2025-04,None
O01875,2025-04-16,C2205,West,Office Chair,Furniture,6500,4300,1,0.0,150,6500,6500.0,4450,2050.0,2025-04,None
O02558,2025-04-16,C1531,West,Pen Set,Stationery,250,110,3,0.1,150,750,675.0,480,195.0,2025-04,Low (1-10%)
O02837,2025-04-16,C1768,South,Backpack,Accessories,1800,850,3,0.2,40,5400,4320.0,2590,1730.0,2025-04,High (>10%)
O02978,2025-04-16,C0402,South,Backpack,Accessories,1800,850,3,0.1,70,5400,4860.0,2620,2240.0,2025-04,Low (1-10%)
O03321,2025-04-16,C1946,South,Laptop,Electronics,50000,41000,1,0.2,150,50000,40000.0,41150,-1150.0,2025-04,High (>10%)
O03804,2025-04-16,C1560,North,Laptop,Electronics,50000,41000,1,0.0,40,50000,50000.0,41040,8960.0,2025-04,None
O04216,2025-04-16,C2100,North,Backpack,Accessories,1800,850,1,0.1,40,1800,1620.0,890,730.0,2025-04,Low (1-10%)
O04779,2025-04-16,C1465,North,Laptop,Electronics,50000,41000,3,0.0,70,150000,150000.0,123070,26930.0,2025-04,None
O05092,2025-04-16,C1261,South,Office Chair,Furniture,6500,4300,1,0.05,70,6500,6175.0,4370,1805.0,2025-04,Low (1-10%)
O05102,2025-04-16,C1522,North,Desk,Furniture,9000,6300,2,0.1,70,18000,16200.0,12670,3530.0,2025-04,Low (1-10%)
O05205,2025-04-16,C0504,West,Desk,Furniture,9000,6300,2,0.2,40,18000,14400.0,12640,1760.0,2025-04,High (>10%)
O05310,2025-04-16,C0860,South,Office Chair,Furniture,6500,4300,1,0.1,150,6500,5850.0,4450,1400.0,2025-04,Low (1-10%)
O05744,2025-04-16,C2187,South,Office Chair,Furniture,6500,4300,4,0.0,100,26000,26000.0,17300,8700.0,2025-04,None
O00022,2025-04-17,C1901,Unknown,Keyboard,Electronics,1800,1000,1,0.2,150,1800,1440.0,1150,290.0,2025-04,High (>10%)
O00209,2025-04-17,C1809,North,Keyboard,Electronics,1800,1000,3,0.0,40,5400,5400.0,3040,2360.0,2025-04,None
O00381,2025-04-17,C0120,South,Laptop,Electronics,50000,41000,1,0.0,70,50000,50000.0,41070,8930.0,2025-04,None
O00630,2025-04-17,C1730,East,Keyboard,Electronics,1800,1000,2,0.2,100,3600,2880.0,2100,780.0,2025-04,High (>10%)
O00678,2025-04-17,C0378,East,Laptop,Electronics,50000,41000,4,0.0,150,200000,200000.0,164150,35850.0,2025-04,None
O01110,2025-04-17,C0400,South,Laptop,Electronics,50000,41000,3,0.0,150,150000,150000.0,123150,26850.0,2025-04,None
O01180,2025-04-17,C1285,East,Laptop,Electronics,50000,41000,4,0.0,70,200000,200000.0,164070,35930.0,2025-04,None
O01539,2025-04-17,C0670,South,Notebook,Stationery,150,65,1,0.0,100,150,150.0,165,-15.0,2025-04,None
O02114,2025-04-17,C2142,South,Backpack,Accessories,1800,850,4,0.05,70,7200,6840.0,3470,3370.0,2025-04,Low (1-10%)
O03479,2025-04-17,C0090,West,Office Chair,Furniture,6500,4300,4,0.3,100,26000,18200.0,17300,900.0,2025-04,High (>10%)
O03751,2025-04-17,C2386,West,Desk,Furniture,9000,6300,3,0.3,70,27000,18900.0,18970,-70.0,2025-04,High (>10%)
O04032,2025-04-17,C0603,South,Desk,Furniture,9000,6300,1,0.05,100,9000,8550.0,6400,2150.0,2025-04,Low (1-10%)
O04180,2025-04-17,C0256,West,Office Chair,Furniture,6500,4300,3,0.1,100,19500,17550.0,13000,4550.0,2025-04,Low (1-10%)
O04438,2025-04-17,C1037,South,Backpack,Accessories,1800,850,1,0.0,150,1800,1800.0,1000,800.0,2025-04,None
O05119,2025-04-17,C2275,East,Pen Set,Stationery,250,110,1,0.05,70,250,237.5,180,57.5,2025-04,Low (1-10%)
O05325,2025-04-17,C2311,South,Backpack,Accessories,1800,850,3,0.05,150,5400,5130.0,2700,2430.0,2025-04,Low (1-10%)
O05392,2025-04-17,C1225,South,Headphones,Electronics,2500,1350,4,0.0,150,10000,10000.0,5550,4450.0,2025-04,None
O05505,2025-04-17,C2009,East,Desk,Furniture,9000,6300,2,0.3,100,18000,12600.0,12700,-100.0,2025-04,High (>10%)
O05818,2025-04-17,C1108,West,Backpack,Accessories,1800,850,4,0.0,150,7200,7200.0,3550,3650.0,2025-04,None
O05840,2025-04-17,C1869,North,Notebook,Stationery,150,65,2,0.0,150,300,300.0,280,20.0,2025-04,None
O00457,2025-04-18,C0569,North,Headphones,Electronics,2500,1350,4,0.1,150,10000,9000.0,5550,3450.0,2025-04,Low (1-10%)
O00913,2025-04-18,C1843,West,Office Chair,Furniture,6500,4300,3,0.3,40,19500,13650.0,12940,710.0,2025-04,High (>10%)
O00959,2025-04-18,C1057,South,Backpack,Accessories,1800,850,3,0.1,100,5400,4860.0,2650,2210.0,2025-04,Low (1-10%)
O00981,2025-04-18,C0909,North,Desk,Furniture,9000,6300,2,0.05,150,18000,17100.0,12750,4350.0,2025-04,Low (1-10%)
O01129,2025-04-18,C1495,North,Desk,Furniture,9000,6300,3,0.0,40,27000,27000.0,18940,8060.0,2025-04,None
O01900,2025-04-18,C2226,North,Keyboard,Electronics,1800,1000,4,0.0,40,7200,7200.0,4040,3160.0,2025-04,None
O02165,2025-04-18,C0984,West,Backpack,Accessories,1800,850,2,0.1,70,3600,3240.0,1770,1470.0,2025-04,Low (1-10%)
O02202,2025-04-18,C0849,North,Laptop,Electronics,50000,41000,3,0.0,100,150000,150000.0,123100,26900.0,2025-04,None
O02348,2025-04-18,C1624,North,Pen Set,Stationery,250,110,1,0.3,150,250,175.0,260,-85.0,2025-04,High (>10%)
O03651,2025-04-18,C1521,North,Laptop,Electronics,50000,41000,2,0.2,100,100000,80000.0,82100,-2100.0,2025-04,High (>10%)
O03734,2025-04-18,C0044,West,Backpack,Accessories,1800,850,2,0.0,100,3600,3600.0,1800,1800.0,2025-04,None
O04142,2025-04-18,C1061,North,Pen Set,Stationery,250,110,4,0.2,150,1000,800.0,590,210.0,2025-04,High (>10%)
O04204,2025-04-18,C0450,North,Headphones,Electronics,2500,1350,3,0.1,150,7500,6750.0,4200,2550.0,2025-04,Low (1-10%)
O04484,2025-04-18,C2395,North,Laptop,Electronics,50000,41000,3,0.2,150,150000,120000.0,123150,-3150.0,2025-04,High (>10%)
O04616,2025-04-18,C1669,North,Office Chair,Furniture,6500,4300,4,0.1,100,26000,23400.0,17300,6100.0,2025-04,Low (1-10%)
O04711,2025-04-18,C1605,North,Keyboard,Electronics,1800,1000,3,0.1,40,5400,4860.0,3040,1820.0,2025-04,Low (1-10%)
O04929,2025-04-18,C0561,East,Headphones,Electronics,2500,1350,4,0.05,150,10000,9500.0,5550,3950.0,2025-04,Low (1-10%)
O05176,2025-04-18,C1095,South,Headphones,Electronics,2500,1350,1,0.3,40,2500,1750.0,1390,360.0,2025-04,High (>10%)
O05219,2025-04-18,C2170,East,Laptop,Electronics,50000,41000,3,0.3,100,150000,105000.0,123100,-18100.0,2025-04,High (>10%)
O00299,2025-04-19,C2042,East,Keyboard,Electronics,1800,1000,2,0.2,40,3600,2880.0,2040,840.0,2025-04,High (>10%)
O00341,2025-04-19,C1656,North,Notebook,Stationery,150,65,2,0.05,70,300,285.0,200,85.0,2025-04,Low (1-10%)
O00493,2025-04-19,C0640,West,Pen Set,Stationery,250,110,1,0.0,40,250,250.0,150,100.0,2025-04,None
O00525,2025-04-19,C1647,North,Keyboard,Electronics,1800,1000,1,0.1,70,1800,1620.0,1070,550.0,2025-04,Low (1-10%)
O00759,2025-04-19,C2053,North,Headphones,Electronics,2500,1350,3,0.0,70,7500,7500.0,4120,3380.0,2025-04,None
O01071,2025-04-19,C1270,South,Notebook,Stationery,150,65,2,0.05,150,300,285.0,280,5.0,2025-04,Low (1-10%)
O01302,2025-04-19,C1652,South,Office Chair,Furniture,6500,4300,3,0.3,150,19500,13650.0,13050,600.0,2025-04,High (>10%)
O01346,2025-04-19,C1276,West,Backpack,Accessories,1800,850,3,0.05,100,5400,5130.0,2650,2480.0,2025-04,Low (1-10%)
O01357,2025-04-19,C1622,South,Keyboard,Electronics,1800,1000,2,0.0,70,3600,3600.0,2070,1530.0,2025-04,None
O02173,2025-04-19,C0422,West,Backpack,Accessories,1800,850,2,0.1,40,3600,3240.0,1740,1500.0,2025-04,Low (1-10%)
O02878,2025-04-19,C0560,North,Backpack,Accessories,1800,850,2,0.3,40,3600,2520.0,1740,780.0,2025-04,High (>10%)
O03036,2025-04-19,C1682,West,Backpack,Accessories,1800,850,3,0.0,150,5400,5400.0,2700,2700.0,2025-04,None
O03412,2025-04-19,C1274,West,Backpack,Accessories,1800,850,2,0.2,150,3600,2880.0,1850,1030.0,2025-04,High (>10%)
O04335,2025-04-19,C1378,South,Backpack,Accessories,1800,850,4,0.1,150,7200,6480.0,3550,2930.0,2025-04,Low (1-10%)
O04407,2025-04-19,C1756,North,Keyboard,Electronics,1800,1000,3,0.2,150,5400,4320.0,3150,1170.0,2025-04,High (>10%)
O04690,2025-04-19,C2080,South,Notebook,Stationery,150,65,1,0.1,100,150,135.0,165,-30.0,2025-04,Low (1-10%)
O04753,2025-04-19,C0554,West,Pen Set,Stationery,250,110,4,0.05,70,1000,950.0,510,440.0,2025-04,Low (1-10%)
O04855,2025-04-19,C1402,North,Laptop,Electronics,50000,41000,1,0.05,40,50000,47500.0,41040,6460.0,2025-04,Low (1-10%)
O05074,2025-04-19,C0279,South,Pen Set,Stationery,250,110,3,0.05,150,750,712.5,480,232.5,2025-04,Low (1-10%)
O05664,2025-04-19,C1390,South,Office Chair,Furniture,6500,4300,1,0.05,100,6500,6175.0,4400,1775.0,2025-04,Low (1-10%)
O05793,2025-04-19,C1419,West,Office Chair,Furniture,6500,4300,4,0.1,70,26000,23400.0,17270,6130.0,2025-04,Low (1-10%)
O05941,2025-04-19,C1189,South,Keyboard,Electronics,1800,1000,1,0.1,100,1800,1620.0,1100,520.0,2025-04,Low (1-10%)
O00305,2025-04-20,C0499,North,Desk,Furniture,9000,6300,1,0.1,100,9000,8100.0,6400,1700.0,2025-04,Low (1-10%)
O00488,2025-04-20,C1980,South,Desk,Furniture,9000,6300,4,0.0,40,36000,36000.0,25240,10760.0,2025-04,None
O00711,2025-04-20,C2210,West,Notebook,Stationery,150,65,4,0.05,40,600,570.0,300,270.0,2025-04,Low (1-10%)
O00830,2025-04-20,C1336,South,Laptop,Electronics,50000,41000,1,0.05,150,50000,47500.0,41150,6350.0,2025-04,Low (1-10%)
O00936,2025-04-20,C1840,North,Backpack,Accessories,1800,850,1,0.1,150,1800,1620.0,1000,620.0,2025-04,Low (1-10%)
O01394,2025-04-20,C0858,South,Notebook,Stationery,150,65,4,0.05,150,600,570.0,410,160.0,2025-04,Low (1-10%)
O02009,2025-04-20,C0008,South,Pen Set,Stationery,250,110,4,0.2,70,1000,800.0,510,290.0,2025-04,High (>10%)
O02345,2025-04-20,C0410,East,Desk,Furniture,9000,6300,3,0.2,100,27000,21600.0,19000,2600.0,2025-04,High (>10%)
O02599,2025-04-20,C0998,East,Backpack,Accessories,1800,850,4,0.2,150,7200,5760.0,3550,2210.0,2025-04,High (>10%)
O02765,2025-04-20,C1575,West,Headphones,Electronics,2500,1350,4,0.0,100,10000,10000.0,5500,4500.0,2025-04,None
O03032,2025-04-20,C1282,East,Keyboard,Electronics,1800,1000,3,0.2,70,5400,4320.0,3070,1250.0,2025-04,High (>10%)
O03664,2025-04-20,C1715,East,Backpack,Accessories,1800,850,3,0.1,100,5400,4860.0,2650,2210.0,2025-04,Low (1-10%)
O04262,2025-04-20,C1625,North,Headphones,Electronics,2500,1350,4,0.3,40,10000,7000.0,5440,1560.0,2025-04,High (>10%)
O04795,2025-04-20,C1802,North,Office Chair,Furniture,6500,4300,2,0.0,70,13000,13000.0,8670,4330.0,2025-04,None
O04831,2025-04-20,C0734,North,Keyboard,Electronics,1800,1000,1,0.2,150,1800,1440.0,1150,290.0,2025-04,High (>10%)
O05460,2025-04-20,C0909,South,Backpack,Accessories,1800,850,2,0.3,70,3600,2520.0,1770,750.0,2025-04,High (>10%)
O05634,2025-04-20,C2159,West,Keyboard,Electronics,1800,1000,3,0.0,70,5400,5400.0,3070,2330.0,2025-04,None
O00077,2025-04-21,C1850,West,Keyboard,Electronics,1800,1000,3,0.05,40,5400,5130.0,3040,2090.0,2025-04,Low (1-10%)
O00167,2025-04-21,C1653,East,Keyboard,Electronics,1800,1000,2,0.3,40,3600,2520.0,2040,480.0,2025-04,High (>10%)
O00222,2025-04-21,C0213,South,Office Chair,Furniture,6500,4300,1,0.2,70,6500,5200.0,4370,830.0,2025-04,High (>10%)
O00282,2025-04-21,C0474,West,Office Chair,Furniture,6500,4300,3,0.05,150,19500,18525.0,13050,5475.0,2025-04,Low (1-10%)
O00499,2025-04-21,C0597,West,Backpack,Accessories,1800,850,3,0.3,40,5400,3780.0,2590,1190.0,2025-04,High (>10%)
O01080,2025-04-21,C1858,East,Pen Set,Stationery,250,110,4,0.05,100,1000,950.0,540,410.0,2025-04,Low (1-10%)
O02774,2025-04-21,C1374,East,Notebook,Stationery,150,65,1,0.3,100,150,105.0,165,-60.0,2025-04,High (>10%)
O02880,2025-04-21,C2291,East,Backpack,Accessories,1800,850,2,0.0,100,3600,3600.0,1800,1800.0,2025-04,None
O03142,2025-04-21,C1626,East,Office Chair,Furniture,6500,4300,3,0.3,150,19500,13650.0,13050,600.0,2025-04,High (>10%)
O03224,2025-04-21,C1856,East,Pen Set,Stationery,250,110,2,0.3,70,500,350.0,290,60.0,2025-04,High (>10%)
O03692,2025-04-21,C0692,South,Notebook,Stationery,150,65,1,0.05,70,150,142.5,135,7.5,2025-04,Low (1-10%)
O03959,2025-04-21,C0980,West,Laptop,Electronics,50000,41000,3,0.0,100,150000,150000.0,123100,26900.0,2025-04,None
O04126,2025-04-21,C1361,North,Desk,Furniture,9000,6300,4,0.0,100,36000,36000.0,25300,10700.0,2025-04,None
O04320,2025-04-21,C0862,North,Laptop,Electronics,50000,41000,3,0.1,40,150000,135000.0,123040,11960.0,2025-04,Low (1-10%)
O04564,2025-04-21,C1484,South,Headphones,Electronics,2500,1350,4,0.0,40,10000,10000.0,5440,4560.0,2025-04,None
O05114,2025-04-21,C1695,North,Laptop,Electronics,50000,41000,4,0.05,70,200000,190000.0,164070,25930.0,2025-04,Low (1-10%)
O05260,2025-04-21,C2162,West,Headphones,Electronics,2500,1350,4,0.05,150,10000,9500.0,5550,3950.0,2025-04,Low (1-10%)
O05643,2025-04-21,C0222,East,Notebook,Stationery,150,65,4,0.3,70,600,420.0,330,90.0,2025-04,High (>10%)
O05848,2025-04-21,C0862,South,Notebook,Stationery,150,65,2,0.0,150,300,300.0,280,20.0,2025-04,None
O00975,2025-04-22,C0035,East,Headphones,Electronics,2500,1350,1,0.1,150,2500,2250.0,1500,750.0,2025-04,Low (1-10%)
O01140,2025-04-22,C2246,North,Desk,Furniture,9000,6300,1,0.1,150,9000,8100.0,6450,1650.0,2025-04,Low (1-10%)
O01271,2025-04-22,C1129,East,Keyboard,Electronics,1800,1000,3,0.0,70,5400,5400.0,3070,2330.0,2025-04,None
O01832,2025-04-22,C2215,North,Backpack,Accessories,1800,850,1,0.3,100,1800,1260.0,950,310.0,2025-04,High (>10%)
O02208,2025-04-22,C0156,East,Pen Set,Stationery,250,110,2,0.1,40,500,450.0,260,190.0,2025-04,Low (1-10%)
O02842,2025-04-22,C0265,West,Notebook,Stationery,150,65,4,0.0,70,600,600.0,330,270.0,2025-04,None
O03344,2025-04-22,C0435,West,Desk,Furniture,9000,6300,4,0.1,150,36000,32400.0,25350,7050.0,2025-04,Low (1-10%)
O04244,2025-04-22,C1447,North,Laptop,Electronics,50000,41000,2,0.0,70,100000,100000.0,82070,17930.0,2025-04,None
O04486,2025-04-22,C2487,West,Keyboard,Electronics,1800,1000,1,0.0,100,1800,1800.0,1100,700.0,2025-04,None
O04996,2025-04-22,C2286,North,Headphones,Electronics,2500,1350,4,0.05,150,10000,9500.0,5550,3950.0,2025-04,Low (1-10%)
O05054,2025-04-22,C2053,West,Backpack,Accessories,1800,850,4,0.2,40,7200,5760.0,3440,2320.0,2025-04,High (>10%)
O00516,2025-04-23,C0277,West,Laptop,Electronics,50000,41000,1,0.2,150,50000,40000.0,41150,-1150.0,2025-04,High (>10%)
O01146,2025-04-23,C1613,West,Office Chair,Furniture,6500,4300,2,0.2,150,13000,10400.0,8750,1650.0,2025-04,High (>10%)
O01306,2025-04-23,C1674,East,Notebook,Stationery,150,65,4,0.05,40,600,570.0,300,270.0,2025-04,Low (1-10%)
O01498,2025-04-23,C1139,East,Pen Set,Stationery,250,110,3,0.2,100,750,600.0,430,170.0,2025-04,High (>10%)
O02443,2025-04-23,C1105,North,Laptop,Electronics,50000,41000,2,0.05,150,100000,95000.0,82150,12850.0,2025-04,Low (1-10%)
O02862,2025-04-23,C2082,West,Backpack,Accessories,1800,850,4,0.2,70,7200,5760.0,3470,2290.0,2025-04,High (>10%)
O02877,2025-04-23,C0245,West,Notebook,Stationery,150,65,4,0.2,70,600,480.0,330,150.0,2025-04,High (>10%)
O02917,2025-04-23,C2127,West,Desk,Furniture,9000,6300,1,0.2,150,9000,7200.0,6450,750.0,2025-04,High (>10%)
O03153,2025-04-23,C1341,West,Headphones,Electronics,2500,1350,2,0.2,100,5000,4000.0,2800,1200.0,2025-04,High (>10%)
O03562,2025-04-23,C1909,South,Headphones,Electronics,2500,1350,3,0.2,150,7500,6000.0,4200,1800.0,2025-04,High (>10%)
O03970,2025-04-23,C1921,South,Desk,Furniture,9000,6300,3,0.0,40,27000,27000.0,18940,8060.0,2025-04,None
O04069,2025-04-23,C1141,North,Notebook,Stationery,150,65,2,0.0,100,300,300.0,230,70.0,2025-04,None
O04317,2025-04-23,C1897,South,Backpack,Accessories,1800,850,2,0.2,40,3600,2880.0,1740,1140.0,2025-04,High (>10%)
O04331,2025-04-23,C1013,North,Headphones,Electronics,2500,1350,4,0.1,150,10000,9000.0,5550,3450.0,2025-04,Low (1-10%)
O04578,2025-04-23,C0874,West,Headphones,Electronics,2500,1350,2,0.2,150,5000,4000.0,2850,1150.0,2025-04,High (>10%)
O04793,2025-04-23,C1666,North,Backpack,Accessories,1800,850,3,0.0,100,5400,5400.0,2650,2750.0,2025-04,None
O05445,2025-04-23,C2097,East,Keyboard,Electronics,1800,1000,4,0.0,70,7200,7200.0,4070,3130.0,2025-04,None
O05487,2025-04-23,C1829,North,Headphones,Electronics,2500,1350,3,0.0,70,7500,7500.0,4120,3380.0,2025-04,None
O05866,2025-04-23,C0354,North,Desk,Furniture,9000,6300,1,0.1,150,9000,8100.0,6450,1650.0,2025-04,Low (1-10%)
O05920,2025-04-23,C1547,South,Backpack,Accessories,1800,850,3,0.05,150,5400,5130.0,2700,2430.0,2025-04,Low (1-10%)
O00320,2025-04-24,C2329,North,Pen Set,Stationery,250,110,1,0.0,150,250,250.0,260,-10.0,2025-04,None
O00403,2025-04-24,C1056,South,Keyboard,Electronics,1800,1000,4,0.0,40,7200,7200.0,4040,3160.0,2025-04,None
O00640,2025-04-24,C1501,North,Backpack,Accessories,1800,850,1,0.3,70,1800,1260.0,920,340.0,2025-04,High (>10%)
O00938,2025-04-24,C2385,North,Headphones,Electronics,2500,1350,1,0.2,70,2500,2000.0,1420,580.0,2025-04,High (>10%)
O01197,2025-04-24,C1008,North,Notebook,Stationery,150,65,1,0.0,150,150,150.0,215,-65.0,2025-04,None
O01631,2025-04-24,C0995,North,Desk,Furniture,9000,6300,2,0.1,150,18000,16200.0,12750,3450.0,2025-04,Low (1-10%)
O01794,2025-04-24,C2316,West,Keyboard,Electronics,1800,1000,1,0.0,40,1800,1800.0,1040,760.0,2025-04,None
O02115,2025-04-24,C2227,East,Notebook,Stationery,150,65,2,0.1,70,300,270.0,200,70.0,2025-04,Low (1-10%)
O02168,2025-04-24,C0521,West,Pen Set,Stationery,250,110,4,0.0,150,1000,1000.0,590,410.0,2025-04,None
O02495,2025-04-24,C0020,East,Office Chair,Furniture,6500,4300,4,0.0,100,26000,26000.0,17300,8700.0,2025-04,None
O03298,2025-04-24,C0793,North,Backpack,Accessories,1800,850,4,0.0,100,7200,7200.0,3500,3700.0,2025-04,None
O03966,2025-04-24,C2318,East,Pen Set,Stationery,250,110,1,0.0,150,250,250.0,260,-10.0,2025-04,None
O04794,2025-04-24,C1369,East,Keyboard,Electronics,1800,1000,1,0.05,150,1800,1710.0,1150,560.0,2025-04,Low (1-10%)
O04995,2025-04-24,C0359,South,Notebook,Stationery,150,65,2,0.2,70,300,240.0,200,40.0,2025-04,High (>10%)
O05244,2025-04-24,C1503,North,Backpack,Accessories,1800,850,1,0.1,150,1800,1620.0,1000,620.0,2025-04,Low (1-10%)
O05459,2025-04-24,C2378,South,Desk,Furniture,9000,6300,1,0.0,100,9000,9000.0,6400,2600.0,2025-04,None
O05762,2025-04-24,C1805,South,Headphones,Electronics,2500,1350,2,0.05,40,5000,4750.0,2740,2010.0,2025-04,Low (1-10%)
O05849,2025-04-24,C1705,North,Desk,Furniture,9000,6300,1,0.05,70,9000,8550.0,6370,2180.0,2025-04,Low (1-10%)
O05928,2025-04-24,C1394,West,Desk,Furniture,9000,6300,4,0.3,100,36000,25200.0,25300,-100.0,2025-04,High (>10%)
O00050,2025-04-25,C2097,South,Pen Set,Stationery,250,110,4,0.1,70,1000,900.0,510,390.0,2025-04,Low (1-10%)
O00095,2025-04-25,C1432,North,Backpack,Accessories,1800,850,3,0.05,40,5400,5130.0,2590,2540.0,2025-04,Low (1-10%)
O00543,2025-04-25,C0171,South,Headphones,Electronics,2500,1350,2,0.1,40,5000,4500.0,2740,1760.0,2025-04,Low (1-10%)
O00730,2025-04-25,C2174,West,Notebook,Stationery,150,65,3,0.1,70,450,405.0,265,140.0,2025-04,Low (1-10%)
O01527,2025-04-25,C2400,West,Keyboard,Electronics,1800,1000,2,0.0,100,3600,3600.0,2100,1500.0,2025-04,None
O01606,2025-04-25,C1233,North,Backpack,Accessories,1800,850,2,0.1,100,3600,3240.0,1800,1440.0,2025-04,Low (1-10%)
O01851,2025-04-25,C0558,South,Laptop,Electronics,50000,41000,2,0.1,70,100000,90000.0,82070,7930.0,2025-04,Low (1-10%)
O02046,2025-04-25,C0844,West,Backpack,Accessories,1800,850,4,0.1,150,7200,6480.0,3550,2930.0,2025-04,Low (1-10%)
O02074,2025-04-25,C0257,South,Keyboard,Electronics,1800,1000,1,0.05,70,1800,1710.0,1070,640.0,2025-04,Low (1-10%)
O02209,2025-04-25,C1994,West,Headphones,Electronics,2500,1350,2,0.0,70,5000,5000.0,2770,2230.0,2025-04,None
O02221,2025-04-25,C2329,South,Backpack,Accessories,1800,850,3,0.0,150,5400,5400.0,2700,2700.0,2025-04,None
O02716,2025-04-25,C0354,West,Office Chair,Furniture,6500,4300,2,0.0,70,13000,13000.0,8670,4330.0,2025-04,None
O02884,2025-04-25,C2048,West,Laptop,Electronics,50000,41000,4,0.0,40,200000,200000.0,164040,35960.0,2025-04,None
O04379,2025-04-25,C1042,West,Headphones,Electronics,2500,1350,2,0.05,70,5000,4750.0,2770,1980.0,2025-04,Low (1-10%)
O04982,2025-04-25,C0518,North,Backpack,Accessories,1800,850,3,0.1,40,5400,4860.0,2590,2270.0,2025-04,Low (1-10%)
O05639,2025-04-25,C1832,South,Laptop,Electronics,50000,41000,4,0.1,70,200000,180000.0,164070,15930.0,2025-04,Low (1-10%)
O05919,2025-04-25,C1595,West,Notebook,Stationery,150,65,2,0.0,40,300,300.0,170,130.0,2025-04,None
O00023,2025-04-26,C2427,Unknown,Headphones,Electronics,2500,1350,1,0.0,40,2500,2500.0,1390,1110.0,2025-04,None
O00141,2025-04-26,C0834,South,Backpack,Accessories,1800,850,3,0.1,100,5400,4860.0,2650,2210.0,2025-04,Low (1-10%)
O00172,2025-04-26,C2001,East,Laptop,Electronics,50000,41000,4,0.2,100,200000,160000.0,164100,-4100.0,2025-04,High (>10%)
O00881,2025-04-26,C1869,North,Laptop,Electronics,50000,41000,4,0.05,70,200000,190000.0,164070,25930.0,2025-04,Low (1-10%)
O01310,2025-04-26,C1303,North,Pen Set,Stationery,250,110,1,0.1,150,250,225.0,260,-35.0,2025-04,Low (1-10%)
O01922,2025-04-26,C0892,East,Desk,Furniture,9000,6300,4,0.2,40,36000,28800.0,25240,3560.0,2025-04,High (>10%)
O02111,2025-04-26,C0187,South,Keyboard,Electronics,1800,1000,4,0.3,150,7200,5040.0,4150,890.0,2025-04,High (>10%)
O02327,2025-04-26,C1065,East,Keyboard,Electronics,1800,1000,4,0.0,100,7200,7200.0,4100,3100.0,2025-04,None
O03064,2025-04-26,C0218,West,Headphones,Electronics,2500,1350,1,0.1,40,2500,2250.0,1390,860.0,2025-04,Low (1-10%)
O03462,2025-04-26,C1638,South,Backpack,Accessories,1800,850,1,0.2,70,1800,1440.0,920,520.0,2025-04,High (>10%)
O03590,2025-04-26,C1588,East,Backpack,Accessories,1800,850,3,0.1,150,5400,4860.0,2700,2160.0,2025-04,Low (1-10%)
O03607,2025-04-26,C1743,East,Keyboard,Electronics,1800,1000,4,0.1,40,7200,6480.0,4040,2440.0,2025-04,Low (1-10%)
O03946,2025-04-26,C1313,South,Notebook,Stationery,150,65,4,0.2,40,600,480.0,300,180.0,2025-04,High (>10%)
O04086,2025-04-26,C2101,East,Notebook,Stationery,150,65,1,0.05,150,150,142.5,215,-72.5,2025-04,Low (1-10%)
O04597,2025-04-26,C2345,South,Backpack,Accessories,1800,850,2,0.0,150,3600,3600.0,1850,1750.0,2025-04,None
O04740,2025-04-26,C0293,East,Desk,Furniture,9000,6300,2,0.0,40,18000,18000.0,12640,5360.0,2025-04,None
O04867,2025-04-26,C1117,East,Office Chair,Furniture,6500,4300,3,0.1,100,19500,17550.0,13000,4550.0,2025-04,Low (1-10%)
O00129,2025-04-27,C2074,North,Desk,Furniture,9000,6300,3,0.3,70,27000,18900.0,18970,-70.0,2025-04,High (>10%)
O00604,2025-04-27,C1249,South,Headphones,Electronics,2500,1350,1,0.1,40,2500,2250.0,1390,860.0,2025-04,Low (1-10%)
O00722,2025-04-27,C0871,West,Backpack,Accessories,1800,850,4,0.2,100,7200,5760.0,3500,2260.0,2025-04,High (>10%)
O02231,2025-04-27,C1491,North,Notebook,Stationery,150,65,4,0.0,150,600,600.0,410,190.0,2025-04,None
O02238,2025-04-27,C0575,East,Keyboard,Electronics,1800,1000,4,0.3,70,7200,5040.0,4070,970.0,2025-04,High (>10%)
O02533,2025-04-27,C2424,North,Backpack,Accessories,1800,850,2,0.05,70,3600,3420.0,1770,1650.0,2025-04,Low (1-10%)
O02607,2025-04-27,C2318,East,Desk,Furniture,9000,6300,1,0.05,150,9000,8550.0,6450,2100.0,2025-04,Low (1-10%)
O02764,2025-04-27,C0948,North,Laptop,Electronics,50000,41000,2,0.3,100,100000,70000.0,82100,-12100.0,2025-04,High (>10%)
O03574,2025-04-27,C1733,North,Keyboard,Electronics,1800,1000,2,0.0,150,3600,3600.0,2150,1450.0,2025-04,None
O03707,2025-04-27,C2277,North,Headphones,Electronics,2500,1350,1,0.1,150,2500,2250.0,1500,750.0,2025-04,Low (1-10%)
O03936,2025-04-27,C2122,North,Pen Set,Stationery,250,110,2,0.2,70,500,400.0,290,110.0,2025-04,High (>10%)
O03991,2025-04-27,C0299,South,Pen Set,Stationery,250,110,4,0.0,40,1000,1000.0,480,520.0,2025-04,None
O04286,2025-04-27,C0709,East,Pen Set,Stationery,250,110,3,0.05,40,750,712.5,370,342.5,2025-04,Low (1-10%)
O04429,2025-04-27,C0581,North,Pen Set,Stationery,250,110,3,0.1,40,750,675.0,370,305.0,2025-04,Low (1-10%)
O04931,2025-04-27,C1445,West,Laptop,Electronics,50000,41000,4,0.0,70,200000,200000.0,164070,35930.0,2025-04,None
O05425,2025-04-27,C0969,North,Keyboard,Electronics,1800,1000,1,0.3,100,1800,1260.0,1100,160.0,2025-04,High (>10%)
O00195,2025-04-28,C0138,South,Backpack,Accessories,1800,850,4,0.0,150,7200,7200.0,3550,3650.0,2025-04,None
O00480,2025-04-28,C1415,East,Laptop,Electronics,50000,41000,2,0.0,70,100000,100000.0,82070,17930.0,2025-04,None
O00619,2025-04-28,C0089,South,Laptop,Electronics,50000,41000,1,0.1,70,50000,45000.0,41070,3930.0,2025-04,Low (1-10%)
O00876,2025-04-28,C0786,South,Desk,Furniture,9000,6300,3,0.1,40,27000,24300.0,18940,5360.0,2025-04,Low (1-10%)
O01131,2025-04-28,C2329,West,Office Chair,Furniture,6500,4300,3,0.05,100,19500,18525.0,13000,5525.0,2025-04,Low (1-10%)
O01150,2025-04-28,C1083,East,Pen Set,Stationery,250,110,3,0.0,40,750,750.0,370,380.0,2025-04,None
O01238,2025-04-28,C0613,North,Laptop,Electronics,50000,41000,1,0.0,40,50000,50000.0,41040,8960.0,2025-04,None
O01354,2025-04-28,C1090,East,Backpack,Accessories,1800,850,4,0.0,40,7200,7200.0,3440,3760.0,2025-04,None
O01893,2025-04-28,C2128,West,Backpack,Accessories,1800,850,3,0.2,100,5400,4320.0,2650,1670.0,2025-04,High (>10%)
O02192,2025-04-28,C0659,North,Office Chair,Furniture,6500,4300,2,0.1,150,13000,11700.0,8750,2950.0,2025-04,Low (1-10%)
O02222,2025-04-28,C2395,East,Headphones,Electronics,2500,1350,4,0.2,150,10000,8000.0,5550,2450.0,2025-04,High (>10%)
O02653,2025-04-28,C0417,South,Backpack,Accessories,1800,850,1,0.3,100,1800,1260.0,950,310.0,2025-04,High (>10%)
O02665,2025-04-28,C1081,East,Headphones,Electronics,2500,1350,2,0.3,40,5000,3500.0,2740,760.0,2025-04,High (>10%)
O03020,2025-04-28,C1460,North,Notebook,Stationery,150,65,1,0.0,70,150,150.0,135,15.0,2025-04,None
O03212,2025-04-28,C2465,North,Keyboard,Electronics,1800,1000,1,0.0,70,1800,1800.0,1070,730.0,2025-04,None
O03230,2025-04-28,C1009,East,Pen Set,Stationery,250,110,2,0.05,150,500,475.0,370,105.0,2025-04,Low (1-10%)
O03521,2025-04-28,C2099,South,Pen Set,Stationery,250,110,3,0.2,40,750,600.0,370,230.0,2025-04,High (>10%)
O03757,2025-04-28,C0096,North,Notebook,Stationery,150,65,4,0.2,100,600,480.0,360,120.0,2025-04,High (>10%)
O03781,2025-04-28,C0197,North,Laptop,Electronics,50000,41000,4,0.1,100,200000,180000.0,164100,15900.0,2025-04,Low (1-10%)
O03857,2025-04-28,C0549,North,Keyboard,Electronics,1800,1000,4,0.3,40,7200,5040.0,4040,1000.0,2025-04,High (>10%)
O04049,2025-04-28,C1099,West,Keyboard,Electronics,1800,1000,3,0.1,150,5400,4860.0,3150,1710.0,2025-04,Low (1-10%)
O04056,2025-04-28,C1824,North,Office Chair,Furniture,6500,4300,2,0.0,40,13000,13000.0,8640,4360.0,2025-04,None
O04291,2025-04-28,C1602,East,Laptop,Electronics,50000,41000,4,0.0,100,200000,200000.0,164100,35900.0,2025-04,None
O05456,2025-04-28,C0899,North,Headphones,Electronics,2500,1350,4,0.05,70,10000,9500.0,5470,4030.0,2025-04,Low (1-10%)
O05549,2025-04-28,C0204,North,Headphones,Electronics,2500,1350,4,0.1,40,10000,9000.0,5440,3560.0,2025-04,Low (1-10%)
O05785,2025-04-28,C1760,North,Desk,Furniture,9000,6300,4,0.1,100,36000,32400.0,25300,7100.0,2025-04,Low (1-10%)
O00539,2025-04-29,C0422,East,Desk,Furniture,9000,6300,1,0.1,70,9000,8100.0,6370,1730.0,2025-04,Low (1-10%)
O00558,2025-04-29,C1875,East,Backpack,Accessories,1800,850,4,0.0,150,7200,7200.0,3550,3650.0,2025-04,None
O01584,2025-04-29,C0818,South,Office Chair,Furniture,6500,4300,4,0.0,150,26000,26000.0,17350,8650.0,2025-04,None
O01732,2025-04-29,C0887,North,Backpack,Accessories,1800,850,1,0.0,100,1800,1800.0,950,850.0,2025-04,None
O01887,2025-04-29,C0728,South,Notebook,Stationery,150,65,3,0.05,70,450,427.5,265,162.5,2025-04,Low (1-10%)
O01988,2025-04-29,C1297,West,Headphones,Electronics,2500,1350,3,0.1,40,7500,6750.0,4090,2660.0,2025-04,Low (1-10%)
O02039,2025-04-29,C0087,South,Backpack,Accessories,1800,850,2,0.0,40,3600,3600.0,1740,1860.0,2025-04,None
O03266,2025-04-29,C2218,North,Notebook,Stationery,150,65,1,0.05,70,150,142.5,135,7.5,2025-04,Low (1-10%)
O03830,2025-04-29,C2252,North,Headphones,Electronics,2500,1350,4,0.05,70,10000,9500.0,5470,4030.0,2025-04,Low (1-10%)
O04314,2025-04-29,C2179,East,Laptop,Electronics,50000,41000,3,0.2,100,150000,120000.0,123100,-3100.0,2025-04,High (>10%)
O04796,2025-04-29,C1892,East,Headphones,Electronics,2500,1350,4,0.0,150,10000,10000.0,5550,4450.0,2025-04,None
O04988,2025-04-29,C2220,West,Backpack,Accessories,1800,850,1,0.0,150,1800,1800.0,1000,800.0,2025-04,None
O05150,2025-04-29,C2378,West,Desk,Furniture,9000,6300,3,0.05,70,27000,25650.0,18970,6680.0,2025-04,Low (1-10%)
O05166,2025-04-29,C1336,South,Laptop,Electronics,50000,41000,2,0.0,40,100000,100000.0,82040,17960.0,2025-04,None
O05511,2025-04-29,C2197,West,Office Chair,Furniture,6500,4300,2,0.2,150,13000,10400.0,8750,1650.0,2025-04,High (>10%)
O00038,2025-04-30,C1860,South,Pen Set,Stationery,250,110,1,0.1,70,250,225.0,180,45.0,2025-04,Low (1-10%)
O00641,2025-04-30,C2463,East,Notebook,Stationery,150,65,4,0.0,70,600,600.0,330,270.0,2025-04,None
O00898,2025-04-30,C1710,West,Laptop,Electronics,50000,41000,4,0.2,150,200000,160000.0,164150,-4150.0,2025-04,High (>10%)
O01184,2025-04-30,C1733,North,Office Chair,Furniture,6500,4300,1,0.05,40,6500,6175.0,4340,1835.0,2025-04,Low (1-10%)
O01224,2025-04-30,C0642,East,Notebook,Stationery,150,65,2,0.1,150,300,270.0,280,-10.0,2025-04,Low (1-10%)
O01524,2025-04-30,C1478,South,Headphones,Electronics,2500,1350,4,0.05,150,10000,9500.0,5550,3950.0,2025-04,Low (1-10%)
O01656,2025-04-30,C2154,North,Headphones,Electronics,2500,1350,4,0.1,70,10000,9000.0,5470,3530.0,2025-04,Low (1-10%)
O02926,2025-04-30,C0097,South,Headphones,Electronics,2500,1350,1,0.3,40,2500,1750.0,1390,360.0,2025-04,High (>10%)
O02973,2025-04-30,C0992,West,Desk,Furniture,9000,6300,2,0.05,70,18000,17100.0,12670,4430.0,2025-04,Low (1-10%)
O04051,2025-04-30,C1964,North,Keyboard,Electronics,1800,1000,3,0.2,100,5400,4320.0,3100,1220.0,2025-04,High (>10%)
O04467,2025-04-30,C0763,North,Pen Set,Stationery,250,110,3,0.2,70,750,600.0,400,200.0,2025-04,High (>10%)
O04534,2025-04-30,C2336,West,Pen Set,Stationery,250,110,1,0.0,150,250,250.0,260,-10.0,2025-04,None
O04563,2025-04-30,C0162,West,Laptop,Electronics,50000,41000,2,0.05,100,100000,95000.0,82100,12900.0,2025-04,Low (1-10%)
O04640,2025-04-30,C1072,North,Backpack,Accessories,1800,850,4,0.2,40,7200,5760.0,3440,2320.0,2025-04,High (>10%)
O04715,2025-04-30,C2083,East,Laptop,Electronics,50000,41000,4,0.1,40,200000,180000.0,164040,15960.0,2025-04,Low (1-10%)
O05028,2025-04-30,C2401,East,Laptop,Electronics,50000,41000,2,0.1,70,100000,90000.0,82070,7930.0,2025-04,Low (1-10%)
O00214,2025-05-01,C2450,North,Office Chair,Furniture,6500,4300,2,0.0,40,13000,13000.0,8640,4360.0,2025-05,None
O00246,2025-05-01,C1718,South,Laptop,Electronics,50000,41000,1,0.2,40,50000,40000.0,41040,-1040.0,2025-05,High (>10%)
O00440,2025-05-01,C1091,North,Office Chair,Furniture,6500,4300,3,0.0,100,19500,19500.0,13000,6500.0,2025-05,None
O00699,2025-05-01,C1850,North,Laptop,Electronics,50000,41000,3,0.05,150,150000,142500.0,123150,19350.0,2025-05,Low (1-10%)
O00708,2025-05-01,C1083,West,Desk,Furniture,9000,6300,3,0.0,100,27000,27000.0,19000,8000.0,2025-05,None
O00732,2025-05-01,C0898,South,Office Chair,Furniture,6500,4300,4,0.0,40,26000,26000.0,17240,8760.0,2025-05,None
O00735,2025-05-01,C0587,North,Headphones,Electronics,2500,1350,3,0.3,150,7500,5250.0,4200,1050.0,2025-05,High (>10%)
O00874,2025-05-01,C1268,North,Laptop,Electronics,50000,41000,2,0.1,70,100000,90000.0,82070,7930.0,2025-05,Low (1-10%)
O01090,2025-05-01,C0648,South,Headphones,Electronics,2500,1350,4,0.05,100,10000,9500.0,5500,4000.0,2025-05,Low (1-10%)
O01414,2025-05-01,C0417,South,Pen Set,Stationery,250,110,3,0.1,70,750,675.0,400,275.0,2025-05,Low (1-10%)
O02305,2025-05-01,C0073,East,Backpack,Accessories,1800,850,4,0.1,100,7200,6480.0,3500,2980.0,2025-05,Low (1-10%)
O02909,2025-05-01,C1834,South,Headphones,Electronics,2500,1350,4,0.0,100,10000,10000.0,5500,4500.0,2025-05,None
O03198,2025-05-01,C1012,North,Pen Set,Stationery,250,110,4,0.2,100,1000,800.0,540,260.0,2025-05,High (>10%)
O03256,2025-05-01,C2255,West,Headphones,Electronics,2500,1350,3,0.0,150,7500,7500.0,4200,3300.0,2025-05,None
O03371,2025-05-01,C1737,West,Backpack,Accessories,1800,850,4,0.1,150,7200,6480.0,3550,2930.0,2025-05,Low (1-10%)
O04267,2025-05-01,C0473,East,Keyboard,Electronics,1800,1000,4,0.1,100,7200,6480.0,4100,2380.0,2025-05,Low (1-10%)
O04290,2025-05-01,C1513,West,Keyboard,Electronics,1800,1000,3,0.2,40,5400,4320.0,3040,1280.0,2025-05,High (>10%)
O04373,2025-05-01,C2426,North,Headphones,Electronics,2500,1350,4,0.05,40,10000,9500.0,5440,4060.0,2025-05,Low (1-10%)
O04523,2025-05-01,C0111,South,Desk,Furniture,9000,6300,3,0.1,100,27000,24300.0,19000,5300.0,2025-05,Low (1-10%)
O04826,2025-05-01,C1593,East,Office Chair,Furniture,6500,4300,1,0.1,150,6500,5850.0,4450,1400.0,2025-05,Low (1-10%)
O05105,2025-05-01,C0637,West,Laptop,Electronics,50000,41000,4,0.0,150,200000,200000.0,164150,35850.0,2025-05,None
O05443,2025-05-01,C0727,North,Backpack,Accessories,1800,850,1,0.3,40,1800,1260.0,890,370.0,2025-05,High (>10%)
O00017,2025-05-02,C0950,East,Desk,Furniture,9000,6300,3,0.3,100,27000,18900.0,19000,-100.0,2025-05,High (>10%)
O00244,2025-05-02,C0911,North,Notebook,Stationery,150,65,3,0.05,40,450,427.5,235,192.5,2025-05,Low (1-10%)
O00312,2025-05-02,C0243,South,Notebook,Stationery,150,65,4,0.05,40,600,570.0,300,270.0,2025-05,Low (1-10%)
O00673,2025-05-02,C0663,West,Notebook,Stationery,150,65,1,0.0,40,150,150.0,105,45.0,2025-05,None
O01335,2025-05-02,C2382,North,Desk,Furniture,9000,6300,3,0.2,70,27000,21600.0,18970,2630.0,2025-05,High (>10%)
O02197,2025-05-02,C0196,North,Keyboard,Electronics,1800,1000,3,0.05,150,5400,5130.0,3150,1980.0,2025-05,Low (1-10%)
O02797,2025-05-02,C1510,South,Pen Set,Stationery,250,110,4,0.1,150,1000,900.0,590,310.0,2025-05,Low (1-10%)
O03670,2025-05-02,C1510,West,Headphones,Electronics,2500,1350,4,0.05,100,10000,9500.0,5500,4000.0,2025-05,Low (1-10%)
O03972,2025-05-02,C0505,South,Backpack,Accessories,1800,850,2,0.0,150,3600,3600.0,1850,1750.0,2025-05,None
O04340,2025-05-02,C0983,North,Desk,Furniture,9000,6300,1,0.05,100,9000,8550.0,6400,2150.0,2025-05,Low (1-10%)
O04415,2025-05-02,C1679,North,Office Chair,Furniture,6500,4300,2,0.0,40,13000,13000.0,8640,4360.0,2025-05,None
O04582,2025-05-02,C1858,North,Backpack,Accessories,1800,850,3,0.2,70,5400,4320.0,2620,1700.0,2025-05,High (>10%)
O04673,2025-05-02,C0747,North,Headphones,Electronics,2500,1350,1,0.0,70,2500,2500.0,1420,1080.0,2025-05,None
O04833,2025-05-02,C1638,South,Office Chair,Furniture,6500,4300,1,0.0,150,6500,6500.0,4450,2050.0,2025-05,None
O05116,2025-05-02,C1843,North,Keyboard,Electronics,1800,1000,4,0.3,150,7200,5040.0,4150,890.0,2025-05,High (>10%)
O05507,2025-05-02,C0518,East,Laptop,Electronics,50000,41000,1,0.1,70,50000,45000.0,41070,3930.0,2025-05,Low (1-10%)
O05637,2025-05-02,C0537,East,Keyboard,Electronics,1800,1000,4,0.0,150,7200,7200.0,4150,3050.0,2025-05,None
O05666,2025-05-02,C0226,South,Office Chair,Furniture,6500,4300,3,0.1,40,19500,17550.0,12940,4610.0,2025-05,Low (1-10%)
O05684,2025-05-02,C0344,East,Office Chair,Furniture,6500,4300,2,0.05,70,13000,12350.0,8670,3680.0,2025-05,Low (1-10%)
O05732,2025-05-02,C1183,North,Laptop,Electronics,50000,41000,3,0.0,100,150000,150000.0,123100,26900.0,2025-05,None
O00301,2025-05-03,C1917,West,Keyboard,Electronics,1800,1000,3,0.1,70,5400,4860.0,3070,1790.0,2025-05,Low (1-10%)
O00611,2025-05-03,C2106,West,Pen Set,Stationery,250,110,3,0.1,70,750,675.0,400,275.0,2025-05,Low (1-10%)
O00892,2025-05-03,C0383,South,Notebook,Stationery,150,65,2,0.1,70,300,270.0,200,70.0,2025-05,Low (1-10%)
O01903,2025-05-03,C1776,South,Notebook,Stationery,150,65,1,0.3,100,150,105.0,165,-60.0,2025-05,High (>10%)
O01931,2025-05-03,C2330,North,Laptop,Electronics,50000,41000,2,0.3,100,100000,70000.0,82100,-12100.0,2025-05,High (>10%)
O02097,2025-05-03,C1042,North,Backpack,Accessories,1800,850,1,0.2,40,1800,1440.0,890,550.0,2025-05,High (>10%)
O02163,2025-05-03,C0634,North,Office Chair,Furniture,6500,4300,1,0.05,150,6500,6175.0,4450,1725.0,2025-05,Low (1-10%)
O02446,2025-05-03,C1310,North,Backpack,Accessories,1800,850,3,0.05,70,5400,5130.0,2620,2510.0,2025-05,Low (1-10%)
O02912,2025-05-03,C1347,West,Laptop,Electronics,50000,41000,3,0.1,100,150000,135000.0,123100,11900.0,2025-05,Low (1-10%)
O03452,2025-05-03,C0983,West,Laptop,Electronics,50000,41000,2,0.0,40,100000,100000.0,82040,17960.0,2025-05,None
O04437,2025-05-03,C0310,South,Notebook,Stationery,150,65,4,0.05,70,600,570.0,330,240.0,2025-05,Low (1-10%)
O04608,2025-05-03,C1161,West,Office Chair,Furniture,6500,4300,2,0.3,100,13000,9100.0,8700,400.0,2025-05,High (>10%)
O05667,2025-05-03,C1431,North,Headphones,Electronics,2500,1350,4,0.1,150,10000,9000.0,5550,3450.0,2025-05,Low (1-10%)
O05968,2025-05-03,C2067,South,Desk,Furniture,9000,6300,4,0.1,70,36000,32400.0,25270,7130.0,2025-05,Low (1-10%)
O00154,2025-05-04,C1565,West,Keyboard,Electronics,1800,1000,3,0.05,100,5400,5130.0,3100,2030.0,2025-05,Low (1-10%)
O00530,2025-05-04,C1134,North,Backpack,Accessories,1800,850,1,0.0,150,1800,1800.0,1000,800.0,2025-05,None
O01333,2025-05-04,C1976,South,Office Chair,Furniture,6500,4300,2,0.1,150,13000,11700.0,8750,2950.0,2025-05,Low (1-10%)
O01536,2025-05-04,C1190,South,Laptop,Electronics,50000,41000,4,0.2,150,200000,160000.0,164150,-4150.0,2025-05,High (>10%)
O01921,2025-05-04,C0729,South,Office Chair,Furniture,6500,4300,1,0.0,150,6500,6500.0,4450,2050.0,2025-05,None
O01998,2025-05-04,C2160,East,Backpack,Accessories,1800,850,3,0.2,40,5400,4320.0,2590,1730.0,2025-05,High (>10%)
O02229,2025-05-04,C1943,East,Keyboard,Electronics,1800,1000,2,0.0,40,3600,3600.0,2040,1560.0,2025-05,None
O02435,2025-05-04,C2245,South,Office Chair,Furniture,6500,4300,4,0.05,40,26000,24700.0,17240,7460.0,2025-05,Low (1-10%)
O03203,2025-05-04,C0256,East,Pen Set,Stationery,250,110,3,0.2,100,750,600.0,430,170.0,2025-05,High (>10%)
O03367,2025-05-04,C1313,West,Desk,Furniture,9000,6300,3,0.05,100,27000,25650.0,19000,6650.0,2025-05,Low (1-10%)
O04001,2025-05-04,C2492,South,Keyboard,Electronics,1800,1000,1,0.05,40,1800,1710.0,1040,670.0,2025-05,Low (1-10%)
O04682,2025-05-04,C0410,North,Headphones,Electronics,2500,1350,3,0.05,150,7500,7125.0,4200,2925.0,2025-05,Low (1-10%)
O05585,2025-05-04,C0440,West,Office Chair,Furniture,6500,4300,3,0.0,70,19500,19500.0,12970,6530.0,2025-05,None
O05611,2025-05-04,C0504,North,Keyboard,Electronics,1800,1000,2,0.3,40,3600,2520.0,2040,480.0,2025-05,High (>10%)
O05619,2025-05-04,C2319,South,Backpack,Accessories,1800,850,3,0.1,150,5400,4860.0,2700,2160.0,2025-05,Low (1-10%)
O00351,2025-05-05,C0563,East,Desk,Furniture,9000,6300,4,0.05,70,36000,34200.0,25270,8930.0,2025-05,Low (1-10%)
O00682,2025-05-05,C2183,North,Headphones,Electronics,2500,1350,1,0.1,150,2500,2250.0,1500,750.0,2025-05,Low (1-10%)
O00844,2025-05-05,C1320,East,Laptop,Electronics,50000,41000,1,0.0,150,50000,50000.0,41150,8850.0,2025-05,None
O00963,2025-05-05,C0247,North,Pen Set,Stationery,250,110,2,0.2,150,500,400.0,370,30.0,2025-05,High (>10%)
O00997,2025-05-05,C0459,South,Desk,Furniture,9000,6300,2,0.05,40,18000,17100.0,12640,4460.0,2025-05,Low (1-10%)
O01081,2025-05-05,C0683,South,Backpack,Accessories,1800,850,3,0.1,150,5400,4860.0,2700,2160.0,2025-05,Low (1-10%)
O01251,2025-05-05,C0501,West,Headphones,Electronics,2500,1350,3,0.05,40,7500,7125.0,4090,3035.0,2025-05,Low (1-10%)
O02095,2025-05-05,C0819,North,Headphones,Electronics,2500,1350,1,0.0,70,2500,2500.0,1420,1080.0,2025-05,None
O02502,2025-05-05,C1338,South,Laptop,Electronics,50000,41000,1,0.0,150,50000,50000.0,41150,8850.0,2025-05,None
O03274,2025-05-05,C1243,North,Office Chair,Furniture,6500,4300,4,0.05,100,26000,24700.0,17300,7400.0,2025-05,Low (1-10%)
O03336,2025-05-05,C0920,South,Headphones,Electronics,2500,1350,3,0.2,100,7500,6000.0,4150,1850.0,2025-05,High (>10%)
O03365,2025-05-05,C1409,West,Headphones,Electronics,2500,1350,3,0.1,70,7500,6750.0,4120,2630.0,2025-05,Low (1-10%)
O03406,2025-05-05,C1382,East,Keyboard,Electronics,1800,1000,1,0.0,150,1800,1800.0,1150,650.0,2025-05,None
O03768,2025-05-05,C1772,South,Notebook,Stationery,150,65,2,0.05,150,300,285.0,280,5.0,2025-05,Low (1-10%)
O03813,2025-05-05,C0948,North,Notebook,Stationery,150,65,1,0.2,150,150,120.0,215,-95.0,2025-05,High (>10%)
O03852,2025-05-05,C0485,West,Laptop,Electronics,50000,41000,4,0.1,40,200000,180000.0,164040,15960.0,2025-05,Low (1-10%)
O04227,2025-05-05,C0415,East,Office Chair,Furniture,6500,4300,3,0.0,40,19500,19500.0,12940,6560.0,2025-05,None
O04279,2025-05-05,C0788,South,Notebook,Stationery,150,65,4,0.0,40,600,600.0,300,300.0,2025-05,None
O04369,2025-05-05,C1338,East,Backpack,Accessories,1800,850,3,0.1,150,5400,4860.0,2700,2160.0,2025-05,Low (1-10%)
O05009,2025-05-05,C1005,West,Notebook,Stationery,150,65,3,0.1,150,450,405.0,345,60.0,2025-05,Low (1-10%)
O05253,2025-05-05,C2136,East,Notebook,Stationery,150,65,3,0.0,150,450,450.0,345,105.0,2025-05,None
O00537,2025-05-06,C1175,West,Office Chair,Furniture,6500,4300,4,0.05,100,26000,24700.0,17300,7400.0,2025-05,Low (1-10%)
O01106,2025-05-06,C2100,North,Headphones,Electronics,2500,1350,3,0.0,150,7500,7500.0,4200,3300.0,2025-05,None
O01512,2025-05-06,C0204,West,Headphones,Electronics,2500,1350,2,0.05,40,5000,4750.0,2740,2010.0,2025-05,Low (1-10%)
O01728,2025-05-06,C0812,East,Desk,Furniture,9000,6300,4,0.05,100,36000,34200.0,25300,8900.0,2025-05,Low (1-10%)
O01874,2025-05-06,C2264,North,Backpack,Accessories,1800,850,4,0.0,100,7200,7200.0,3500,3700.0,2025-05,None
O01930,2025-05-06,C0240,South,Backpack,Accessories,1800,850,2,0.3,100,3600,2520.0,1800,720.0,2025-05,High (>10%)
O02271,2025-05-06,C1157,South,Keyboard,Electronics,1800,1000,4,0.2,40,7200,5760.0,4040,1720.0,2025-05,High (>10%)
O02616,2025-05-06,C1968,North,Notebook,Stationery,150,65,2,0.0,100,300,300.0,230,70.0,2025-05,None
O02691,2025-05-06,C1818,North,Notebook,Stationery,150,65,2,0.3,40,300,210.0,170,40.0,2025-05,High (>10%)
O03109,2025-05-06,C1589,South,Backpack,Accessories,1800,850,1,0.05,150,1800,1710.0,1000,710.0,2025-05,Low (1-10%)
O03434,2025-05-06,C1350,West,Keyboard,Electronics,1800,1000,3,0.0,70,5400,5400.0,3070,2330.0,2025-05,None
O03466,2025-05-06,C0836,East,Notebook,Stationery,150,65,3,0.0,40,450,450.0,235,215.0,2025-05,None
O03931,2025-05-06,C0358,South,Notebook,Stationery,150,65,1,0.05,150,150,142.5,215,-72.5,2025-05,Low (1-10%)
O03983,2025-05-06,C2040,East,Notebook,Stationery,150,65,4,0.3,70,600,420.0,330,90.0,2025-05,High (>10%)
O04144,2025-05-06,C1335,East,Office Chair,Furniture,6500,4300,1,0.0,100,6500,6500.0,4400,2100.0,2025-05,None
O04186,2025-05-06,C0662,North,Desk,Furniture,9000,6300,3,0.0,150,27000,27000.0,19050,7950.0,2025-05,None
O04396,2025-05-06,C0533,West,Desk,Furniture,9000,6300,1,0.0,70,9000,9000.0,6370,2630.0,2025-05,None
O04443,2025-05-06,C2372,South,Notebook,Stationery,150,65,2,0.1,70,300,270.0,200,70.0,2025-05,Low (1-10%)
O04630,2025-05-06,C0512,South,Keyboard,Electronics,1800,1000,3,0.0,70,5400,5400.0,3070,2330.0,2025-05,None
O04660,2025-05-06,C1190,North,Office Chair,Furniture,6500,4300,1,0.2,70,6500,5200.0,4370,830.0,2025-05,High (>10%)
O05062,2025-05-06,C1606,North,Desk,Furniture,9000,6300,3,0.1,150,27000,24300.0,19050,5250.0,2025-05,Low (1-10%)
O05117,2025-05-06,C1180,West,Keyboard,Electronics,1800,1000,3,0.2,150,5400,4320.0,3150,1170.0,2025-05,High (>10%)
O05525,2025-05-06,C2035,West,Desk,Furniture,9000,6300,2,0.3,100,18000,12600.0,12700,-100.0,2025-05,High (>10%)
O05527,2025-05-06,C0381,West,Desk,Furniture,9000,6300,3,0.2,40,27000,21600.0,18940,2660.0,2025-05,High (>10%)
O05657,2025-05-06,C1260,West,Pen Set,Stationery,250,110,1,0.1,70,250,225.0,180,45.0,2025-05,Low (1-10%)
O05956,2025-05-06,C2298,South,Notebook,Stationery,150,65,4,0.05,100,600,570.0,360,210.0,2025-05,Low (1-10%)
O00459,2025-05-07,C1174,South,Pen Set,Stationery,250,110,2,0.2,150,500,400.0,370,30.0,2025-05,High (>10%)
O00494,2025-05-07,C2344,South,Desk,Furniture,9000,6300,4,0.3,100,36000,25200.0,25300,-100.0,2025-05,High (>10%)
O00724,2025-05-07,C1599,South,Laptop,Electronics,50000,41000,2,0.2,150,100000,80000.0,82150,-2150.0,2025-05,High (>10%)
O00849,2025-05-07,C0650,South,Pen Set,Stationery,250,110,2,0.3,70,500,350.0,290,60.0,2025-05,High (>10%)
O01348,2025-05-07,C1088,South,Notebook,Stationery,150,65,3,0.0,150,450,450.0,345,105.0,2025-05,None
O01846,2025-05-07,C1051,West,Desk,Furniture,9000,6300,1,0.05,100,9000,8550.0,6400,2150.0,2025-05,Low (1-10%)
O02353,2025-05-07,C0902,North,Notebook,Stationery,150,65,1,0.05,150,150,142.5,215,-72.5,2025-05,Low (1-10%)
O02367,2025-05-07,C0935,North,Keyboard,Electronics,1800,1000,4,0.0,150,7200,7200.0,4150,3050.0,2025-05,None
O02879,2025-05-07,C1056,North,Pen Set,Stationery,250,110,3,0.1,100,750,675.0,430,245.0,2025-05,Low (1-10%)
O03372,2025-05-07,C2087,North,Headphones,Electronics,2500,1350,4,0.1,70,10000,9000.0,5470,3530.0,2025-05,Low (1-10%)
O03420,2025-05-07,C1666,North,Keyboard,Electronics,1800,1000,3,0.3,150,5400,3780.0,3150,630.0,2025-05,High (>10%)
O03439,2025-05-07,C1143,South,Backpack,Accessories,1800,850,1,0.0,100,1800,1800.0,950,850.0,2025-05,None
O03477,2025-05-07,C0636,East,Desk,Furniture,9000,6300,4,0.1,70,36000,32400.0,25270,7130.0,2025-05,Low (1-10%)
O04626,2025-05-07,C0078,East,Office Chair,Furniture,6500,4300,1,0.0,70,6500,6500.0,4370,2130.0,2025-05,None
O04649,2025-05-07,C1216,North,Keyboard,Electronics,1800,1000,3,0.0,40,5400,5400.0,3040,2360.0,2025-05,None
O05068,2025-05-07,C2331,East,Laptop,Electronics,50000,41000,1,0.0,70,50000,50000.0,41070,8930.0,2025-05,None
O05147,2025-05-07,C1265,South,Office Chair,Furniture,6500,4300,3,0.05,70,19500,18525.0,12970,5555.0,2025-05,Low (1-10%)
O05401,2025-05-07,C1062,North,Pen Set,Stationery,250,110,1,0.05,40,250,237.5,150,87.5,2025-05,Low (1-10%)
O05902,2025-05-07,C0738,South,Headphones,Electronics,2500,1350,4,0.0,150,10000,10000.0,5550,4450.0,2025-05,None
O00043,2025-05-08,C1292,South,Notebook,Stationery,150,65,1,0.1,100,150,135.0,165,-30.0,2025-05,Low (1-10%)
O00925,2025-05-08,C0830,North,Headphones,Electronics,2500,1350,4,0.0,40,10000,10000.0,5440,4560.0,2025-05,None
O01294,2025-05-08,C0180,South,Laptop,Electronics,50000,41000,3,0.0,40,150000,150000.0,123040,26960.0,2025-05,None
O01374,2025-05-08,C2356,North,Office Chair,Furniture,6500,4300,4,0.1,150,26000,23400.0,17350,6050.0,2025-05,Low (1-10%)
O01379,2025-05-08,C1146,South,Desk,Furniture,9000,6300,1,0.1,100,9000,8100.0,6400,1700.0,2025-05,Low (1-10%)
O01578,2025-05-08,C1896,South,Pen Set,Stationery,250,110,2,0.1,70,500,450.0,290,160.0,2025-05,Low (1-10%)
O02608,2025-05-08,C1193,South,Keyboard,Electronics,1800,1000,2,0.0,40,3600,3600.0,2040,1560.0,2025-05,None
O03289,2025-05-08,C1839,West,Headphones,Electronics,2500,1350,1,0.0,40,2500,2500.0,1390,1110.0,2025-05,None
O03577,2025-05-08,C1704,South,Notebook,Stationery,150,65,3,0.05,150,450,427.5,345,82.5,2025-05,Low (1-10%)
O03741,2025-05-08,C2146,West,Headphones,Electronics,2500,1350,3,0.05,150,7500,7125.0,4200,2925.0,2025-05,Low (1-10%)
O04158,2025-05-08,C2447,South,Keyboard,Electronics,1800,1000,4,0.0,70,7200,7200.0,4070,3130.0,2025-05,None
O04221,2025-05-08,C1393,South,Laptop,Electronics,50000,41000,4,0.0,150,200000,200000.0,164150,35850.0,2025-05,None
O04966,2025-05-08,C2068,West,Laptop,Electronics,50000,41000,1,0.1,150,50000,45000.0,41150,3850.0,2025-05,Low (1-10%)
O05106,2025-05-08,C1998,South,Notebook,Stationery,150,65,2,0.1,150,300,270.0,280,-10.0,2025-05,Low (1-10%)
O05937,2025-05-08,C1805,South,Headphones,Electronics,2500,1350,2,0.1,150,5000,4500.0,2850,1650.0,2025-05,Low (1-10%)
O00422,2025-05-09,C0081,North,Notebook,Stationery,150,65,4,0.0,100,600,600.0,360,240.0,2025-05,None
O00582,2025-05-09,C1800,North,Pen Set,Stationery,250,110,3,0.2,100,750,600.0,430,170.0,2025-05,High (>10%)
O00672,2025-05-09,C0948,West,Desk,Furniture,9000,6300,1,0.1,150,9000,8100.0,6450,1650.0,2025-05,Low (1-10%)
O00851,2025-05-09,C2284,North,Backpack,Accessories,1800,850,4,0.0,150,7200,7200.0,3550,3650.0,2025-05,None
O01235,2025-05-09,C0454,West,Notebook,Stationery,150,65,4,0.3,150,600,420.0,410,10.0,2025-05,High (>10%)
O03998,2025-05-09,C0581,South,Pen Set,Stationery,250,110,1,0.05,70,250,237.5,180,57.5,2025-05,Low (1-10%)
O04515,2025-05-09,C1509,North,Backpack,Accessories,1800,850,2,0.05,150,3600,3420.0,1850,1570.0,2025-05,Low (1-10%)
O04647,2025-05-09,C1945,East,Notebook,Stationery,150,65,3,0.2,70,450,360.0,265,95.0,2025-05,High (>10%)
O04840,2025-05-09,C0234,South,Backpack,Accessories,1800,850,3,0.1,40,5400,4860.0,2590,2270.0,2025-05,Low (1-10%)
O04896,2025-05-09,C1701,East,Office Chair,Furniture,6500,4300,2,0.05,100,13000,12350.0,8700,3650.0,2025-05,Low (1-10%)
O05337,2025-05-09,C0735,South,Notebook,Stationery,150,65,2,0.2,40,300,240.0,170,70.0,2025-05,High (>10%)
O05538,2025-05-09,C1413,West,Pen Set,Stationery,250,110,2,0.0,70,500,500.0,290,210.0,2025-05,None
O05638,2025-05-09,C1940,South,Office Chair,Furniture,6500,4300,2,0.1,40,13000,11700.0,8640,3060.0,2025-05,Low (1-10%)
O00306,2025-05-10,C0897,South,Headphones,Electronics,2500,1350,4,0.1,150,10000,9000.0,5550,3450.0,2025-05,Low (1-10%)
O00434,2025-05-10,C1334,South,Headphones,Electronics,2500,1350,2,0.1,70,5000,4500.0,2770,1730.0,2025-05,Low (1-10%)
O00478,2025-05-10,C2096,East,Laptop,Electronics,50000,41000,3,0.1,100,150000,135000.0,123100,11900.0,2025-05,Low (1-10%)
O01551,2025-05-10,C1321,West,Keyboard,Electronics,1800,1000,2,0.1,150,3600,3240.0,2150,1090.0,2025-05,Low (1-10%)
O02064,2025-05-10,C0573,North,Notebook,Stationery,150,65,4,0.0,40,600,600.0,300,300.0,2025-05,None
O02235,2025-05-10,C1107,East,Desk,Furniture,9000,6300,1,0.0,150,9000,9000.0,6450,2550.0,2025-05,None
O02564,2025-05-10,C0215,North,Office Chair,Furniture,6500,4300,4,0.3,150,26000,18200.0,17350,850.0,2025-05,High (>10%)
O02849,2025-05-10,C0385,North,Keyboard,Electronics,1800,1000,4,0.0,100,7200,7200.0,4100,3100.0,2025-05,None
O03090,2025-05-10,C1377,East,Office Chair,Furniture,6500,4300,4,0.05,40,26000,24700.0,17240,7460.0,2025-05,Low (1-10%)
O03767,2025-05-10,C1843,North,Notebook,Stationery,150,65,2,0.05,150,300,285.0,280,5.0,2025-05,Low (1-10%)
O03988,2025-05-10,C2160,North,Laptop,Electronics,50000,41000,3,0.0,150,150000,150000.0,123150,26850.0,2025-05,None
O04311,2025-05-10,C0792,South,Desk,Furniture,9000,6300,1,0.1,70,9000,8100.0,6370,1730.0,2025-05,Low (1-10%)
O04814,2025-05-10,C0473,East,Desk,Furniture,9000,6300,1,0.1,70,9000,8100.0,6370,1730.0,2025-05,Low (1-10%)
O04991,2025-05-10,C1572,East,Notebook,Stationery,150,65,2,0.1,70,300,270.0,200,70.0,2025-05,Low (1-10%)
O00712,2025-05-11,C1250,South,Desk,Furniture,9000,6300,2,0.05,40,18000,17100.0,12640,4460.0,2025-05,Low (1-10%)
O01221,2025-05-11,C1248,West,Notebook,Stationery,150,65,3,0.0,150,450,450.0,345,105.0,2025-05,None
O01569,2025-05-11,C1444,South,Backpack,Accessories,1800,850,1,0.3,70,1800,1260.0,920,340.0,2025-05,High (>10%)
O01681,2025-05-11,C1816,South,Backpack,Accessories,1800,850,4,0.0,150,7200,7200.0,3550,3650.0,2025-05,None
O01761,2025-05-11,C2418,North,Office Chair,Furniture,6500,4300,1,0.2,100,6500,5200.0,4400,800.0,2025-05,High (>10%)
O02004,2025-05-11,C2254,West,Office Chair,Furniture,6500,4300,2,0.0,150,13000,13000.0,8750,4250.0,2025-05,None
O02424,2025-05-11,C1968,North,Pen Set,Stationery,250,110,3,0.0,150,750,750.0,480,270.0,2025-05,None
O02925,2025-05-11,C1852,North,Office Chair,Furniture,6500,4300,4,0.1,70,26000,23400.0,17270,6130.0,2025-05,Low (1-10%)
O02992,2025-05-11,C1860,North,Notebook,Stationery,150,65,2,0.2,40,300,240.0,170,70.0,2025-05,High (>10%)
O03641,2025-05-11,C1771,South,Notebook,Stationery,150,65,3,0.2,70,450,360.0,265,95.0,2025-05,High (>10%)
O04136,2025-05-11,C1033,West,Backpack,Accessories,1800,850,2,0.0,150,3600,3600.0,1850,1750.0,2025-05,None
O04457,2025-05-11,C0055,North,Desk,Furniture,9000,6300,2,0.0,70,18000,18000.0,12670,5330.0,2025-05,None
O04670,2025-05-11,C0532,East,Office Chair,Furniture,6500,4300,1,0.1,150,6500,5850.0,4450,1400.0,2025-05,Low (1-10%)
O04862,2025-05-11,C0020,West,Pen Set,Stationery,250,110,1,0.3,100,250,175.0,210,-35.0,2025-05,High (>10%)
O05029,2025-05-11,C1432,East,Notebook,Stationery,150,65,1,0.1,150,150,135.0,215,-80.0,2025-05,Low (1-10%)
O05534,2025-05-11,C1995,North,Office Chair,Furniture,6500,4300,2,0.2,100,13000,10400.0,8700,1700.0,2025-05,High (>10%)
O05769,2025-05-11,C0365,North,Office Chair,Furniture,6500,4300,3,0.05,150,19500,18525.0,13050,5475.0,2025-05,Low (1-10%)
O05999,2025-05-11,C1976,South,Pen Set,Stationery,250,110,2,0.05,40,500,475.0,260,215.0,2025-05,Low (1-10%)
O01342,2025-05-12,C0919,West,Headphones,Electronics,2500,1350,4,0.1,100,10000,9000.0,5500,3500.0,2025-05,Low (1-10%)
O01881,2025-05-12,C0656,North,Office Chair,Furniture,6500,4300,3,0.0,100,19500,19500.0,13000,6500.0,2025-05,None
O02790,2025-05-12,C2139,North,Pen Set,Stationery,250,110,1,0.05,70,250,237.5,180,57.5,2025-05,Low (1-10%)
O02935,2025-05-12,C0025,West,Pen Set,Stationery,250,110,4,0.05,150,1000,950.0,590,360.0,2025-05,Low (1-10%)
O03918,2025-05-12,C0263,West,Pen Set,Stationery,250,110,4,0.1,40,1000,900.0,480,420.0,2025-05,Low (1-10%)
O04167,2025-05-12,C1621,North,Office Chair,Furniture,6500,4300,3,0.1,150,19500,17550.0,13050,4500.0,2025-05,Low (1-10%)
O04269,2025-05-12,C2021,South,Laptop,Electronics,50000,41000,4,0.05,70,200000,190000.0,164070,25930.0,2025-05,Low (1-10%)
O04611,2025-05-12,C2084,West,Laptop,Electronics,50000,41000,4,0.1,100,200000,180000.0,164100,15900.0,2025-05,Low (1-10%)
O05308,2025-05-12,C0300,West,Notebook,Stationery,150,65,4,0.1,40,600,540.0,300,240.0,2025-05,Low (1-10%)
O00749,2025-05-13,C2109,West,Keyboard,Electronics,1800,1000,4,0.0,150,7200,7200.0,4150,3050.0,2025-05,None
O00888,2025-05-13,C2033,East,Headphones,Electronics,2500,1350,2,0.0,100,5000,5000.0,2800,2200.0,2025-05,None
O03148,2025-05-13,C0899,East,Pen Set,Stationery,250,110,1,0.05,150,250,237.5,260,-22.5,2025-05,Low (1-10%)
O03506,2025-05-13,C2258,North,Backpack,Accessories,1800,850,2,0.0,100,3600,3600.0,1800,1800.0,2025-05,None
O03760,2025-05-13,C2372,South,Desk,Furniture,9000,6300,3,0.2,150,27000,21600.0,19050,2550.0,2025-05,High (>10%)
O03859,2025-05-13,C0541,West,Keyboard,Electronics,1800,1000,2,0.05,150,3600,3420.0,2150,1270.0,2025-05,Low (1-10%)
O03874,2025-05-13,C0537,East,Office Chair,Furniture,6500,4300,4,0.2,70,26000,20800.0,17270,3530.0,2025-05,High (>10%)
O04188,2025-05-13,C2476,North,Headphones,Electronics,2500,1350,1,0.05,70,2500,2375.0,1420,955.0,2025-05,Low (1-10%)
O04718,2025-05-13,C2239,North,Backpack,Accessories,1800,850,3,0.05,100,5400,5130.0,2650,2480.0,2025-05,Low (1-10%)
O05012,2025-05-13,C0699,South,Laptop,Electronics,50000,41000,3,0.0,150,150000,150000.0,123150,26850.0,2025-05,None
O05124,2025-05-13,C0610,South,Notebook,Stationery,150,65,4,0.1,70,600,540.0,330,210.0,2025-05,Low (1-10%)
O05346,2025-05-13,C2464,South,Office Chair,Furniture,6500,4300,2,0.2,150,13000,10400.0,8750,1650.0,2025-05,High (>10%)
O05489,2025-05-13,C2144,South,Pen Set,Stationery,250,110,4,0.1,150,1000,900.0,590,310.0,2025-05,Low (1-10%)
O05557,2025-05-13,C0755,North,Laptop,Electronics,50000,41000,1,0.1,150,50000,45000.0,41150,3850.0,2025-05,Low (1-10%)
O05955,2025-05-13,C0480,East,Notebook,Stationery,150,65,3,0.1,70,450,405.0,265,140.0,2025-05,Low (1-10%)
O00356,2025-05-14,C0898,South,Backpack,Accessories,1800,850,1,0.0,100,1800,1800.0,950,850.0,2025-05,None
O00467,2025-05-14,C2050,North,Headphones,Electronics,2500,1350,2,0.0,70,5000,5000.0,2770,2230.0,2025-05,None
O00670,2025-05-14,C1866,West,Headphones,Electronics,2500,1350,1,0.1,100,2500,2250.0,1450,800.0,2025-05,Low (1-10%)
O01234,2025-05-14,C1030,North,Notebook,Stationery,150,65,4,0.2,100,600,480.0,360,120.0,2025-05,High (>10%)
O01706,2025-05-14,C1774,South,Pen Set,Stationery,250,110,4,0.1,40,1000,900.0,480,420.0,2025-05,Low (1-10%)
O02098,2025-05-14,C1276,East,Pen Set,Stationery,250,110,4,0.0,150,1000,1000.0,590,410.0,2025-05,None
O03080,2025-05-14,C0671,South,Office Chair,Furniture,6500,4300,1,0.1,150,6500,5850.0,4450,1400.0,2025-05,Low (1-10%)
O03207,2025-05-14,C1044,South,Backpack,Accessories,1800,850,3,0.0,150,5400,5400.0,2700,2700.0,2025-05,None
O03209,2025-05-14,C1084,South,Office Chair,Furniture,6500,4300,4,0.1,70,26000,23400.0,17270,6130.0,2025-05,Low (1-10%)
O03261,2025-05-14,C1240,South,Office Chair,Furniture,6500,4300,3,0.1,100,19500,17550.0,13000,4550.0,2025-05,Low (1-10%)
O03487,2025-05-14,C1644,North,Keyboard,Electronics,1800,1000,3,0.1,100,5400,4860.0,3100,1760.0,2025-05,Low (1-10%)
O04334,2025-05-14,C1721,South,Backpack,Accessories,1800,850,1,0.1,150,1800,1620.0,1000,620.0,2025-05,Low (1-10%)
O04968,2025-05-14,C1377,East,Keyboard,Electronics,1800,1000,3,0.05,70,5400,5130.0,3070,2060.0,2025-05,Low (1-10%)
O05551,2025-05-14,C0167,North,Desk,Furniture,9000,6300,1,0.0,70,9000,9000.0,6370,2630.0,2025-05,None
O05650,2025-05-14,C2200,East,Backpack,Accessories,1800,850,3,0.0,100,5400,5400.0,2650,2750.0,2025-05,None
O05972,2025-05-14,C1872,East,Headphones,Electronics,2500,1350,2,0.05,40,5000,4750.0,2740,2010.0,2025-05,Low (1-10%)
O00815,2025-05-15,C0279,West,Pen Set,Stationery,250,110,3,0.1,70,750,675.0,400,275.0,2025-05,Low (1-10%)
O00989,2025-05-15,C0813,South,Headphones,Electronics,2500,1350,1,0.1,70,2500,2250.0,1420,830.0,2025-05,Low (1-10%)
O01651,2025-05-15,C0929,East,Headphones,Electronics,2500,1350,2,0.05,70,5000,4750.0,2770,1980.0,2025-05,Low (1-10%)
O02162,2025-05-15,C2023,East,Headphones,Electronics,2500,1350,1,0.0,70,2500,2500.0,1420,1080.0,2025-05,None
O02953,2025-05-15,C0101,North,Backpack,Accessories,1800,850,2,0.3,40,3600,2520.0,1740,780.0,2025-05,High (>10%)
O03119,2025-05-15,C0646,North,Laptop,Electronics,50000,41000,3,0.0,100,150000,150000.0,123100,26900.0,2025-05,None
O04073,2025-05-15,C1941,South,Pen Set,Stationery,250,110,1,0.1,150,250,225.0,260,-35.0,2025-05,Low (1-10%)
O04530,2025-05-15,C1665,South,Desk,Furniture,9000,6300,3,0.0,70,27000,27000.0,18970,8030.0,2025-05,None
O04869,2025-05-15,C2140,North,Backpack,Accessories,1800,850,4,0.1,40,7200,6480.0,3440,3040.0,2025-05,Low (1-10%)
O05078,2025-05-15,C0281,South,Laptop,Electronics,50000,41000,3,0.3,100,150000,105000.0,123100,-18100.0,2025-05,High (>10%)
O05309,2025-05-15,C0540,South,Laptop,Electronics,50000,41000,1,0.3,100,50000,35000.0,41100,-6100.0,2025-05,High (>10%)
O05617,2025-05-15,C0657,South,Pen Set,Stationery,250,110,1,0.0,100,250,250.0,210,40.0,2025-05,None
O05898,2025-05-15,C1122,North,Backpack,Accessories,1800,850,1,0.3,70,1800,1260.0,920,340.0,2025-05,High (>10%)
O00065,2025-05-16,C0649,North,Office Chair,Furniture,6500,4300,3,0.1,100,19500,17550.0,13000,4550.0,2025-05,Low (1-10%)
O00593,2025-05-16,C0791,West,Headphones,Electronics,2500,1350,3,0.05,40,7500,7125.0,4090,3035.0,2025-05,Low (1-10%)
O00739,2025-05-16,C0306,East,Notebook,Stationery,150,65,3,0.05,70,450,427.5,265,162.5,2025-05,Low (1-10%)
O01375,2025-05-16,C2008,East,Backpack,Accessories,1800,850,4,0.05,70,7200,6840.0,3470,3370.0,2025-05,Low (1-10%)
O01543,2025-05-16,C0221,North,Laptop,Electronics,50000,41000,3,0.1,40,150000,135000.0,123040,11960.0,2025-05,Low (1-10%)
O01742,2025-05-16,C1703,West,Notebook,Stationery,150,65,1,0.2,40,150,120.0,105,15.0,2025-05,High (>10%)
O01961,2025-05-16,C1566,North,Pen Set,Stationery,250,110,3,0.1,70,750,675.0,400,275.0,2025-05,Low (1-10%)
O01970,2025-05-16,C0793,South,Headphones,Electronics,2500,1350,2,0.0,150,5000,5000.0,2850,2150.0,2025-05,None
O02817,2025-05-16,C2266,East,Notebook,Stationery,150,65,3,0.2,150,450,360.0,345,15.0,2025-05,High (>10%)
O02822,2025-05-16,C1913,South,Pen Set,Stationery,250,110,1,0.0,70,250,250.0,180,70.0,2025-05,None
O02868,2025-05-16,C0336,West,Headphones,Electronics,2500,1350,4,0.0,100,10000,10000.0,5500,4500.0,2025-05,None
O03703,2025-05-16,C1708,East,Headphones,Electronics,2500,1350,3,0.1,70,7500,6750.0,4120,2630.0,2025-05,Low (1-10%)
O03934,2025-05-16,C1276,East,Notebook,Stationery,150,65,2,0.0,150,300,300.0,280,20.0,2025-05,None
O04043,2025-05-16,C1450,North,Pen Set,Stationery,250,110,3,0.0,40,750,750.0,370,380.0,2025-05,None
O04409,2025-05-16,C2267,North,Keyboard,Electronics,1800,1000,2,0.0,150,3600,3600.0,2150,1450.0,2025-05,None
O04941,2025-05-16,C0766,East,Notebook,Stationery,150,65,4,0.0,100,600,600.0,360,240.0,2025-05,None
O05360,2025-05-16,C1735,South,Keyboard,Electronics,1800,1000,3,0.05,150,5400,5130.0,3150,1980.0,2025-05,Low (1-10%)
O05733,2025-05-16,C0996,North,Pen Set,Stationery,250,110,3,0.2,150,750,600.0,480,120.0,2025-05,High (>10%)
O00130,2025-05-17,C0832,East,Notebook,Stationery,150,65,3,0.1,100,450,405.0,295,110.0,2025-05,Low (1-10%)
O00685,2025-05-17,C0233,North,Headphones,Electronics,2500,1350,4,0.3,100,10000,7000.0,5500,1500.0,2025-05,High (>10%)
O00949,2025-05-17,C1440,East,Backpack,Accessories,1800,850,1,0.1,70,1800,1620.0,920,700.0,2025-05,Low (1-10%)
O01353,2025-05-17,C0853,South,Office Chair,Furniture,6500,4300,3,0.1,100,19500,17550.0,13000,4550.0,2025-05,Low (1-10%)
O01511,2025-05-17,C2107,South,Keyboard,Electronics,1800,1000,4,0.05,100,7200,6840.0,4100,2740.0,2025-05,Low (1-10%)
O01693,2025-05-17,C1505,North,Notebook,Stationery,150,65,3,0.1,40,450,405.0,235,170.0,2025-05,Low (1-10%)
O01810,2025-05-17,C1195,West,Backpack,Accessories,1800,850,4,0.05,40,7200,6840.0,3440,3400.0,2025-05,Low (1-10%)
O03408,2025-05-17,C1606,North,Notebook,Stationery,150,65,3,0.3,40,450,315.0,235,80.0,2025-05,High (>10%)
O03833,2025-05-17,C1800,North,Pen Set,Stationery,250,110,1,0.1,70,250,225.0,180,45.0,2025-05,Low (1-10%)
O04434,2025-05-17,C2130,East,Laptop,Electronics,50000,41000,2,0.1,70,100000,90000.0,82070,7930.0,2025-05,Low (1-10%)
O04797,2025-05-17,C2180,North,Desk,Furniture,9000,6300,4,0.3,100,36000,25200.0,25300,-100.0,2025-05,High (>10%)
O05364,2025-05-17,C1521,South,Pen Set,Stationery,250,110,2,0.3,70,500,350.0,290,60.0,2025-05,High (>10%)
O05887,2025-05-17,C0661,South,Backpack,Accessories,1800,850,3,0.1,40,5400,4860.0,2590,2270.0,2025-05,Low (1-10%)
O00060,2025-05-18,C0435,West,Notebook,Stationery,150,65,3,0.2,70,450,360.0,265,95.0,2025-05,High (>10%)
O00063,2025-05-18,C0122,South,Keyboard,Electronics,1800,1000,4,0.2,70,7200,5760.0,4070,1690.0,2025-05,High (>10%)
O00225,2025-05-18,C1199,North,Notebook,Stationery,150,65,4,0.05,150,600,570.0,410,160.0,2025-05,Low (1-10%)
O00280,2025-05-18,C1113,West,Laptop,Electronics,50000,41000,2,0.0,150,100000,100000.0,82150,17850.0,2025-05,None
O02657,2025-05-18,C0354,South,Laptop,Electronics,50000,41000,1,0.2,150,50000,40000.0,41150,-1150.0,2025-05,High (>10%)
O02816,2025-05-18,C1440,East,Laptop,Electronics,50000,41000,2,0.3,150,100000,70000.0,82150,-12150.0,2025-05,High (>10%)
O03647,2025-05-18,C1081,North,Notebook,Stationery,150,65,2,0.2,40,300,240.0,170,70.0,2025-05,High (>10%)
O04141,2025-05-18,C0072,East,Notebook,Stationery,150,65,3,0.1,70,450,405.0,265,140.0,2025-05,Low (1-10%)
O04691,2025-05-18,C0526,North,Laptop,Electronics,50000,41000,4,0.1,70,200000,180000.0,164070,15930.0,2025-05,Low (1-10%)
O04883,2025-05-18,C1698,South,Office Chair,Furniture,6500,4300,3,0.05,100,19500,18525.0,13000,5525.0,2025-05,Low (1-10%)
O05071,2025-05-18,C1586,East,Backpack,Accessories,1800,850,1,0.2,70,1800,1440.0,920,520.0,2025-05,High (>10%)
O05288,2025-05-18,C0799,North,Pen Set,Stationery,250,110,4,0.0,70,1000,1000.0,510,490.0,2025-05,None
O05682,2025-05-18,C0448,West,Pen Set,Stationery,250,110,1,0.0,70,250,250.0,180,70.0,2025-05,None
O05976,2025-05-18,C2442,East,Desk,Furniture,9000,6300,2,0.0,150,18000,18000.0,12750,5250.0,2025-05,None
O05992,2025-05-18,C2334,North,Office Chair,Furniture,6500,4300,1,0.1,150,6500,5850.0,4450,1400.0,2025-05,Low (1-10%)
O00082,2025-05-19,C1134,South,Office Chair,Furniture,6500,4300,2,0.1,70,13000,11700.0,8670,3030.0,2025-05,Low (1-10%)
O01057,2025-05-19,C0033,North,Office Chair,Furniture,6500,4300,2,0.1,40,13000,11700.0,8640,3060.0,2025-05,Low (1-10%)
O01338,2025-05-19,C0481,West,Keyboard,Electronics,1800,1000,1,0.3,100,1800,1260.0,1100,160.0,2025-05,High (>10%)
O01713,2025-05-19,C1990,South,Backpack,Accessories,1800,850,4,0.1,40,7200,6480.0,3440,3040.0,2025-05,Low (1-10%)
O02078,2025-05-19,C2218,South,Office Chair,Furniture,6500,4300,3,0.1,40,19500,17550.0,12940,4610.0,2025-05,Low (1-10%)
O02852,2025-05-19,C0467,North,Office Chair,Furniture,6500,4300,1,0.2,70,6500,5200.0,4370,830.0,2025-05,High (>10%)
O03471,2025-05-19,C1327,East,Headphones,Electronics,2500,1350,3,0.05,40,7500,7125.0,4090,3035.0,2025-05,Low (1-10%)
O04568,2025-05-19,C1261,North,Notebook,Stationery,150,65,1,0.0,100,150,150.0,165,-15.0,2025-05,None
O04621,2025-05-19,C2065,East,Desk,Furniture,9000,6300,1,0.1,150,9000,8100.0,6450,1650.0,2025-05,Low (1-10%)
O05480,2025-05-19,C1599,South,Desk,Furniture,9000,6300,3,0.2,40,27000,21600.0,18940,2660.0,2025-05,High (>10%)
O05771,2025-05-19,C1954,North,Keyboard,Electronics,1800,1000,1,0.0,100,1800,1800.0,1100,700.0,2025-05,None
O00067,2025-05-20,C0691,South,Backpack,Accessories,1800,850,4,0.0,70,7200,7200.0,3470,3730.0,2025-05,None
O01048,2025-05-20,C0549,South,Desk,Furniture,9000,6300,1,0.0,150,9000,9000.0,6450,2550.0,2025-05,None
O01380,2025-05-20,C1189,North,Desk,Furniture,9000,6300,4,0.2,100,36000,28800.0,25300,3500.0,2025-05,High (>10%)
O01433,2025-05-20,C1564,North,Headphones,Electronics,2500,1350,1,0.1,150,2500,2250.0,1500,750.0,2025-05,Low (1-10%)
O02288,2025-05-20,C0238,West,Pen Set,Stationery,250,110,4,0.2,100,1000,800.0,540,260.0,2025-05,High (>10%)
O02894,2025-05-20,C1606,West,Backpack,Accessories,1800,850,2,0.2,150,3600,2880.0,1850,1030.0,2025-05,High (>10%)
O03391,2025-05-20,C0750,South,Keyboard,Electronics,1800,1000,4,0.05,70,7200,6840.0,4070,2770.0,2025-05,Low (1-10%)
O03883,2025-05-20,C1823,South,Desk,Furniture,9000,6300,1,0.1,100,9000,8100.0,6400,1700.0,2025-05,Low (1-10%)
O04550,2025-05-20,C0668,North,Pen Set,Stationery,250,110,1,0.1,150,250,225.0,260,-35.0,2025-05,Low (1-10%)
O05504,2025-05-20,C1035,West,Notebook,Stationery,150,65,2,0.05,150,300,285.0,280,5.0,2025-05,Low (1-10%)
O05561,2025-05-20,C0743,South,Office Chair,Furniture,6500,4300,3,0.0,150,19500,19500.0,13050,6450.0,2025-05,None
O01005,2025-05-21,C0662,South,Headphones,Electronics,2500,1350,2,0.1,100,5000,4500.0,2800,1700.0,2025-05,Low (1-10%)
O02248,2025-05-21,C2172,South,Headphones,Electronics,2500,1350,1,0.1,150,2500,2250.0,1500,750.0,2025-05,Low (1-10%)
O02474,2025-05-21,C0912,North,Headphones,Electronics,2500,1350,4,0.3,100,10000,7000.0,5500,1500.0,2025-05,High (>10%)
O02733,2025-05-21,C2389,West,Backpack,Accessories,1800,850,4,0.2,70,7200,5760.0,3470,2290.0,2025-05,High (>10%)
O02875,2025-05-21,C1190,South,Office Chair,Furniture,6500,4300,2,0.1,40,13000,11700.0,8640,3060.0,2025-05,Low (1-10%)
O03017,2025-05-21,C1874,West,Desk,Furniture,9000,6300,4,0.05,70,36000,34200.0,25270,8930.0,2025-05,Low (1-10%)
O04364,2025-05-21,C1889,West,Backpack,Accessories,1800,850,2,0.2,40,3600,2880.0,1740,1140.0,2025-05,High (>10%)
O04806,2025-05-21,C1471,North,Pen Set,Stationery,250,110,2,0.05,100,500,475.0,320,155.0,2025-05,Low (1-10%)
O04842,2025-05-21,C0701,South,Laptop,Electronics,50000,41000,3,0.2,40,150000,120000.0,123040,-3040.0,2025-05,High (>10%)
O05164,2025-05-21,C0904,East,Pen Set,Stationery,250,110,4,0.1,70,1000,900.0,510,390.0,2025-05,Low (1-10%)
O05359,2025-05-21,C1675,North,Laptop,Electronics,50000,41000,1,0.1,70,50000,45000.0,41070,3930.0,2025-05,Low (1-10%)
O05942,2025-05-21,C2165,West,Office Chair,Furniture,6500,4300,4,0.2,150,26000,20800.0,17350,3450.0,2025-05,High (>10%)
O00392,2025-05-22,C1039,West,Headphones,Electronics,2500,1350,4,0.0,100,10000,10000.0,5500,4500.0,2025-05,None
O00927,2025-05-22,C1758,East,Desk,Furniture,9000,6300,1,0.3,150,9000,6300.0,6450,-150.0,2025-05,High (>10%)
O01152,2025-05-22,C1562,West,Desk,Furniture,9000,6300,2,0.2,40,18000,14400.0,12640,1760.0,2025-05,High (>10%)
O01179,2025-05-22,C0822,North,Keyboard,Electronics,1800,1000,3,0.2,100,5400,4320.0,3100,1220.0,2025-05,High (>10%)
O01828,2025-05-22,C1850,South,Backpack,Accessories,1800,850,3,0.0,100,5400,5400.0,2650,2750.0,2025-05,None
O01837,2025-05-22,C0226,South,Backpack,Accessories,1800,850,4,0.3,100,7200,5040.0,3500,1540.0,2025-05,High (>10%)
O03627,2025-05-22,C1513,South,Pen Set,Stationery,250,110,1,0.05,70,250,237.5,180,57.5,2025-05,Low (1-10%)
O03758,2025-05-22,C2427,North,Desk,Furniture,9000,6300,2,0.05,100,18000,17100.0,12700,4400.0,2025-05,Low (1-10%)
O03826,2025-05-22,C1028,West,Backpack,Accessories,1800,850,2,0.0,100,3600,3600.0,1800,1800.0,2025-05,None
O04137,2025-05-22,C2136,North,Backpack,Accessories,1800,850,3,0.3,150,5400,3780.0,2700,1080.0,2025-05,High (>10%)
O04735,2025-05-22,C0767,West,Pen Set,Stationery,250,110,1,0.3,40,250,175.0,150,25.0,2025-05,High (>10%)
O04784,2025-05-22,C1088,North,Pen Set,Stationery,250,110,2,0.0,150,500,500.0,370,130.0,2025-05,None
O05773,2025-05-22,C1769,South,Office Chair,Furniture,6500,4300,2,0.05,70,13000,12350.0,8670,3680.0,2025-05,Low (1-10%)
O05943,2025-05-22,C2141,East,Headphones,Electronics,2500,1350,1,0.0,100,2500,2500.0,1450,1050.0,2025-05,None
O00053,2025-05-23,C1973,West,Keyboard,Electronics,1800,1000,2,0.3,40,3600,2520.0,2040,480.0,2025-05,High (>10%)
O00089,2025-05-23,C1956,South,Pen Set,Stationery,250,110,1,0.05,70,250,237.5,180,57.5,2025-05,Low (1-10%)
O00181,2025-05-23,C1710,South,Backpack,Accessories,1800,850,2,0.05,150,3600,3420.0,1850,1570.0,2025-05,Low (1-10%)
O00187,2025-05-23,C0332,East,Headphones,Electronics,2500,1350,3,0.05,100,7500,7125.0,4150,2975.0,2025-05,Low (1-10%)
O00196,2025-05-23,C1344,North,Laptop,Electronics,50000,41000,3,0.05,70,150000,142500.0,123070,19430.0,2025-05,Low (1-10%)
O00935,2025-05-23,C2151,West,Office Chair,Furniture,6500,4300,1,0.2,150,6500,5200.0,4450,750.0,2025-05,High (>10%)
O01174,2025-05-23,C0009,North,Headphones,Electronics,2500,1350,1,0.05,70,2500,2375.0,1420,955.0,2025-05,Low (1-10%)
O01296,2025-05-23,C0065,East,Desk,Furniture,9000,6300,4,0.0,100,36000,36000.0,25300,10700.0,2025-05,None
O01632,2025-05-23,C0481,North,Backpack,Accessories,1800,850,4,0.3,40,7200,5040.0,3440,1600.0,2025-05,High (>10%)
O01708,2025-05-23,C1020,South,Backpack,Accessories,1800,850,2,0.2,70,3600,2880.0,1770,1110.0,2025-05,High (>10%)
O02061,2025-05-23,C2027,South,Backpack,Accessories,1800,850,1,0.2,100,1800,1440.0,950,490.0,2025-05,High (>10%)
O02282,2025-05-23,C1056,East,Keyboard,Electronics,1800,1000,3,0.1,70,5400,4860.0,3070,1790.0,2025-05,Low (1-10%)
O02613,2025-05-23,C0076,North,Headphones,Electronics,2500,1350,1,0.0,150,2500,2500.0,1500,1000.0,2025-05,None
O03337,2025-05-23,C1056,North,Desk,Furniture,9000,6300,1,0.1,40,9000,8100.0,6340,1760.0,2025-05,Low (1-10%)
O03842,2025-05-23,C1630,South,Office Chair,Furniture,6500,4300,1,0.3,100,6500,4550.0,4400,150.0,2025-05,High (>10%)
O04505,2025-05-23,C2013,North,Laptop,Electronics,50000,41000,1,0.05,70,50000,47500.0,41070,6430.0,2025-05,Low (1-10%)
O05282,2025-05-23,C0712,North,Notebook,Stationery,150,65,3,0.05,100,450,427.5,295,132.5,2025-05,Low (1-10%)
O05661,2025-05-23,C0041,East,Headphones,Electronics,2500,1350,3,0.3,100,7500,5250.0,4150,1100.0,2025-05,High (>10%)
O00042,2025-05-24,C2448,North,Pen Set,Stationery,250,110,4,0.3,150,1000,700.0,590,110.0,2025-05,High (>10%)
O00700,2025-05-24,C1723,North,Laptop,Electronics,50000,41000,2,0.05,70,100000,95000.0,82070,12930.0,2025-05,Low (1-10%)
O00998,2025-05-24,C0936,North,Keyboard,Electronics,1800,1000,2,0.05,70,3600,3420.0,2070,1350.0,2025-05,Low (1-10%)
O01329,2025-05-24,C2338,South,Notebook,Stationery,150,65,1,0.0,40,150,150.0,105,45.0,2025-05,None
O02072,2025-05-24,C1565,North,Notebook,Stationery,150,65,4,0.3,100,600,420.0,360,60.0,2025-05,High (>10%)
O02142,2025-05-24,C1664,North,Backpack,Accessories,1800,850,1,0.0,70,1800,1800.0,920,880.0,2025-05,None
O03778,2025-05-24,C1766,North,Pen Set,Stationery,250,110,1,0.05,40,250,237.5,150,87.5,2025-05,Low (1-10%)
O04587,2025-05-24,C1862,South,Headphones,Electronics,2500,1350,1,0.2,70,2500,2000.0,1420,580.0,2025-05,High (>10%)
O04811,2025-05-24,C2442,North,Headphones,Electronics,2500,1350,1,0.2,40,2500,2000.0,1390,610.0,2025-05,High (>10%)
O05876,2025-05-24,C0045,East,Laptop,Electronics,50000,41000,3,0.2,100,150000,120000.0,123100,-3100.0,2025-05,High (>10%)
O00011,2025-05-25,C0361,South,Desk,Furniture,9000,6300,4,0.2,150,36000,28800.0,25350,3450.0,2025-05,High (>10%)
O00309,2025-05-25,C2110,South,Keyboard,Electronics,1800,1000,3,0.05,100,5400,5130.0,3100,2030.0,2025-05,Low (1-10%)
O00783,2025-05-25,C1375,East,Laptop,Electronics,50000,41000,2,0.0,100,100000,100000.0,82100,17900.0,2025-05,None
O01830,2025-05-25,C1875,South,Backpack,Accessories,1800,850,4,0.2,70,7200,5760.0,3470,2290.0,2025-05,High (>10%)
O01920,2025-05-25,C2273,North,Desk,Furniture,9000,6300,1,0.3,40,9000,6300.0,6340,-40.0,2025-05,High (>10%)
O02118,2025-05-25,C1461,South,Desk,Furniture,9000,6300,4,0.0,40,36000,36000.0,25240,10760.0,2025-05,None
O02328,2025-05-25,C1996,North,Headphones,Electronics,2500,1350,1,0.1,40,2500,2250.0,1390,860.0,2025-05,Low (1-10%)
O02640,2025-05-25,C0818,West,Pen Set,Stationery,250,110,2,0.1,40,500,450.0,260,190.0,2025-05,Low (1-10%)
O03117,2025-05-25,C1547,South,Notebook,Stationery,150,65,4,0.05,100,600,570.0,360,210.0,2025-05,Low (1-10%)
O03497,2025-05-25,C0013,South,Laptop,Electronics,50000,41000,3,0.1,100,150000,135000.0,123100,11900.0,2025-05,Low (1-10%)
O03690,2025-05-25,C0268,East,Headphones,Electronics,2500,1350,4,0.05,150,10000,9500.0,5550,3950.0,2025-05,Low (1-10%)
O04475,2025-05-25,C0805,South,Pen Set,Stationery,250,110,1,0.1,100,250,225.0,210,15.0,2025-05,Low (1-10%)
O04632,2025-05-25,C1369,West,Keyboard,Electronics,1800,1000,4,0.2,100,7200,5760.0,4100,1660.0,2025-05,High (>10%)
O04965,2025-05-25,C1437,West,Backpack,Accessories,1800,850,4,0.05,150,7200,6840.0,3550,3290.0,2025-05,Low (1-10%)
O05600,2025-05-25,C1023,East,Pen Set,Stationery,250,110,4,0.05,150,1000,950.0,590,360.0,2025-05,Low (1-10%)
O00041,2025-05-26,C1160,North,Headphones,Electronics,2500,1350,4,0.0,150,10000,10000.0,5550,4450.0,2025-05,None
O00737,2025-05-26,C0960,North,Notebook,Stationery,150,65,4,0.0,70,600,600.0,330,270.0,2025-05,None
O01169,2025-05-26,C0860,West,Backpack,Accessories,1800,850,1,0.2,70,1800,1440.0,920,520.0,2025-05,High (>10%)
O01223,2025-05-26,C1030,East,Backpack,Accessories,1800,850,3,0.05,40,5400,5130.0,2590,2540.0,2025-05,Low (1-10%)
O02337,2025-05-26,C1227,North,Office Chair,Furniture,6500,4300,3,0.1,150,19500,17550.0,13050,4500.0,2025-05,Low (1-10%)
O02467,2025-05-26,C1614,South,Keyboard,Electronics,1800,1000,3,0.1,150,5400,4860.0,3150,1710.0,2025-05,Low (1-10%)
O02969,2025-05-26,C0946,South,Notebook,Stationery,150,65,1,0.0,100,150,150.0,165,-15.0,2025-05,None
O03012,2025-05-26,C1839,North,Desk,Furniture,9000,6300,4,0.3,40,36000,25200.0,25240,-40.0,2025-05,High (>10%)
O03200,2025-05-26,C1500,East,Keyboard,Electronics,1800,1000,3,0.1,150,5400,4860.0,3150,1710.0,2025-05,Low (1-10%)
O03390,2025-05-26,C0619,East,Notebook,Stationery,150,65,4,0.0,70,600,600.0,330,270.0,2025-05,None
O03544,2025-05-26,C0232,South,Pen Set,Stationery,250,110,4,0.0,150,1000,1000.0,590,410.0,2025-05,None
O03569,2025-05-26,C0640,West,Pen Set,Stationery,250,110,3,0.1,40,750,675.0,370,305.0,2025-05,Low (1-10%)
O03735,2025-05-26,C2270,West,Keyboard,Electronics,1800,1000,1,0.2,150,1800,1440.0,1150,290.0,2025-05,High (>10%)
O03881,2025-05-26,C2433,North,Pen Set,Stationery,250,110,2,0.1,40,500,450.0,260,190.0,2025-05,Low (1-10%)
O04088,2025-05-26,C1145,North,Backpack,Accessories,1800,850,1,0.0,150,1800,1800.0,1000,800.0,2025-05,None
O04153,2025-05-26,C1882,South,Backpack,Accessories,1800,850,4,0.0,100,7200,7200.0,3500,3700.0,2025-05,None
O00848,2025-05-27,C1958,South,Laptop,Electronics,50000,41000,1,0.2,100,50000,40000.0,41100,-1100.0,2025-05,High (>10%)
O01166,2025-05-27,C1874,West,Laptop,Electronics,50000,41000,3,0.05,100,150000,142500.0,123100,19400.0,2025-05,Low (1-10%)
O01545,2025-05-27,C2233,North,Headphones,Electronics,2500,1350,4,0.0,40,10000,10000.0,5440,4560.0,2025-05,None
O01796,2025-05-27,C0035,South,Headphones,Electronics,2500,1350,1,0.0,150,2500,2500.0,1500,1000.0,2025-05,None
O03394,2025-05-27,C0795,North,Headphones,Electronics,2500,1350,1,0.0,150,2500,2500.0,1500,1000.0,2025-05,None
O03652,2025-05-27,C0518,East,Laptop,Electronics,50000,41000,3,0.05,40,150000,142500.0,123040,19460.0,2025-05,Low (1-10%)
O03675,2025-05-27,C0640,South,Notebook,Stationery,150,65,1,0.05,150,150,142.5,215,-72.5,2025-05,Low (1-10%)
O04525,2025-05-27,C1876,North,Pen Set,Stationery,250,110,2,0.2,70,500,400.0,290,110.0,2025-05,High (>10%)
O05016,2025-05-27,C0601,South,Backpack,Accessories,1800,850,1,0.05,70,1800,1710.0,920,790.0,2025-05,Low (1-10%)
O05431,2025-05-27,C1737,South,Backpack,Accessories,1800,850,2,0.2,70,3600,2880.0,1770,1110.0,2025-05,High (>10%)
O01249,2025-05-28,C1544,North,Keyboard,Electronics,1800,1000,2,0.1,150,3600,3240.0,2150,1090.0,2025-05,Low (1-10%)
O01525,2025-05-28,C1486,West,Desk,Furniture,9000,6300,3,0.2,150,27000,21600.0,19050,2550.0,2025-05,High (>10%)
O01833,2025-05-28,C2307,South,Desk,Furniture,9000,6300,2,0.1,150,18000,16200.0,12750,3450.0,2025-05,Low (1-10%)
O01877,2025-05-28,C1616,North,Headphones,Electronics,2500,1350,4,0.3,40,10000,7000.0,5440,1560.0,2025-05,High (>10%)
O02143,2025-05-28,C1957,East,Backpack,Accessories,1800,850,4,0.1,100,7200,6480.0,3500,2980.0,2025-05,Low (1-10%)
O02247,2025-05-28,C1442,North,Desk,Furniture,9000,6300,4,0.0,150,36000,36000.0,25350,10650.0,2025-05,None
O02336,2025-05-28,C0492,North,Desk,Furniture,9000,6300,4,0.1,100,36000,32400.0,25300,7100.0,2025-05,Low (1-10%)
O02554,2025-05-28,C0982,North,Headphones,Electronics,2500,1350,1,0.1,150,2500,2250.0,1500,750.0,2025-05,Low (1-10%)
O02592,2025-05-28,C2460,North,Office Chair,Furniture,6500,4300,2,0.05,100,13000,12350.0,8700,3650.0,2025-05,Low (1-10%)
O03189,2025-05-28,C0547,North,Laptop,Electronics,50000,41000,2,0.05,150,100000,95000.0,82150,12850.0,2025-05,Low (1-10%)
O03463,2025-05-28,C2133,North,Pen Set,Stationery,250,110,3,0.05,40,750,712.5,370,342.5,2025-05,Low (1-10%)
O03517,2025-05-28,C0725,South,Headphones,Electronics,2500,1350,4,0.2,150,10000,8000.0,5550,2450.0,2025-05,High (>10%)
O04020,2025-05-28,C1470,North,Notebook,Stationery,150,65,2,0.05,150,300,285.0,280,5.0,2025-05,Low (1-10%)
O04430,2025-05-28,C0593,West,Backpack,Accessories,1800,850,1,0.2,100,1800,1440.0,950,490.0,2025-05,High (>10%)
O04468,2025-05-28,C1520,East,Backpack,Accessories,1800,850,3,0.0,150,5400,5400.0,2700,2700.0,2025-05,None
O04669,2025-05-28,C0430,East,Notebook,Stationery,150,65,3,0.05,40,450,427.5,235,192.5,2025-05,Low (1-10%)
O04777,2025-05-28,C1414,South,Keyboard,Electronics,1800,1000,1,0.1,40,1800,1620.0,1040,580.0,2025-05,Low (1-10%)
O04895,2025-05-28,C1555,North,Office Chair,Furniture,6500,4300,2,0.05,150,13000,12350.0,8750,3600.0,2025-05,Low (1-10%)
O05975,2025-05-28,C2265,North,Backpack,Accessories,1800,850,4,0.2,100,7200,5760.0,3500,2260.0,2025-05,High (>10%)
O00291,2025-05-29,C1722,South,Pen Set,Stationery,250,110,1,0.05,70,250,237.5,180,57.5,2025-05,Low (1-10%)
O00654,2025-05-29,C2117,East,Pen Set,Stationery,250,110,2,0.0,40,500,500.0,260,240.0,2025-05,None
O02152,2025-05-29,C1155,North,Keyboard,Electronics,1800,1000,2,0.05,100,3600,3420.0,2100,1320.0,2025-05,Low (1-10%)
O02745,2025-05-29,C2183,South,Headphones,Electronics,2500,1350,4,0.0,150,10000,10000.0,5550,4450.0,2025-05,None
O03313,2025-05-29,C0505,North,Backpack,Accessories,1800,850,1,0.2,150,1800,1440.0,1000,440.0,2025-05,High (>10%)
O03325,2025-05-29,C2262,South,Office Chair,Furniture,6500,4300,2,0.05,40,13000,12350.0,8640,3710.0,2025-05,Low (1-10%)
O03619,2025-05-29,C2430,North,Office Chair,Furniture,6500,4300,1,0.1,150,6500,5850.0,4450,1400.0,2025-05,Low (1-10%)
O03840,2025-05-29,C1071,West,Backpack,Accessories,1800,850,1,0.3,40,1800,1260.0,890,370.0,2025-05,High (>10%)
O04239,2025-05-29,C0839,North,Pen Set,Stationery,250,110,3,0.1,40,750,675.0,370,305.0,2025-05,Low (1-10%)
O04466,2025-05-29,C2310,North,Laptop,Electronics,50000,41000,4,0.2,100,200000,160000.0,164100,-4100.0,2025-05,High (>10%)
O04638,2025-05-29,C0765,North,Office Chair,Furniture,6500,4300,2,0.05,40,13000,12350.0,8640,3710.0,2025-05,Low (1-10%)
O00134,2025-05-30,C1217,South,Desk,Furniture,9000,6300,4,0.05,100,36000,34200.0,25300,8900.0,2025-05,Low (1-10%)
O00948,2025-05-30,C1422,North,Headphones,Electronics,2500,1350,4,0.0,100,10000,10000.0,5500,4500.0,2025-05,None
O01435,2025-05-30,C1015,North,Keyboard,Electronics,1800,1000,1,0.2,70,1800,1440.0,1070,370.0,2025-05,High (>10%)
O02017,2025-05-30,C0634,South,Office Chair,Furniture,6500,4300,4,0.05,40,26000,24700.0,17240,7460.0,2025-05,Low (1-10%)
O02313,2025-05-30,C0944,South,Desk,Furniture,9000,6300,3,0.05,40,27000,25650.0,18940,6710.0,2025-05,Low (1-10%)
O02459,2025-05-30,C1957,West,Office Chair,Furniture,6500,4300,2,0.2,100,13000,10400.0,8700,1700.0,2025-05,High (>10%)
O02591,2025-05-30,C1569,South,Laptop,Electronics,50000,41000,4,0.05,150,200000,190000.0,164150,25850.0,2025-05,Low (1-10%)
O03049,2025-05-30,C0731,South,Headphones,Electronics,2500,1350,3,0.0,70,7500,7500.0,4120,3380.0,2025-05,None
O03332,2025-05-30,C1128,East,Pen Set,Stationery,250,110,1,0.0,70,250,250.0,180,70.0,2025-05,None
O03355,2025-05-30,C1401,North,Backpack,Accessories,1800,850,4,0.0,70,7200,7200.0,3470,3730.0,2025-05,None
O03460,2025-05-30,C0381,North,Office Chair,Furniture,6500,4300,4,0.0,150,26000,26000.0,17350,8650.0,2025-05,None
O03614,2025-05-30,C1953,East,Laptop,Electronics,50000,41000,3,0.0,150,150000,150000.0,123150,26850.0,2025-05,None
O03951,2025-05-30,C1705,South,Office Chair,Furniture,6500,4300,3,0.0,70,19500,19500.0,12970,6530.0,2025-05,None
O05497,2025-05-30,C0008,West,Pen Set,Stationery,250,110,3,0.0,40,750,750.0,370,380.0,2025-05,None
O05640,2025-05-30,C2241,West,Backpack,Accessories,1800,850,2,0.2,70,3600,2880.0,1770,1110.0,2025-05,High (>10%)
O00505,2025-05-31,C1160,South,Keyboard,Electronics,1800,1000,4,0.1,150,7200,6480.0,4150,2330.0,2025-05,Low (1-10%)
O00813,2025-05-31,C1590,East,Notebook,Stationery,150,65,3,0.3,70,450,315.0,265,50.0,2025-05,High (>10%)
O01752,2025-05-31,C1251,North,Backpack,Accessories,1800,850,3,0.1,150,5400,4860.0,2700,2160.0,2025-05,Low (1-10%)
O02007,2025-05-31,C0474,West,Office Chair,Furniture,6500,4300,4,0.1,70,26000,23400.0,17270,6130.0,2025-05,Low (1-10%)
O02383,2025-05-31,C1191,South,Backpack,Accessories,1800,850,3,0.0,70,5400,5400.0,2620,2780.0,2025-05,None
O03014,2025-05-31,C2412,North,Notebook,Stationery,150,65,2,0.0,100,300,300.0,230,70.0,2025-05,None
O03085,2025-05-31,C0529,West,Keyboard,Electronics,1800,1000,4,0.1,150,7200,6480.0,4150,2330.0,2025-05,Low (1-10%)
O03650,2025-05-31,C2470,South,Notebook,Stationery,150,65,1,0.2,40,150,120.0,105,15.0,2025-05,High (>10%)
O03952,2025-05-31,C2249,North,Headphones,Electronics,2500,1350,1,0.05,100,2500,2375.0,1450,925.0,2025-05,Low (1-10%)
O04143,2025-05-31,C0496,North,Headphones,Electronics,2500,1350,4,0.3,100,10000,7000.0,5500,1500.0,2025-05,High (>10%)
O04172,2025-05-31,C2047,North,Keyboard,Electronics,1800,1000,2,0.1,70,3600,3240.0,2070,1170.0,2025-05,Low (1-10%)
O04182,2025-05-31,C0848,West,Keyboard,Electronics,1800,1000,1,0.1,40,1800,1620.0,1040,580.0,2025-05,Low (1-10%)
O04549,2025-05-31,C2240,South,Desk,Furniture,9000,6300,3,0.2,40,27000,21600.0,18940,2660.0,2025-05,High (>10%)
O04792,2025-05-31,C1351,West,Backpack,Accessories,1800,850,4,0.2,100,7200,5760.0,3500,2260.0,2025-05,High (>10%)
O04978,2025-05-31,C1999,West,Laptop,Electronics,50000,41000,3,0.05,70,150000,142500.0,123070,19430.0,2025-05,Low (1-10%)
O05069,2025-05-31,C0048,East,Laptop,Electronics,50000,41000,4,0.0,100,200000,200000.0,164100,35900.0,2025-05,None
O05181,2025-05-31,C0058,South,Pen Set,Stationery,250,110,3,0.1,150,750,675.0,480,195.0,2025-05,Low (1-10%)
O05203,2025-05-31,C1905,West,Pen Set,Stationery,250,110,3,0.0,70,750,750.0,400,350.0,2025-05,None
O05457,2025-05-31,C0275,North,Headphones,Electronics,2500,1350,3,0.05,40,7500,7125.0,4090,3035.0,2025-05,Low (1-10%)
O05532,2025-05-31,C1054,North,Backpack,Accessories,1800,850,2,0.2,100,3600,2880.0,1800,1080.0,2025-05,High (>10%)
O00051,2025-06-01,C0264,North,Pen Set,Stationery,250,110,2,0.3,150,500,350.0,370,-20.0,2025-06,High (>10%)
O00555,2025-06-01,C1644,North,Backpack,Accessories,1800,850,1,0.2,70,1800,1440.0,920,520.0,2025-06,High (>10%)
O00999,2025-06-01,C0585,South,Backpack,Accessories,1800,850,3,0.1,100,5400,4860.0,2650,2210.0,2025-06,Low (1-10%)
O01002,2025-06-01,C2288,East,Notebook,Stationery,150,65,3,0.3,100,450,315.0,295,20.0,2025-06,High (>10%)
O01268,2025-06-01,C1449,North,Keyboard,Electronics,1800,1000,4,0.05,150,7200,6840.0,4150,2690.0,2025-06,Low (1-10%)
O01598,2025-06-01,C1390,South,Notebook,Stationery,150,65,1,0.0,40,150,150.0,105,45.0,2025-06,None
O01666,2025-06-01,C0644,East,Office Chair,Furniture,6500,4300,4,0.05,150,26000,24700.0,17350,7350.0,2025-06,Low (1-10%)
O02045,2025-06-01,C2018,East,Keyboard,Electronics,1800,1000,2,0.05,100,3600,3420.0,2100,1320.0,2025-06,Low (1-10%)
O02300,2025-06-01,C1503,East,Backpack,Accessories,1800,850,1,0.0,70,1800,1800.0,920,880.0,2025-06,None
O02924,2025-06-01,C1432,East,Desk,Furniture,9000,6300,4,0.05,100,36000,34200.0,25300,8900.0,2025-06,Low (1-10%)
O03044,2025-06-01,C0880,North,Desk,Furniture,9000,6300,1,0.0,150,9000,9000.0,6450,2550.0,2025-06,None
O03514,2025-06-01,C0302,East,Headphones,Electronics,2500,1350,2,0.0,40,5000,5000.0,2740,2260.0,2025-06,None
O03656,2025-06-01,C0367,South,Office Chair,Furniture,6500,4300,1,0.0,100,6500,6500.0,4400,2100.0,2025-06,None
O04163,2025-06-01,C1732,West,Desk,Furniture,9000,6300,2,0.0,40,18000,18000.0,12640,5360.0,2025-06,None
O04176,2025-06-01,C0433,North,Keyboard,Electronics,1800,1000,2,0.0,40,3600,3600.0,2040,1560.0,2025-06,None
O04328,2025-06-01,C0556,North,Office Chair,Furniture,6500,4300,1,0.2,150,6500,5200.0,4450,750.0,2025-06,High (>10%)
O04703,2025-06-01,C1025,North,Desk,Furniture,9000,6300,3,0.0,40,27000,27000.0,18940,8060.0,2025-06,None
O04721,2025-06-01,C2010,South,Desk,Furniture,9000,6300,3,0.05,150,27000,25650.0,19050,6600.0,2025-06,Low (1-10%)
O05196,2025-06-01,C1624,East,Office Chair,Furniture,6500,4300,4,0.0,70,26000,26000.0,17270,8730.0,2025-06,None
O05412,2025-06-01,C1051,North,Office Chair,Furniture,6500,4300,2,0.1,150,13000,11700.0,8750,2950.0,2025-06,Low (1-10%)
O05602,2025-06-01,C0445,West,Backpack,Accessories,1800,850,3,0.1,150,5400,4860.0,2700,2160.0,2025-06,Low (1-10%)
O00412,2025-06-02,C1694,South,Headphones,Electronics,2500,1350,3,0.1,150,7500,6750.0,4200,2550.0,2025-06,Low (1-10%)
O01316,2025-06-02,C2397,West,Keyboard,Electronics,1800,1000,4,0.0,150,7200,7200.0,4150,3050.0,2025-06,None
O01567,2025-06-02,C0734,North,Backpack,Accessories,1800,850,3,0.3,150,5400,3780.0,2700,1080.0,2025-06,High (>10%)
O01643,2025-06-02,C2456,West,Office Chair,Furniture,6500,4300,3,0.0,100,19500,19500.0,13000,6500.0,2025-06,None
O01760,2025-06-02,C0272,West,Desk,Furniture,9000,6300,4,0.1,40,36000,32400.0,25240,7160.0,2025-06,Low (1-10%)
O03075,2025-06-02,C0841,South,Desk,Furniture,9000,6300,3,0.0,40,27000,27000.0,18940,8060.0,2025-06,None
O03310,2025-06-02,C0536,South,Backpack,Accessories,1800,850,1,0.05,100,1800,1710.0,950,760.0,2025-06,Low (1-10%)
O03441,2025-06-02,C1064,West,Backpack,Accessories,1800,850,2,0.0,70,3600,3600.0,1770,1830.0,2025-06,None
O04166,2025-06-02,C0193,East,Notebook,Stationery,150,65,2,0.05,70,300,285.0,200,85.0,2025-06,Low (1-10%)
O04495,2025-06-02,C1975,East,Keyboard,Electronics,1800,1000,1,0.3,100,1800,1260.0,1100,160.0,2025-06,High (>10%)
O04716,2025-06-02,C0289,North,Desk,Furniture,9000,6300,3,0.1,70,27000,24300.0,18970,5330.0,2025-06,Low (1-10%)
O05271,2025-06-02,C0179,West,Headphones,Electronics,2500,1350,1,0.0,70,2500,2500.0,1420,1080.0,2025-06,None
O05322,2025-06-02,C0682,East,Pen Set,Stationery,250,110,2,0.0,70,500,500.0,290,210.0,2025-06,None
O05635,2025-06-02,C1373,North,Pen Set,Stationery,250,110,2,0.0,150,500,500.0,370,130.0,2025-06,None
O00576,2025-06-03,C2422,South,Keyboard,Electronics,1800,1000,1,0.1,100,1800,1620.0,1100,520.0,2025-06,Low (1-10%)
O01093,2025-06-03,C2411,North,Pen Set,Stationery,250,110,2,0.0,100,500,500.0,320,180.0,2025-06,None
O01332,2025-06-03,C1790,West,Notebook,Stationery,150,65,4,0.1,40,600,540.0,300,240.0,2025-06,Low (1-10%)
O01405,2025-06-03,C1201,North,Headphones,Electronics,2500,1350,4,0.1,150,10000,9000.0,5550,3450.0,2025-06,Low (1-10%)
O01779,2025-06-03,C1101,East,Keyboard,Electronics,1800,1000,4,0.0,150,7200,7200.0,4150,3050.0,2025-06,None
O02146,2025-06-03,C0759,East,Office Chair,Furniture,6500,4300,2,0.1,40,13000,11700.0,8640,3060.0,2025-06,Low (1-10%)
O02491,2025-06-03,C1753,North,Keyboard,Electronics,1800,1000,4,0.0,150,7200,7200.0,4150,3050.0,2025-06,None
O02922,2025-06-03,C1206,East,Pen Set,Stationery,250,110,2,0.0,70,500,500.0,290,210.0,2025-06,None
O03377,2025-06-03,C1660,North,Desk,Furniture,9000,6300,2,0.3,70,18000,12600.0,12670,-70.0,2025-06,High (>10%)
O03393,2025-06-03,C0775,East,Pen Set,Stationery,250,110,3,0.0,70,750,750.0,400,350.0,2025-06,None
O03435,2025-06-03,C0559,East,Headphones,Electronics,2500,1350,4,0.05,70,10000,9500.0,5470,4030.0,2025-06,Low (1-10%)
O04089,2025-06-03,C1057,West,Backpack,Accessories,1800,850,2,0.0,150,3600,3600.0,1850,1750.0,2025-06,None
O04104,2025-06-03,C1879,East,Laptop,Electronics,50000,41000,2,0.1,70,100000,90000.0,82070,7930.0,2025-06,Low (1-10%)
O04313,2025-06-03,C0629,North,Keyboard,Electronics,1800,1000,2,0.1,40,3600,3240.0,2040,1200.0,2025-06,Low (1-10%)
O05262,2025-06-03,C1272,East,Laptop,Electronics,50000,41000,3,0.1,40,150000,135000.0,123040,11960.0,2025-06,Low (1-10%)
O05266,2025-06-03,C0014,East,Backpack,Accessories,1800,850,1,0.0,150,1800,1800.0,1000,800.0,2025-06,None
O05370,2025-06-03,C0616,West,Keyboard,Electronics,1800,1000,3,0.0,70,5400,5400.0,3070,2330.0,2025-06,None
O05917,2025-06-03,C1416,East,Keyboard,Electronics,1800,1000,3,0.0,70,5400,5400.0,3070,2330.0,2025-06,None
O00752,2025-06-04,C0512,West,Headphones,Electronics,2500,1350,2,0.2,40,5000,4000.0,2740,1260.0,2025-06,High (>10%)
O01155,2025-06-04,C2349,South,Keyboard,Electronics,1800,1000,1,0.3,100,1800,1260.0,1100,160.0,2025-06,High (>10%)
O01392,2025-06-04,C0699,West,Desk,Furniture,9000,6300,4,0.0,40,36000,36000.0,25240,10760.0,2025-06,None
O01663,2025-06-04,C1457,West,Headphones,Electronics,2500,1350,1,0.05,100,2500,2375.0,1450,925.0,2025-06,Low (1-10%)
O01702,2025-06-04,C2489,South,Headphones,Electronics,2500,1350,2,0.1,150,5000,4500.0,2850,1650.0,2025-06,Low (1-10%)
O01933,2025-06-04,C0570,East,Pen Set,Stationery,250,110,2,0.0,150,500,500.0,370,130.0,2025-06,None
O01984,2025-06-04,C0645,North,Pen Set,Stationery,250,110,4,0.1,100,1000,900.0,540,360.0,2025-06,Low (1-10%)
O02047,2025-06-04,C2316,West,Office Chair,Furniture,6500,4300,1,0.2,100,6500,5200.0,4400,800.0,2025-06,High (>10%)
O02119,2025-06-04,C0768,South,Desk,Furniture,9000,6300,4,0.05,100,36000,34200.0,25300,8900.0,2025-06,Low (1-10%)
O02249,2025-06-04,C0545,North,Headphones,Electronics,2500,1350,1,0.0,100,2500,2500.0,1450,1050.0,2025-06,None
O02534,2025-06-04,C0801,East,Headphones,Electronics,2500,1350,3,0.05,150,7500,7125.0,4200,2925.0,2025-06,Low (1-10%)
O02959,2025-06-04,C0916,East,Desk,Furniture,9000,6300,2,0.05,70,18000,17100.0,12670,4430.0,2025-06,Low (1-10%)
O04223,2025-06-04,C1629,East,Pen Set,Stationery,250,110,1,0.0,70,250,250.0,180,70.0,2025-06,None
O04516,2025-06-04,C0624,West,Pen Set,Stationery,250,110,2,0.0,40,500,500.0,260,240.0,2025-06,None
O00262,2025-06-05,C0719,North,Headphones,Electronics,2500,1350,4,0.2,150,10000,8000.0,5550,2450.0,2025-06,High (>10%)
O01366,2025-06-05,C1485,North,Laptop,Electronics,50000,41000,1,0.2,70,50000,40000.0,41070,-1070.0,2025-06,High (>10%)
O01531,2025-06-05,C2015,East,Laptop,Electronics,50000,41000,4,0.0,70,200000,200000.0,164070,35930.0,2025-06,None
O01902,2025-06-05,C1489,South,Desk,Furniture,9000,6300,3,0.05,70,27000,25650.0,18970,6680.0,2025-06,Low (1-10%)
O02029,2025-06-05,C1872,South,Desk,Furniture,9000,6300,1,0.1,100,9000,8100.0,6400,1700.0,2025-06,Low (1-10%)
O02291,2025-06-05,C1408,West,Office Chair,Furniture,6500,4300,4,0.2,150,26000,20800.0,17350,3450.0,2025-06,High (>10%)
O02753,2025-06-05,C0157,East,Desk,Furniture,9000,6300,3,0.0,70,27000,27000.0,18970,8030.0,2025-06,None
O03175,2025-06-05,C1501,West,Backpack,Accessories,1800,850,1,0.0,150,1800,1800.0,1000,800.0,2025-06,None
O03385,2025-06-05,C1277,South,Pen Set,Stationery,250,110,4,0.05,70,1000,950.0,510,440.0,2025-06,Low (1-10%)
O03684,2025-06-05,C0673,North,Desk,Furniture,9000,6300,2,0.2,100,18000,14400.0,12700,1700.0,2025-06,High (>10%)
O04518,2025-06-05,C1899,North,Laptop,Electronics,50000,41000,2,0.05,150,100000,95000.0,82150,12850.0,2025-06,Low (1-10%)
O04622,2025-06-05,C2237,South,Backpack,Accessories,1800,850,3,0.0,70,5400,5400.0,2620,2780.0,2025-06,None
O04731,2025-06-05,C2239,East,Backpack,Accessories,1800,850,1,0.0,150,1800,1800.0,1000,800.0,2025-06,None
O04868,2025-06-05,C1614,West,Keyboard,Electronics,1800,1000,2,0.1,150,3600,3240.0,2150,1090.0,2025-06,Low (1-10%)
O05182,2025-06-05,C1312,West,Pen Set,Stationery,250,110,3,0.0,100,750,750.0,430,320.0,2025-06,None
O05709,2025-06-05,C0976,South,Desk,Furniture,9000,6300,3,0.2,70,27000,21600.0,18970,2630.0,2025-06,High (>10%)
O00859,2025-06-06,C2319,South,Notebook,Stationery,150,65,1,0.0,70,150,150.0,135,15.0,2025-06,None
O00955,2025-06-06,C0651,East,Pen Set,Stationery,250,110,4,0.1,150,1000,900.0,590,310.0,2025-06,Low (1-10%)
O01015,2025-06-06,C0626,West,Desk,Furniture,9000,6300,3,0.0,70,27000,27000.0,18970,8030.0,2025-06,None
O01119,2025-06-06,C1656,South,Notebook,Stationery,150,65,3,0.1,150,450,405.0,345,60.0,2025-06,Low (1-10%)
O01400,2025-06-06,C1392,West,Keyboard,Electronics,1800,1000,1,0.05,100,1800,1710.0,1100,610.0,2025-06,Low (1-10%)
O01634,2025-06-06,C1586,East,Backpack,Accessories,1800,850,2,0.0,70,3600,3600.0,1770,1830.0,2025-06,None
O01801,2025-06-06,C1025,North,Laptop,Electronics,50000,41000,1,0.1,100,50000,45000.0,41100,3900.0,2025-06,Low (1-10%)
O02266,2025-06-06,C0327,North,Laptop,Electronics,50000,41000,2,0.3,70,100000,70000.0,82070,-12070.0,2025-06,High (>10%)
O03389,2025-06-06,C0983,East,Keyboard,Electronics,1800,1000,3,0.2,40,5400,4320.0,3040,1280.0,2025-06,High (>10%)
O03416,2025-06-06,C1158,West,Office Chair,Furniture,6500,4300,2,0.1,40,13000,11700.0,8640,3060.0,2025-06,Low (1-10%)
O03630,2025-06-06,C1386,East,Pen Set,Stationery,250,110,4,0.0,70,1000,1000.0,510,490.0,2025-06,None
O03688,2025-06-06,C1500,North,Backpack,Accessories,1800,850,3,0.1,70,5400,4860.0,2620,2240.0,2025-06,Low (1-10%)
O03697,2025-06-06,C1135,East,Keyboard,Electronics,1800,1000,4,0.0,150,7200,7200.0,4150,3050.0,2025-06,None
O04055,2025-06-06,C2242,North,Laptop,Electronics,50000,41000,1,0.3,100,50000,35000.0,41100,-6100.0,2025-06,High (>10%)
O04449,2025-06-06,C0509,West,Desk,Furniture,9000,6300,1,0.0,40,9000,9000.0,6340,2660.0,2025-06,None
O04734,2025-06-06,C0300,East,Keyboard,Electronics,1800,1000,4,0.05,70,7200,6840.0,4070,2770.0,2025-06,Low (1-10%)
O05046,2025-06-06,C2420,North,Keyboard,Electronics,1800,1000,3,0.3,150,5400,3780.0,3150,630.0,2025-06,High (>10%)
O05211,2025-06-06,C1612,West,Laptop,Electronics,50000,41000,3,0.05,70,150000,142500.0,123070,19430.0,2025-06,Low (1-10%)
O05218,2025-06-06,C0651,East,Notebook,Stationery,150,65,3,0.2,100,450,360.0,295,65.0,2025-06,High (>10%)
O00952,2025-06-07,C0114,West,Keyboard,Electronics,1800,1000,3,0.05,100,5400,5130.0,3100,2030.0,2025-06,Low (1-10%)
O01052,2025-06-07,C2499,North,Keyboard,Electronics,1800,1000,3,0.0,70,5400,5400.0,3070,2330.0,2025-06,None
O01299,2025-06-07,C0432,South,Desk,Furniture,9000,6300,3,0.05,40,27000,25650.0,18940,6710.0,2025-06,Low (1-10%)
O01448,2025-06-07,C0324,North,Backpack,Accessories,1800,850,4,0.0,70,7200,7200.0,3470,3730.0,2025-06,None
O01630,2025-06-07,C1255,East,Headphones,Electronics,2500,1350,1,0.2,150,2500,2000.0,1500,500.0,2025-06,High (>10%)
O01840,2025-06-07,C1487,East,Desk,Furniture,9000,6300,4,0.05,40,36000,34200.0,25240,8960.0,2025-06,Low (1-10%)
O01938,2025-06-07,C1495,East,Desk,Furniture,9000,6300,1,0.0,150,9000,9000.0,6450,2550.0,2025-06,None
O02740,2025-06-07,C2314,East,Keyboard,Electronics,1800,1000,2,0.05,150,3600,3420.0,2150,1270.0,2025-06,Low (1-10%)
O03034,2025-06-07,C2176,North,Laptop,Electronics,50000,41000,3,0.2,150,150000,120000.0,123150,-3150.0,2025-06,High (>10%)
O03223,2025-06-07,C0149,East,Pen Set,Stationery,250,110,1,0.0,150,250,250.0,260,-10.0,2025-06,None
O03554,2025-06-07,C0502,South,Notebook,Stationery,150,65,3,0.0,150,450,450.0,345,105.0,2025-06,None
O03605,2025-06-07,C2203,North,Backpack,Accessories,1800,850,4,0.05,40,7200,6840.0,3440,3400.0,2025-06,Low (1-10%)
O03913,2025-06-07,C0941,North,Headphones,Electronics,2500,1350,1,0.05,150,2500,2375.0,1500,875.0,2025-06,Low (1-10%)
O04246,2025-06-07,C1777,West,Keyboard,Electronics,1800,1000,3,0.0,150,5400,5400.0,3150,2250.0,2025-06,None
O05517,2025-06-07,C0399,East,Desk,Furniture,9000,6300,4,0.05,70,36000,34200.0,25270,8930.0,2025-06,Low (1-10%)
O05910,2025-06-07,C1187,East,Desk,Furniture,9000,6300,4,0.2,70,36000,28800.0,25270,3530.0,2025-06,High (>10%)
O00580,2025-06-08,C2227,North,Laptop,Electronics,50000,41000,2,0.05,40,100000,95000.0,82040,12960.0,2025-06,Low (1-10%)
O00644,2025-06-08,C0947,North,Office Chair,Furniture,6500,4300,3,0.0,100,19500,19500.0,13000,6500.0,2025-06,None
O00833,2025-06-08,C0240,East,Office Chair,Furniture,6500,4300,4,0.2,40,26000,20800.0,17240,3560.0,2025-06,High (>10%)
O01719,2025-06-08,C0551,North,Office Chair,Furniture,6500,4300,2,0.3,150,13000,9100.0,8750,350.0,2025-06,High (>10%)
O01973,2025-06-08,C0481,West,Notebook,Stationery,150,65,4,0.3,150,600,420.0,410,10.0,2025-06,High (>10%)
O02053,2025-06-08,C0679,West,Keyboard,Electronics,1800,1000,2,0.2,70,3600,2880.0,2070,810.0,2025-06,High (>10%)
O02155,2025-06-08,C1131,North,Notebook,Stationery,150,65,4,0.1,100,600,540.0,360,180.0,2025-06,Low (1-10%)
O02298,2025-06-08,C1821,West,Office Chair,Furniture,6500,4300,1,0.3,150,6500,4550.0,4450,100.0,2025-06,High (>10%)
O02525,2025-06-08,C2327,West,Laptop,Electronics,50000,41000,4,0.05,40,200000,190000.0,164040,25960.0,2025-06,Low (1-10%)
O03194,2025-06-08,C0749,South,Headphones,Electronics,2500,1350,2,0.05,100,5000,4750.0,2800,1950.0,2025-06,Low (1-10%)
O03287,2025-06-08,C1521,South,Headphones,Electronics,2500,1350,1,0.1,40,2500,2250.0,1390,860.0,2025-06,Low (1-10%)
O03742,2025-06-08,C0084,North,Keyboard,Electronics,1800,1000,4,0.1,150,7200,6480.0,4150,2330.0,2025-06,Low (1-10%)
O04054,2025-06-08,C0968,South,Pen Set,Stationery,250,110,4,0.0,100,1000,1000.0,540,460.0,2025-06,None
O04127,2025-06-08,C1573,East,Laptop,Electronics,50000,41000,4,0.0,100,200000,200000.0,164100,35900.0,2025-06,None
O04165,2025-06-08,C0777,North,Notebook,Stationery,150,65,3,0.0,40,450,450.0,235,215.0,2025-06,None
O04447,2025-06-08,C0269,West,Keyboard,Electronics,1800,1000,2,0.0,70,3600,3600.0,2070,1530.0,2025-06,None
O04790,2025-06-08,C0153,East,Desk,Furniture,9000,6300,3,0.1,100,27000,24300.0,19000,5300.0,2025-06,Low (1-10%)
O04917,2025-06-08,C1358,North,Laptop,Electronics,50000,41000,4,0.3,40,200000,140000.0,164040,-24040.0,2025-06,High (>10%)
O05087,2025-06-08,C2428,North,Pen Set,Stationery,250,110,3,0.3,100,750,525.0,430,95.0,2025-06,High (>10%)
O05298,2025-06-08,C1151,South,Notebook,Stationery,150,65,2,0.0,100,300,300.0,230,70.0,2025-06,None
O00039,2025-06-09,C1760,South,Keyboard,Electronics,1800,1000,3,0.2,40,5400,4320.0,3040,1280.0,2025-06,High (>10%)
O00629,2025-06-09,C0348,West,Desk,Furniture,9000,6300,2,0.0,150,18000,18000.0,12750,5250.0,2025-06,None
O01200,2025-06-09,C0986,West,Desk,Furniture,9000,6300,3,0.05,70,27000,25650.0,18970,6680.0,2025-06,Low (1-10%)
O01679,2025-06-09,C2229,North,Backpack,Accessories,1800,850,1,0.1,100,1800,1620.0,950,670.0,2025-06,Low (1-10%)
O01716,2025-06-09,C0821,North,Backpack,Accessories,1800,850,1,0.0,70,1800,1800.0,920,880.0,2025-06,None
O02153,2025-06-09,C2037,North,Pen Set,Stationery,250,110,1,0.2,40,250,200.0,150,50.0,2025-06,High (>10%)
O02187,2025-06-09,C1240,West,Keyboard,Electronics,1800,1000,4,0.0,40,7200,7200.0,4040,3160.0,2025-06,None
O02306,2025-06-09,C2499,South,Laptop,Electronics,50000,41000,2,0.1,70,100000,90000.0,82070,7930.0,2025-06,Low (1-10%)
O03149,2025-06-09,C0033,North,Backpack,Accessories,1800,850,1,0.1,70,1800,1620.0,920,700.0,2025-06,Low (1-10%)
O03329,2025-06-09,C1188,North,Office Chair,Furniture,6500,4300,1,0.1,40,6500,5850.0,4340,1510.0,2025-06,Low (1-10%)
O03427,2025-06-09,C0657,East,Office Chair,Furniture,6500,4300,3,0.0,150,19500,19500.0,13050,6450.0,2025-06,None
O03602,2025-06-09,C0488,West,Desk,Furniture,9000,6300,2,0.05,150,18000,17100.0,12750,4350.0,2025-06,Low (1-10%)
O03618,2025-06-09,C2363,South,Office Chair,Furniture,6500,4300,3,0.05,100,19500,18525.0,13000,5525.0,2025-06,Low (1-10%)
O04040,2025-06-09,C1564,West,Keyboard,Electronics,1800,1000,2,0.3,40,3600,2520.0,2040,480.0,2025-06,High (>10%)
O04478,2025-06-09,C1672,East,Keyboard,Electronics,1800,1000,2,0.05,70,3600,3420.0,2070,1350.0,2025-06,Low (1-10%)
O04658,2025-06-09,C2004,South,Desk,Furniture,9000,6300,1,0.05,100,9000,8550.0,6400,2150.0,2025-06,Low (1-10%)
O04783,2025-06-09,C0286,East,Keyboard,Electronics,1800,1000,2,0.3,70,3600,2520.0,2070,450.0,2025-06,High (>10%)
O05229,2025-06-09,C1552,East,Laptop,Electronics,50000,41000,2,0.3,150,100000,70000.0,82150,-12150.0,2025-06,High (>10%)
O00217,2025-06-10,C0108,West,Laptop,Electronics,50000,41000,4,0.1,150,200000,180000.0,164150,15850.0,2025-06,Low (1-10%)
O00462,2025-06-10,C2270,North,Headphones,Electronics,2500,1350,3,0.05,40,7500,7125.0,4090,3035.0,2025-06,Low (1-10%)
O00740,2025-06-10,C1756,East,Backpack,Accessories,1800,850,2,0.0,100,3600,3600.0,1800,1800.0,2025-06,None
O00778,2025-06-10,C2441,East,Laptop,Electronics,50000,41000,3,0.0,40,150000,150000.0,123040,26960.0,2025-06,None
O00805,2025-06-10,C0267,North,Notebook,Stationery,150,65,1,0.05,40,150,142.5,105,37.5,2025-06,Low (1-10%)
O00877,2025-06-10,C2179,West,Desk,Furniture,9000,6300,2,0.0,40,18000,18000.0,12640,5360.0,2025-06,None
O00942,2025-06-10,C1004,North,Office Chair,Furniture,6500,4300,1,0.0,40,6500,6500.0,4340,2160.0,2025-06,None
O01209,2025-06-10,C2062,North,Keyboard,Electronics,1800,1000,3,0.05,150,5400,5130.0,3150,1980.0,2025-06,Low (1-10%)
O01233,2025-06-10,C0754,South,Backpack,Accessories,1800,850,4,0.1,70,7200,6480.0,3470,3010.0,2025-06,Low (1-10%)
O01289,2025-06-10,C1840,South,Laptop,Electronics,50000,41000,2,0.0,150,100000,100000.0,82150,17850.0,2025-06,None
O01418,2025-06-10,C1515,North,Office Chair,Furniture,6500,4300,2,0.0,100,13000,13000.0,8700,4300.0,2025-06,None
O01672,2025-06-10,C0406,West,Desk,Furniture,9000,6300,3,0.05,100,27000,25650.0,19000,6650.0,2025-06,Low (1-10%)
O01964,2025-06-10,C2414,East,Pen Set,Stationery,250,110,1,0.3,100,250,175.0,210,-35.0,2025-06,High (>10%)
O02101,2025-06-10,C2450,West,Backpack,Accessories,1800,850,2,0.0,100,3600,3600.0,1800,1800.0,2025-06,None
O02201,2025-06-10,C2093,East,Keyboard,Electronics,1800,1000,4,0.0,100,7200,7200.0,4100,3100.0,2025-06,None
O02205,2025-06-10,C2072,North,Office Chair,Furniture,6500,4300,1,0.1,40,6500,5850.0,4340,1510.0,2025-06,Low (1-10%)
O02737,2025-06-10,C1099,West,Desk,Furniture,9000,6300,2,0.1,150,18000,16200.0,12750,3450.0,2025-06,Low (1-10%)
O02792,2025-06-10,C2246,East,Headphones,Electronics,2500,1350,2,0.1,100,5000,4500.0,2800,1700.0,2025-06,Low (1-10%)
O03417,2025-06-10,C1436,West,Desk,Furniture,9000,6300,2,0.1,70,18000,16200.0,12670,3530.0,2025-06,Low (1-10%)
O03429,2025-06-10,C0529,West,Pen Set,Stationery,250,110,4,0.3,150,1000,700.0,590,110.0,2025-06,High (>10%)
O03530,2025-06-10,C1588,North,Laptop,Electronics,50000,41000,4,0.1,150,200000,180000.0,164150,15850.0,2025-06,Low (1-10%)
O03683,2025-06-10,C1002,North,Headphones,Electronics,2500,1350,1,0.05,100,2500,2375.0,1450,925.0,2025-06,Low (1-10%)
O04012,2025-06-10,C1756,East,Backpack,Accessories,1800,850,1,0.05,40,1800,1710.0,890,820.0,2025-06,Low (1-10%)
O04254,2025-06-10,C1049,North,Keyboard,Electronics,1800,1000,2,0.2,100,3600,2880.0,2100,780.0,2025-06,High (>10%)
O05234,2025-06-10,C1428,North,Headphones,Electronics,2500,1350,4,0.05,100,10000,9500.0,5500,4000.0,2025-06,Low (1-10%)
O05755,2025-06-10,C0121,West,Headphones,Electronics,2500,1350,3,0.1,100,7500,6750.0,4150,2600.0,2025-06,Low (1-10%)
O00124,2025-06-11,C1008,South,Office Chair,Furniture,6500,4300,4,0.0,100,26000,26000.0,17300,8700.0,2025-06,None
O00875,2025-06-11,C2173,North,Notebook,Stationery,150,65,1,0.0,70,150,150.0,135,15.0,2025-06,None
O00962,2025-06-11,C1894,South,Office Chair,Furniture,6500,4300,1,0.0,150,6500,6500.0,4450,2050.0,2025-06,None
O01480,2025-06-11,C0830,West,Office Chair,Furniture,6500,4300,2,0.05,70,13000,12350.0,8670,3680.0,2025-06,Low (1-10%)
O01709,2025-06-11,C0825,East,Headphones,Electronics,2500,1350,3,0.05,40,7500,7125.0,4090,3035.0,2025-06,Low (1-10%)
O02082,2025-06-11,C1651,East,Laptop,Electronics,50000,41000,4,0.1,40,200000,180000.0,164040,15960.0,2025-06,Low (1-10%)
O02633,2025-06-11,C2085,North,Backpack,Accessories,1800,850,3,0.05,40,5400,5130.0,2590,2540.0,2025-06,Low (1-10%)
O02699,2025-06-11,C0799,West,Headphones,Electronics,2500,1350,1,0.3,100,2500,1750.0,1450,300.0,2025-06,High (>10%)
O02795,2025-06-11,C1624,East,Laptop,Electronics,50000,41000,2,0.0,70,100000,100000.0,82070,17930.0,2025-06,None
O03494,2025-06-11,C1354,West,Notebook,Stationery,150,65,1,0.3,150,150,105.0,215,-110.0,2025-06,High (>10%)
O03738,2025-06-11,C1472,West,Desk,Furniture,9000,6300,1,0.0,70,9000,9000.0,6370,2630.0,2025-06,None
O03786,2025-06-11,C0258,South,Desk,Furniture,9000,6300,2,0.2,150,18000,14400.0,12750,1650.0,2025-06,High (>10%)
O04394,2025-06-11,C1562,North,Laptop,Electronics,50000,41000,3,0.0,150,150000,150000.0,123150,26850.0,2025-06,None
O04452,2025-06-11,C0344,East,Keyboard,Electronics,1800,1000,2,0.05,40,3600,3420.0,2040,1380.0,2025-06,Low (1-10%)
O04864,2025-06-11,C0063,South,Notebook,Stationery,150,65,1,0.0,150,150,150.0,215,-65.0,2025-06,None
O05037,2025-06-11,C2499,West,Backpack,Accessories,1800,850,2,0.3,100,3600,2520.0,1800,720.0,2025-06,High (>10%)
O05042,2025-06-11,C1544,West,Headphones,Electronics,2500,1350,2,0.05,100,5000,4750.0,2800,1950.0,2025-06,Low (1-10%)
O05242,2025-06-11,C2341,North,Backpack,Accessories,1800,850,1,0.05,70,1800,1710.0,920,790.0,2025-06,Low (1-10%)
O00087,2025-06-12,C2053,North,Laptop,Electronics,50000,41000,1,0.0,70,50000,50000.0,41070,8930.0,2025-06,None
O00132,2025-06-12,C2176,East,Desk,Furniture,9000,6300,3,0.0,100,27000,27000.0,19000,8000.0,2025-06,None
O00605,2025-06-12,C2110,North,Pen Set,Stationery,250,110,3,0.05,100,750,712.5,430,282.5,2025-06,Low (1-10%)
O01029,2025-06-12,C0512,West,Desk,Furniture,9000,6300,3,0.0,100,27000,27000.0,19000,8000.0,2025-06,None
O01148,2025-06-12,C1516,North,Pen Set,Stationery,250,110,4,0.2,70,1000,800.0,510,290.0,2025-06,High (>10%)
O01181,2025-06-12,C1687,West,Desk,Furniture,9000,6300,1,0.1,40,9000,8100.0,6340,1760.0,2025-06,Low (1-10%)
O02594,2025-06-12,C1718,East,Laptop,Electronics,50000,41000,1,0.3,40,50000,35000.0,41040,-6040.0,2025-06,High (>10%)
O02631,2025-06-12,C1460,East,Backpack,Accessories,1800,850,2,0.05,150,3600,3420.0,1850,1570.0,2025-06,Low (1-10%)
O03001,2025-06-12,C0188,South,Pen Set,Stationery,250,110,2,0.05,100,500,475.0,320,155.0,2025-06,Low (1-10%)
O03404,2025-06-12,C1321,South,Backpack,Accessories,1800,850,1,0.1,40,1800,1620.0,890,730.0,2025-06,Low (1-10%)
O03595,2025-06-12,C2221,East,Headphones,Electronics,2500,1350,2,0.05,70,5000,4750.0,2770,1980.0,2025-06,Low (1-10%)
O04361,2025-06-12,C2103,North,Laptop,Electronics,50000,41000,4,0.1,40,200000,180000.0,164040,15960.0,2025-06,Low (1-10%)
O04509,2025-06-12,C0174,North,Keyboard,Electronics,1800,1000,1,0.1,40,1800,1620.0,1040,580.0,2025-06,Low (1-10%)
O04900,2025-06-12,C1981,South,Desk,Furniture,9000,6300,2,0.05,150,18000,17100.0,12750,4350.0,2025-06,Low (1-10%)
O05304,2025-06-12,C2372,North,Office Chair,Furniture,6500,4300,3,0.0,70,19500,19500.0,12970,6530.0,2025-06,None
O05717,2025-06-12,C2411,South,Headphones,Electronics,2500,1350,2,0.0,70,5000,5000.0,2770,2230.0,2025-06,None
O00027,2025-06-13,C0427,Unknown,Office Chair,Furniture,6500,4300,1,0.1,150,6500,5850.0,4450,1400.0,2025-06,Low (1-10%)
O00088,2025-06-13,C2492,West,Keyboard,Electronics,1800,1000,3,0.2,40,5400,4320.0,3040,1280.0,2025-06,High (>10%)
O00140,2025-06-13,C0342,North,Office Chair,Furniture,6500,4300,2,0.05,100,13000,12350.0,8700,3650.0,2025-06,Low (1-10%)
O00473,2025-06-13,C1557,North,Office Chair,Furniture,6500,4300,3,0.2,100,19500,15600.0,13000,2600.0,2025-06,High (>10%)
O00867,2025-06-13,C1484,North,Pen Set,Stationery,250,110,3,0.0,100,750,750.0,430,320.0,2025-06,None
O00944,2025-06-13,C1519,South,Office Chair,Furniture,6500,4300,2,0.1,150,13000,11700.0,8750,2950.0,2025-06,Low (1-10%)
O01087,2025-06-13,C1793,East,Pen Set,Stationery,250,110,2,0.1,100,500,450.0,320,130.0,2025-06,Low (1-10%)
O01465,2025-06-13,C1903,North,Pen Set,Stationery,250,110,1,0.0,150,250,250.0,260,-10.0,2025-06,None
O01873,2025-06-13,C0050,West,Desk,Furniture,9000,6300,1,0.2,150,9000,7200.0,6450,750.0,2025-06,High (>10%)
O02108,2025-06-13,C1074,South,Headphones,Electronics,2500,1350,3,0.1,40,7500,6750.0,4090,2660.0,2025-06,Low (1-10%)
O02127,2025-06-13,C0359,South,Keyboard,Electronics,1800,1000,2,0.0,40,3600,3600.0,2040,1560.0,2025-06,None
O02418,2025-06-13,C0435,South,Keyboard,Electronics,1800,1000,3,0.3,150,5400,3780.0,3150,630.0,2025-06,High (>10%)
O02961,2025-06-13,C1322,South,Backpack,Accessories,1800,850,3,0.1,40,5400,4860.0,2590,2270.0,2025-06,Low (1-10%)
O03238,2025-06-13,C1816,North,Backpack,Accessories,1800,850,3,0.05,100,5400,5130.0,2650,2480.0,2025-06,Low (1-10%)
O03264,2025-06-13,C1755,North,Pen Set,Stationery,250,110,1,0.0,150,250,250.0,260,-10.0,2025-06,None
O03343,2025-06-13,C0635,North,Laptop,Electronics,50000,41000,1,0.2,40,50000,40000.0,41040,-1040.0,2025-06,High (>10%)
O03442,2025-06-13,C0491,East,Laptop,Electronics,50000,41000,1,0.1,70,50000,45000.0,41070,3930.0,2025-06,Low (1-10%)
O03548,2025-06-13,C2382,North,Backpack,Accessories,1800,850,1,0.1,40,1800,1620.0,890,730.0,2025-06,Low (1-10%)
O04432,2025-06-13,C0158,South,Laptop,Electronics,50000,41000,3,0.2,40,150000,120000.0,123040,-3040.0,2025-06,High (>10%)
O04584,2025-06-13,C2373,East,Notebook,Stationery,150,65,1,0.2,70,150,120.0,135,-15.0,2025-06,High (>10%)
O04667,2025-06-13,C1757,South,Keyboard,Electronics,1800,1000,2,0.1,150,3600,3240.0,2150,1090.0,2025-06,Low (1-10%)
O05171,2025-06-13,C1462,West,Desk,Furniture,9000,6300,3,0.05,100,27000,25650.0,19000,6650.0,2025-06,Low (1-10%)
O05415,2025-06-13,C1413,North,Keyboard,Electronics,1800,1000,1,0.2,100,1800,1440.0,1100,340.0,2025-06,High (>10%)
O05797,2025-06-13,C2387,South,Pen Set,Stationery,250,110,1,0.1,150,250,225.0,260,-35.0,2025-06,Low (1-10%)
O00230,2025-06-14,C1029,South,Headphones,Electronics,2500,1350,1,0.1,40,2500,2250.0,1390,860.0,2025-06,Low (1-10%)
O00669,2025-06-14,C2113,West,Backpack,Accessories,1800,850,1,0.1,100,1800,1620.0,950,670.0,2025-06,Low (1-10%)
O00691,2025-06-14,C2194,South,Backpack,Accessories,1800,850,3,0.0,100,5400,5400.0,2650,2750.0,2025-06,None
O00922,2025-06-14,C0563,South,Desk,Furniture,9000,6300,3,0.0,100,27000,27000.0,19000,8000.0,2025-06,None
O01246,2025-06-14,C0008,West,Backpack,Accessories,1800,850,2,0.0,40,3600,3600.0,1740,1860.0,2025-06,None
O01506,2025-06-14,C1944,East,Headphones,Electronics,2500,1350,2,0.1,100,5000,4500.0,2800,1700.0,2025-06,Low (1-10%)
O02160,2025-06-14,C2390,North,Keyboard,Electronics,1800,1000,1,0.2,100,1800,1440.0,1100,340.0,2025-06,High (>10%)
O02318,2025-06-14,C0483,North,Office Chair,Furniture,6500,4300,4,0.1,40,26000,23400.0,17240,6160.0,2025-06,Low (1-10%)
O02426,2025-06-14,C1647,East,Desk,Furniture,9000,6300,1,0.1,70,9000,8100.0,6370,1730.0,2025-06,Low (1-10%)
O03319,2025-06-14,C1093,South,Keyboard,Electronics,1800,1000,2,0.1,70,3600,3240.0,2070,1170.0,2025-06,Low (1-10%)
O03643,2025-06-14,C1552,South,Backpack,Accessories,1800,850,3,0.1,70,5400,4860.0,2620,2240.0,2025-06,Low (1-10%)
O04187,2025-06-14,C2185,North,Keyboard,Electronics,1800,1000,4,0.0,100,7200,7200.0,4100,3100.0,2025-06,None
O04212,2025-06-14,C0066,South,Notebook,Stationery,150,65,3,0.2,150,450,360.0,345,15.0,2025-06,High (>10%)
O04377,2025-06-14,C1243,North,Keyboard,Electronics,1800,1000,2,0.05,100,3600,3420.0,2100,1320.0,2025-06,Low (1-10%)
O04422,2025-06-14,C1072,West,Backpack,Accessories,1800,850,4,0.05,100,7200,6840.0,3500,3340.0,2025-06,Low (1-10%)
O04956,2025-06-14,C1124,East,Headphones,Electronics,2500,1350,3,0.1,150,7500,6750.0,4200,2550.0,2025-06,Low (1-10%)
O05047,2025-06-14,C1228,West,Pen Set,Stationery,250,110,3,0.0,150,750,750.0,480,270.0,2025-06,None
O05207,2025-06-14,C0899,East,Notebook,Stationery,150,65,1,0.05,70,150,142.5,135,7.5,2025-06,Low (1-10%)
O00176,2025-06-15,C0604,West,Office Chair,Furniture,6500,4300,4,0.0,150,26000,26000.0,17350,8650.0,2025-06,None
O00248,2025-06-15,C0855,South,Office Chair,Furniture,6500,4300,4,0.1,150,26000,23400.0,17350,6050.0,2025-06,Low (1-10%)
O01613,2025-06-15,C1907,West,Notebook,Stationery,150,65,3,0.05,40,450,427.5,235,192.5,2025-06,Low (1-10%)
O01996,2025-06-15,C0979,West,Laptop,Electronics,50000,41000,2,0.2,100,100000,80000.0,82100,-2100.0,2025-06,High (>10%)
O02036,2025-06-15,C0069,West,Pen Set,Stationery,250,110,3,0.05,40,750,712.5,370,342.5,2025-06,Low (1-10%)
O02695,2025-06-15,C1838,South,Backpack,Accessories,1800,850,2,0.1,70,3600,3240.0,1770,1470.0,2025-06,Low (1-10%)
O03201,2025-06-15,C0090,West,Backpack,Accessories,1800,850,3,0.0,40,5400,5400.0,2590,2810.0,2025-06,None
O03305,2025-06-15,C1053,East,Laptop,Electronics,50000,41000,2,0.1,40,100000,90000.0,82040,7960.0,2025-06,Low (1-10%)
O03326,2025-06-15,C1636,North,Pen Set,Stationery,250,110,1,0.2,100,250,200.0,210,-10.0,2025-06,High (>10%)
O03376,2025-06-15,C1684,North,Desk,Furniture,9000,6300,2,0.1,150,18000,16200.0,12750,3450.0,2025-06,Low (1-10%)
O03581,2025-06-15,C0907,North,Backpack,Accessories,1800,850,2,0.05,150,3600,3420.0,1850,1570.0,2025-06,Low (1-10%)
O03981,2025-06-15,C0464,North,Office Chair,Furniture,6500,4300,2,0.05,150,13000,12350.0,8750,3600.0,2025-06,Low (1-10%)
O04146,2025-06-15,C0568,North,Keyboard,Electronics,1800,1000,1,0.0,40,1800,1800.0,1040,760.0,2025-06,None
O05021,2025-06-15,C0826,East,Backpack,Accessories,1800,850,4,0.2,150,7200,5760.0,3550,2210.0,2025-06,High (>10%)
O05073,2025-06-15,C2032,South,Headphones,Electronics,2500,1350,2,0.05,40,5000,4750.0,2740,2010.0,2025-06,Low (1-10%)
O05100,2025-06-15,C1655,South,Keyboard,Electronics,1800,1000,1,0.05,150,1800,1710.0,1150,560.0,2025-06,Low (1-10%)
O05223,2025-06-15,C0466,West,Backpack,Accessories,1800,850,1,0.0,150,1800,1800.0,1000,800.0,2025-06,None
O05649,2025-06-15,C2481,West,Backpack,Accessories,1800,850,1,0.0,150,1800,1800.0,1000,800.0,2025-06,None
O00758,2025-06-16,C0729,South,Office Chair,Furniture,6500,4300,2,0.0,40,13000,13000.0,8640,4360.0,2025-06,None
O02881,2025-06-16,C0971,South,Laptop,Electronics,50000,41000,4,0.05,150,200000,190000.0,164150,25850.0,2025-06,Low (1-10%)
O03004,2025-06-16,C1831,West,Backpack,Accessories,1800,850,1,0.2,150,1800,1440.0,1000,440.0,2025-06,High (>10%)
O03485,2025-06-16,C1475,South,Office Chair,Furniture,6500,4300,2,0.1,40,13000,11700.0,8640,3060.0,2025-06,Low (1-10%)
O03819,2025-06-16,C0398,North,Notebook,Stationery,150,65,3,0.0,40,450,450.0,235,215.0,2025-06,None
O04318,2025-06-16,C0603,South,Office Chair,Furniture,6500,4300,4,0.1,40,26000,23400.0,17240,6160.0,2025-06,Low (1-10%)
O04778,2025-06-16,C1074,West,Notebook,Stationery,150,65,3,0.1,100,450,405.0,295,110.0,2025-06,Low (1-10%)
O04837,2025-06-16,C0450,West,Headphones,Electronics,2500,1350,2,0.3,150,5000,3500.0,2850,650.0,2025-06,High (>10%)
O05904,2025-06-16,C1253,South,Pen Set,Stationery,250,110,4,0.2,70,1000,800.0,510,290.0,2025-06,High (>10%)
O01101,2025-06-17,C0736,West,Office Chair,Furniture,6500,4300,4,0.0,100,26000,26000.0,17300,8700.0,2025-06,None
O01815,2025-06-17,C2081,North,Backpack,Accessories,1800,850,1,0.1,100,1800,1620.0,950,670.0,2025-06,Low (1-10%)
O02340,2025-06-17,C0055,North,Laptop,Electronics,50000,41000,4,0.0,70,200000,200000.0,164070,35930.0,2025-06,None
O02493,2025-06-17,C0356,North,Backpack,Accessories,1800,850,2,0.05,100,3600,3420.0,1800,1620.0,2025-06,Low (1-10%)
O02507,2025-06-17,C0892,South,Office Chair,Furniture,6500,4300,2,0.0,100,13000,13000.0,8700,4300.0,2025-06,None
O02892,2025-06-17,C1635,North,Desk,Furniture,9000,6300,3,0.0,100,27000,27000.0,19000,8000.0,2025-06,None
O02962,2025-06-17,C1258,North,Office Chair,Furniture,6500,4300,4,0.0,70,26000,26000.0,17270,8730.0,2025-06,None
O03011,2025-06-17,C1588,West,Keyboard,Electronics,1800,1000,4,0.1,150,7200,6480.0,4150,2330.0,2025-06,Low (1-10%)
O03617,2025-06-17,C0735,South,Laptop,Electronics,50000,41000,3,0.0,40,150000,150000.0,123040,26960.0,2025-06,None
O04408,2025-06-17,C1483,East,Headphones,Electronics,2500,1350,1,0.1,40,2500,2250.0,1390,860.0,2025-06,Low (1-10%)
O05906,2025-06-17,C0825,East,Headphones,Electronics,2500,1350,1,0.0,150,2500,2500.0,1500,1000.0,2025-06,None
O00094,2025-06-18,C0982,North,Office Chair,Furniture,6500,4300,1,0.05,150,6500,6175.0,4450,1725.0,2025-06,Low (1-10%)
O00113,2025-06-18,C2341,South,Desk,Furniture,9000,6300,1,0.1,70,9000,8100.0,6370,1730.0,2025-06,Low (1-10%)
O02477,2025-06-18,C2058,North,Desk,Furniture,9000,6300,1,0.3,150,9000,6300.0,6450,-150.0,2025-06,High (>10%)
O02487,2025-06-18,C1675,West,Headphones,Electronics,2500,1350,1,0.3,150,2500,1750.0,1500,250.0,2025-06,High (>10%)
O03008,2025-06-18,C1110,West,Office Chair,Furniture,6500,4300,3,0.3,150,19500,13650.0,13050,600.0,2025-06,High (>10%)
O03099,2025-06-18,C1690,West,Headphones,Electronics,2500,1350,2,0.2,70,5000,4000.0,2770,1230.0,2025-06,High (>10%)
O03423,2025-06-18,C0927,South,Desk,Furniture,9000,6300,4,0.0,70,36000,36000.0,25270,10730.0,2025-06,None
O03608,2025-06-18,C1209,West,Notebook,Stationery,150,65,3,0.3,150,450,315.0,345,-30.0,2025-06,High (>10%)
O04490,2025-06-18,C2360,West,Office Chair,Furniture,6500,4300,4,0.2,70,26000,20800.0,17270,3530.0,2025-06,High (>10%)
O04989,2025-06-18,C2244,West,Backpack,Accessories,1800,850,2,0.05,70,3600,3420.0,1770,1650.0,2025-06,Low (1-10%)
O05690,2025-06-18,C1947,West,Headphones,Electronics,2500,1350,3,0.1,70,7500,6750.0,4120,2630.0,2025-06,Low (1-10%)
O00175,2025-06-19,C0273,West,Notebook,Stationery,150,65,2,0.05,40,300,285.0,170,115.0,2025-06,Low (1-10%)
O00190,2025-06-19,C2432,East,Keyboard,Electronics,1800,1000,3,0.2,70,5400,4320.0,3070,1250.0,2025-06,High (>10%)
O00581,2025-06-19,C1251,East,Laptop,Electronics,50000,41000,4,0.0,40,200000,200000.0,164040,35960.0,2025-06,None
O01019,2025-06-19,C2223,North,Laptop,Electronics,50000,41000,3,0.0,40,150000,150000.0,123040,26960.0,2025-06,None
O01483,2025-06-19,C0337,West,Keyboard,Electronics,1800,1000,4,0.3,100,7200,5040.0,4100,940.0,2025-06,High (>10%)
O01510,2025-06-19,C1096,West,Notebook,Stationery,150,65,2,0.1,40,300,270.0,170,100.0,2025-06,Low (1-10%)
O01768,2025-06-19,C2005,South,Office Chair,Furniture,6500,4300,4,0.05,150,26000,24700.0,17350,7350.0,2025-06,Low (1-10%)
O02516,2025-06-19,C2271,South,Pen Set,Stationery,250,110,1,0.0,40,250,250.0,150,100.0,2025-06,None
O03300,2025-06-19,C1751,North,Pen Set,Stationery,250,110,4,0.05,70,1000,950.0,510,440.0,2025-06,Low (1-10%)
O03714,2025-06-19,C0493,South,Headphones,Electronics,2500,1350,1,0.05,100,2500,2375.0,1450,925.0,2025-06,Low (1-10%)
O03824,2025-06-19,C0353,East,Headphones,Electronics,2500,1350,2,0.05,100,5000,4750.0,2800,1950.0,2025-06,Low (1-10%)
O03954,2025-06-19,C2098,South,Office Chair,Furniture,6500,4300,1,0.0,150,6500,6500.0,4450,2050.0,2025-06,None
O04788,2025-06-19,C1754,North,Laptop,Electronics,50000,41000,1,0.05,100,50000,47500.0,41100,6400.0,2025-06,Low (1-10%)
O04935,2025-06-19,C0119,East,Office Chair,Furniture,6500,4300,3,0.05,70,19500,18525.0,12970,5555.0,2025-06,Low (1-10%)
O05566,2025-06-19,C2396,South,Notebook,Stationery,150,65,2,0.0,70,300,300.0,200,100.0,2025-06,None
O05580,2025-06-19,C2048,North,Office Chair,Furniture,6500,4300,1,0.1,70,6500,5850.0,4370,1480.0,2025-06,Low (1-10%)
O05810,2025-06-19,C2370,North,Office Chair,Furniture,6500,4300,4,0.3,40,26000,18200.0,17240,960.0,2025-06,High (>10%)
O05842,2025-06-19,C1026,South,Backpack,Accessories,1800,850,1,0.05,70,1800,1710.0,920,790.0,2025-06,Low (1-10%)
O00005,2025-06-20,C1489,North,Office Chair,Furniture,6500,4300,1,0.2,150,6500,5200.0,4450,750.0,2025-06,High (>10%)
O00285,2025-06-20,C1955,South,Office Chair,Furniture,6500,4300,3,0.2,100,19500,15600.0,13000,2600.0,2025-06,High (>10%)
O00319,2025-06-20,C0757,East,Backpack,Accessories,1800,850,1,0.05,40,1800,1710.0,890,820.0,2025-06,Low (1-10%)
O00455,2025-06-20,C0388,South,Desk,Furniture,9000,6300,3,0.3,100,27000,18900.0,19000,-100.0,2025-06,High (>10%)
O00947,2025-06-20,C1705,West,Backpack,Accessories,1800,850,3,0.1,100,5400,4860.0,2650,2210.0,2025-06,Low (1-10%)
O01740,2025-06-20,C1409,South,Headphones,Electronics,2500,1350,4,0.0,70,10000,10000.0,5470,4530.0,2025-06,None
O01765,2025-06-20,C1205,East,Desk,Furniture,9000,6300,4,0.05,150,36000,34200.0,25350,8850.0,2025-06,Low (1-10%)
O01976,2025-06-20,C0137,North,Laptop,Electronics,50000,41000,3,0.05,150,150000,142500.0,123150,19350.0,2025-06,Low (1-10%)
O02169,2025-06-20,C2347,East,Backpack,Accessories,1800,850,2,0.1,40,3600,3240.0,1740,1500.0,2025-06,Low (1-10%)
O02441,2025-06-20,C0631,South,Keyboard,Electronics,1800,1000,4,0.2,40,7200,5760.0,4040,1720.0,2025-06,High (>10%)
O02810,2025-06-20,C1356,West,Headphones,Electronics,2500,1350,2,0.0,100,5000,5000.0,2800,2200.0,2025-06,None
O03228,2025-06-20,C1039,South,Office Chair,Furniture,6500,4300,3,0.0,100,19500,19500.0,13000,6500.0,2025-06,None
O03555,2025-06-20,C1069,West,Office Chair,Furniture,6500,4300,4,0.0,100,26000,26000.0,17300,8700.0,2025-06,None
O04047,2025-06-20,C0253,East,Office Chair,Furniture,6500,4300,2,0.05,40,13000,12350.0,8640,3710.0,2025-06,Low (1-10%)
O05007,2025-06-20,C2203,West,Office Chair,Furniture,6500,4300,4,0.2,70,26000,20800.0,17270,3530.0,2025-06,High (>10%)
O05026,2025-06-20,C1252,South,Laptop,Electronics,50000,41000,3,0.0,70,150000,150000.0,123070,26930.0,2025-06,None
O05161,2025-06-20,C1138,South,Office Chair,Furniture,6500,4300,1,0.0,100,6500,6500.0,4400,2100.0,2025-06,None
O05987,2025-06-20,C1969,West,Backpack,Accessories,1800,850,1,0.2,40,1800,1440.0,890,550.0,2025-06,High (>10%)
O00061,2025-06-21,C1058,West,Backpack,Accessories,1800,850,2,0.1,40,3600,3240.0,1740,1500.0,2025-06,Low (1-10%)
O01092,2025-06-21,C2115,North,Office Chair,Furniture,6500,4300,1,0.1,100,6500,5850.0,4400,1450.0,2025-06,Low (1-10%)
O01187,2025-06-21,C0769,South,Headphones,Electronics,2500,1350,2,0.3,100,5000,3500.0,2800,700.0,2025-06,High (>10%)
O01549,2025-06-21,C0135,South,Office Chair,Furniture,6500,4300,2,0.1,70,13000,11700.0,8670,3030.0,2025-06,Low (1-10%)
O01668,2025-06-21,C2435,North,Notebook,Stationery,150,65,3,0.05,40,450,427.5,235,192.5,2025-06,Low (1-10%)
O01722,2025-06-21,C0544,North,Notebook,Stationery,150,65,2,0.2,100,300,240.0,230,10.0,2025-06,High (>10%)
O01979,2025-06-21,C1426,South,Laptop,Electronics,50000,41000,4,0.1,70,200000,180000.0,164070,15930.0,2025-06,Low (1-10%)
O02207,2025-06-21,C2129,South,Headphones,Electronics,2500,1350,1,0.3,100,2500,1750.0,1450,300.0,2025-06,High (>10%)
O02465,2025-06-21,C1923,West,Office Chair,Furniture,6500,4300,3,0.0,100,19500,19500.0,13000,6500.0,2025-06,None
O03421,2025-06-21,C0020,North,Desk,Furniture,9000,6300,2,0.3,70,18000,12600.0,12670,-70.0,2025-06,High (>10%)
O03996,2025-06-21,C1198,South,Keyboard,Electronics,1800,1000,4,0.05,40,7200,6840.0,4040,2800.0,2025-06,Low (1-10%)
O04832,2025-06-21,C2070,North,Laptop,Electronics,50000,41000,2,0.1,150,100000,90000.0,82150,7850.0,2025-06,Low (1-10%)
O05530,2025-06-21,C0997,North,Laptop,Electronics,50000,41000,1,0.05,40,50000,47500.0,41040,6460.0,2025-06,Low (1-10%)
O05721,2025-06-21,C1402,West,Backpack,Accessories,1800,850,2,0.1,150,3600,3240.0,1850,1390.0,2025-06,Low (1-10%)
O05735,2025-06-21,C2100,East,Notebook,Stationery,150,65,1,0.05,100,150,142.5,165,-22.5,2025-06,Low (1-10%)
O00500,2025-06-22,C0947,North,Office Chair,Furniture,6500,4300,1,0.1,40,6500,5850.0,4340,1510.0,2025-06,Low (1-10%)
O00617,2025-06-22,C0171,North,Headphones,Electronics,2500,1350,3,0.0,40,7500,7500.0,4090,3410.0,2025-06,None
O00829,2025-06-22,C1302,South,Pen Set,Stationery,250,110,2,0.1,100,500,450.0,320,130.0,2025-06,Low (1-10%)
O00923,2025-06-22,C0399,South,Office Chair,Furniture,6500,4300,1,0.3,40,6500,4550.0,4340,210.0,2025-06,High (>10%)
O01066,2025-06-22,C1762,West,Office Chair,Furniture,6500,4300,1,0.1,70,6500,5850.0,4370,1480.0,2025-06,Low (1-10%)
O01269,2025-06-22,C0560,West,Backpack,Accessories,1800,850,3,0.1,150,5400,4860.0,2700,2160.0,2025-06,Low (1-10%)
O02307,2025-06-22,C2098,North,Keyboard,Electronics,1800,1000,3,0.0,70,5400,5400.0,3070,2330.0,2025-06,None
O02543,2025-06-22,C1480,South,Backpack,Accessories,1800,850,1,0.2,100,1800,1440.0,950,490.0,2025-06,High (>10%)
O02602,2025-06-22,C1141,North,Headphones,Electronics,2500,1350,1,0.3,100,2500,1750.0,1450,300.0,2025-06,High (>10%)
O02768,2025-06-22,C0157,East,Backpack,Accessories,1800,850,1,0.0,40,1800,1800.0,890,910.0,2025-06,None
O03107,2025-06-22,C1581,East,Pen Set,Stationery,250,110,2,0.3,70,500,350.0,290,60.0,2025-06,High (>10%)
O03286,2025-06-22,C0818,North,Office Chair,Furniture,6500,4300,2,0.0,40,13000,13000.0,8640,4360.0,2025-06,None
O03382,2025-06-22,C0080,South,Pen Set,Stationery,250,110,1,0.1,70,250,225.0,180,45.0,2025-06,Low (1-10%)
O03609,2025-06-22,C0269,South,Desk,Furniture,9000,6300,4,0.05,150,36000,34200.0,25350,8850.0,2025-06,Low (1-10%)
O03645,2025-06-22,C2330,South,Backpack,Accessories,1800,850,4,0.0,70,7200,7200.0,3470,3730.0,2025-06,None
O03785,2025-06-22,C1059,South,Backpack,Accessories,1800,850,2,0.2,40,3600,2880.0,1740,1140.0,2025-06,High (>10%)
O04306,2025-06-22,C1436,North,Pen Set,Stationery,250,110,3,0.05,70,750,712.5,400,312.5,2025-06,Low (1-10%)
O04541,2025-06-22,C2155,North,Desk,Furniture,9000,6300,1,0.0,70,9000,9000.0,6370,2630.0,2025-06,None
O05653,2025-06-22,C0120,South,Laptop,Electronics,50000,41000,1,0.2,150,50000,40000.0,41150,-1150.0,2025-06,High (>10%)
O05678,2025-06-22,C0436,East,Keyboard,Electronics,1800,1000,2,0.0,70,3600,3600.0,2070,1530.0,2025-06,None
O05747,2025-06-22,C0098,South,Office Chair,Furniture,6500,4300,3,0.05,40,19500,18525.0,12940,5585.0,2025-06,Low (1-10%)
O05891,2025-06-22,C1241,West,Notebook,Stationery,150,65,2,0.1,100,300,270.0,230,40.0,2025-06,Low (1-10%)
O00046,2025-06-23,C0333,North,Backpack,Accessories,1800,850,4,0.0,100,7200,7200.0,3500,3700.0,2025-06,None
O00231,2025-06-23,C0185,North,Office Chair,Furniture,6500,4300,4,0.0,150,26000,26000.0,17350,8650.0,2025-06,None
O00563,2025-06-23,C1741,North,Office Chair,Furniture,6500,4300,4,0.05,40,26000,24700.0,17240,7460.0,2025-06,Low (1-10%)
O00603,2025-06-23,C2341,East,Notebook,Stationery,150,65,3,0.0,40,450,450.0,235,215.0,2025-06,None
O01191,2025-06-23,C1929,West,Office Chair,Furniture,6500,4300,4,0.3,100,26000,18200.0,17300,900.0,2025-06,High (>10%)
O01440,2025-06-23,C1124,South,Backpack,Accessories,1800,850,3,0.0,70,5400,5400.0,2620,2780.0,2025-06,None
O01475,2025-06-23,C2292,South,Backpack,Accessories,1800,850,4,0.0,100,7200,7200.0,3500,3700.0,2025-06,None
O01662,2025-06-23,C1235,East,Desk,Furniture,9000,6300,4,0.2,70,36000,28800.0,25270,3530.0,2025-06,High (>10%)
O01824,2025-06-23,C1507,South,Backpack,Accessories,1800,850,3,0.2,70,5400,4320.0,2620,1700.0,2025-06,High (>10%)
O02290,2025-06-23,C2130,North,Office Chair,Furniture,6500,4300,3,0.05,100,19500,18525.0,13000,5525.0,2025-06,Low (1-10%)
O02308,2025-06-23,C1447,West,Headphones,Electronics,2500,1350,2,0.0,70,5000,5000.0,2770,2230.0,2025-06,None
O02486,2025-06-23,C1759,South,Keyboard,Electronics,1800,1000,4,0.3,40,7200,5040.0,4040,1000.0,2025-06,High (>10%)
O02668,2025-06-23,C1645,West,Backpack,Accessories,1800,850,4,0.3,70,7200,5040.0,3470,1570.0,2025-06,High (>10%)
O02734,2025-06-23,C0424,North,Headphones,Electronics,2500,1350,2,0.2,150,5000,4000.0,2850,1150.0,2025-06,High (>10%)
O02815,2025-06-23,C1871,South,Headphones,Electronics,2500,1350,1,0.1,70,2500,2250.0,1420,830.0,2025-06,Low (1-10%)
O03103,2025-06-23,C1422,South,Laptop,Electronics,50000,41000,2,0.0,40,100000,100000.0,82040,17960.0,2025-06,None
O03235,2025-06-23,C1273,West,Desk,Furniture,9000,6300,3,0.05,70,27000,25650.0,18970,6680.0,2025-06,Low (1-10%)
O03513,2025-06-23,C1459,North,Headphones,Electronics,2500,1350,3,0.2,100,7500,6000.0,4150,1850.0,2025-06,High (>10%)
O03850,2025-06-23,C2114,East,Headphones,Electronics,2500,1350,3,0.0,70,7500,7500.0,4120,3380.0,2025-06,None
O03895,2025-06-23,C0030,East,Desk,Furniture,9000,6300,2,0.3,150,18000,12600.0,12750,-150.0,2025-06,High (>10%)
O04155,2025-06-23,C2016,West,Headphones,Electronics,2500,1350,4,0.05,40,10000,9500.0,5440,4060.0,2025-06,Low (1-10%)
O04701,2025-06-23,C1768,West,Backpack,Accessories,1800,850,2,0.05,40,3600,3420.0,1740,1680.0,2025-06,Low (1-10%)
O04891,2025-06-23,C1938,West,Pen Set,Stationery,250,110,3,0.1,70,750,675.0,400,275.0,2025-06,Low (1-10%)
O05015,2025-06-23,C1503,West,Notebook,Stationery,150,65,1,0.0,150,150,150.0,215,-65.0,2025-06,None
O05063,2025-06-23,C1064,East,Desk,Furniture,9000,6300,1,0.2,150,9000,7200.0,6450,750.0,2025-06,High (>10%)
O05200,2025-06-23,C1027,South,Backpack,Accessories,1800,850,2,0.0,150,3600,3600.0,1850,1750.0,2025-06,None
O05215,2025-06-23,C0087,South,Pen Set,Stationery,250,110,3,0.05,40,750,712.5,370,342.5,2025-06,Low (1-10%)
O05947,2025-06-23,C2116,North,Keyboard,Electronics,1800,1000,2,0.0,40,3600,3600.0,2040,1560.0,2025-06,None
O00349,2025-06-24,C1960,East,Headphones,Electronics,2500,1350,4,0.0,70,10000,10000.0,5470,4530.0,2025-06,None
O00528,2025-06-24,C1762,North,Headphones,Electronics,2500,1350,2,0.0,70,5000,5000.0,2770,2230.0,2025-06,None
O00598,2025-06-24,C0698,South,Pen Set,Stationery,250,110,1,0.05,40,250,237.5,150,87.5,2025-06,Low (1-10%)
O00799,2025-06-24,C1349,North,Keyboard,Electronics,1800,1000,4,0.3,40,7200,5040.0,4040,1000.0,2025-06,High (>10%)
O01325,2025-06-24,C0817,North,Pen Set,Stationery,250,110,2,0.3,150,500,350.0,370,-20.0,2025-06,High (>10%)
O01523,2025-06-24,C0665,North,Headphones,Electronics,2500,1350,2,0.0,150,5000,5000.0,2850,2150.0,2025-06,None
O02181,2025-06-24,C0968,North,Notebook,Stationery,150,65,3,0.0,150,450,450.0,345,105.0,2025-06,None
O02256,2025-06-24,C1148,North,Notebook,Stationery,150,65,2,0.0,70,300,300.0,200,100.0,2025-06,None
O02544,2025-06-24,C2296,West,Office Chair,Furniture,6500,4300,4,0.2,70,26000,20800.0,17270,3530.0,2025-06,High (>10%)
O02994,2025-06-24,C0831,South,Pen Set,Stationery,250,110,3,0.2,40,750,600.0,370,230.0,2025-06,High (>10%)
O03257,2025-06-24,C2390,East,Headphones,Electronics,2500,1350,1,0.0,40,2500,2500.0,1390,1110.0,2025-06,None
O03396,2025-06-24,C2076,South,Pen Set,Stationery,250,110,1,0.0,100,250,250.0,210,40.0,2025-06,None
O03401,2025-06-24,C2400,East,Pen Set,Stationery,250,110,4,0.1,150,1000,900.0,590,310.0,2025-06,Low (1-10%)
O03596,2025-06-24,C2190,East,Keyboard,Electronics,1800,1000,2,0.05,150,3600,3420.0,2150,1270.0,2025-06,Low (1-10%)
O04268,2025-06-24,C2061,South,Backpack,Accessories,1800,850,1,0.0,100,1800,1800.0,950,850.0,2025-06,None
O04502,2025-06-24,C0987,South,Desk,Furniture,9000,6300,3,0.0,70,27000,27000.0,18970,8030.0,2025-06,None
O04875,2025-06-24,C0998,South,Headphones,Electronics,2500,1350,2,0.05,100,5000,4750.0,2800,1950.0,2025-06,Low (1-10%)
O05645,2025-06-24,C1898,North,Desk,Furniture,9000,6300,3,0.05,100,27000,25650.0,19000,6650.0,2025-06,Low (1-10%)
O05752,2025-06-24,C0761,North,Headphones,Electronics,2500,1350,1,0.0,150,2500,2500.0,1500,1000.0,2025-06,None
O05775,2025-06-24,C0665,West,Office Chair,Furniture,6500,4300,3,0.0,100,19500,19500.0,13000,6500.0,2025-06,None
O05851,2025-06-24,C1546,South,Headphones,Electronics,2500,1350,4,0.0,150,10000,10000.0,5550,4450.0,2025-06,None
O00716,2025-06-25,C2357,South,Pen Set,Stationery,250,110,2,0.2,100,500,400.0,320,80.0,2025-06,High (>10%)
O01094,2025-06-25,C0089,East,Office Chair,Furniture,6500,4300,3,0.1,40,19500,17550.0,12940,4610.0,2025-06,Low (1-10%)
O01513,2025-06-25,C0905,North,Notebook,Stationery,150,65,3,0.05,70,450,427.5,265,162.5,2025-06,Low (1-10%)
O02058,2025-06-25,C1531,North,Notebook,Stationery,150,65,3,0.3,70,450,315.0,265,50.0,2025-06,High (>10%)
O02090,2025-06-25,C2405,South,Laptop,Electronics,50000,41000,4,0.05,40,200000,190000.0,164040,25960.0,2025-06,Low (1-10%)
O03068,2025-06-25,C0114,West,Notebook,Stationery,150,65,4,0.0,100,600,600.0,360,240.0,2025-06,None
O03525,2025-06-25,C1872,East,Keyboard,Electronics,1800,1000,1,0.2,150,1800,1440.0,1150,290.0,2025-06,High (>10%)
O03792,2025-06-25,C1640,North,Headphones,Electronics,2500,1350,4,0.05,150,10000,9500.0,5550,3950.0,2025-06,Low (1-10%)
O04450,2025-06-25,C0670,North,Backpack,Accessories,1800,850,3,0.1,100,5400,4860.0,2650,2210.0,2025-06,Low (1-10%)
O04729,2025-06-25,C0951,North,Laptop,Electronics,50000,41000,3,0.0,40,150000,150000.0,123040,26960.0,2025-06,None
O05077,2025-06-25,C1858,North,Keyboard,Electronics,1800,1000,3,0.2,40,5400,4320.0,3040,1280.0,2025-06,High (>10%)
O00311,2025-06-26,C0525,North,Notebook,Stationery,150,65,4,0.0,100,600,600.0,360,240.0,2025-06,None
O00460,2025-06-26,C1085,West,Laptop,Electronics,50000,41000,4,0.1,100,200000,180000.0,164100,15900.0,2025-06,Low (1-10%)
O00554,2025-06-26,C0526,North,Keyboard,Electronics,1800,1000,1,0.1,150,1800,1620.0,1150,470.0,2025-06,Low (1-10%)
O00663,2025-06-26,C0201,North,Laptop,Electronics,50000,41000,2,0.1,70,100000,90000.0,82070,7930.0,2025-06,Low (1-10%)
O00765,2025-06-26,C0914,South,Keyboard,Electronics,1800,1000,1,0.05,150,1800,1710.0,1150,560.0,2025-06,Low (1-10%)
O00937,2025-06-26,C1546,North,Headphones,Electronics,2500,1350,1,0.0,40,2500,2500.0,1390,1110.0,2025-06,None
O01060,2025-06-26,C0210,West,Keyboard,Electronics,1800,1000,2,0.05,150,3600,3420.0,2150,1270.0,2025-06,Low (1-10%)
O01061,2025-06-26,C0729,West,Pen Set,Stationery,250,110,1,0.05,70,250,237.5,180,57.5,2025-06,Low (1-10%)
O01136,2025-06-26,C1255,North,Laptop,Electronics,50000,41000,3,0.2,100,150000,120000.0,123100,-3100.0,2025-06,High (>10%)
O01176,2025-06-26,C2417,East,Keyboard,Electronics,1800,1000,2,0.0,40,3600,3600.0,2040,1560.0,2025-06,None
O01397,2025-06-26,C1241,North,Desk,Furniture,9000,6300,2,0.05,150,18000,17100.0,12750,4350.0,2025-06,Low (1-10%)
O01785,2025-06-26,C2439,West,Notebook,Stationery,150,65,4,0.0,40,600,600.0,300,300.0,2025-06,None
O02240,2025-06-26,C1630,North,Backpack,Accessories,1800,850,4,0.1,40,7200,6480.0,3440,3040.0,2025-06,Low (1-10%)
O02368,2025-06-26,C0893,West,Headphones,Electronics,2500,1350,1,0.0,70,2500,2500.0,1420,1080.0,2025-06,None
O03508,2025-06-26,C2122,South,Pen Set,Stationery,250,110,3,0.1,70,750,675.0,400,275.0,2025-06,Low (1-10%)
O03869,2025-06-26,C0645,North,Headphones,Electronics,2500,1350,1,0.05,150,2500,2375.0,1500,875.0,2025-06,Low (1-10%)
O04296,2025-06-26,C0517,North,Backpack,Accessories,1800,850,2,0.05,40,3600,3420.0,1740,1680.0,2025-06,Low (1-10%)
O05035,2025-06-26,C0577,South,Laptop,Electronics,50000,41000,3,0.1,70,150000,135000.0,123070,11930.0,2025-06,Low (1-10%)
O05980,2025-06-26,C0967,East,Desk,Furniture,9000,6300,4,0.2,100,36000,28800.0,25300,3500.0,2025-06,High (>10%)
O05983,2025-06-26,C2286,West,Backpack,Accessories,1800,850,4,0.05,150,7200,6840.0,3550,3290.0,2025-06,Low (1-10%)
O00387,2025-06-27,C1341,West,Laptop,Electronics,50000,41000,4,0.3,40,200000,140000.0,164040,-24040.0,2025-06,High (>10%)
O00590,2025-06-27,C0330,North,Pen Set,Stationery,250,110,4,0.0,100,1000,1000.0,540,460.0,2025-06,None
O00631,2025-06-27,C0026,West,Notebook,Stationery,150,65,4,0.0,70,600,600.0,330,270.0,2025-06,None
O01368,2025-06-27,C2062,South,Office Chair,Furniture,6500,4300,4,0.2,100,26000,20800.0,17300,3500.0,2025-06,High (>10%)
O02121,2025-06-27,C1104,West,Pen Set,Stationery,250,110,3,0.2,100,750,600.0,430,170.0,2025-06,High (>10%)
O02473,2025-06-27,C2388,North,Office Chair,Furniture,6500,4300,2,0.05,100,13000,12350.0,8700,3650.0,2025-06,Low (1-10%)
O02718,2025-06-27,C0691,East,Notebook,Stationery,150,65,3,0.2,100,450,360.0,295,65.0,2025-06,High (>10%)
O03856,2025-06-27,C1101,East,Notebook,Stationery,150,65,2,0.2,40,300,240.0,170,70.0,2025-06,High (>10%)
O03926,2025-06-27,C1728,North,Desk,Furniture,9000,6300,2,0.0,150,18000,18000.0,12750,5250.0,2025-06,None
O04036,2025-06-27,C1775,East,Laptop,Electronics,50000,41000,2,0.05,70,100000,95000.0,82070,12930.0,2025-06,Low (1-10%)
O04323,2025-06-27,C1423,East,Office Chair,Furniture,6500,4300,1,0.2,70,6500,5200.0,4370,830.0,2025-06,High (>10%)
O00025,2025-06-28,C2301,Unknown,Pen Set,Stationery,250,110,2,0.2,150,500,400.0,370,30.0,2025-06,High (>10%)
O00103,2025-06-28,C0376,South,Pen Set,Stationery,250,110,1,0.0,70,250,250.0,180,70.0,2025-06,None
O00508,2025-06-28,C0893,North,Headphones,Electronics,2500,1350,1,0.05,70,2500,2375.0,1420,955.0,2025-06,Low (1-10%)
O01841,2025-06-28,C1517,East,Office Chair,Furniture,6500,4300,2,0.0,40,13000,13000.0,8640,4360.0,2025-06,None
O02219,2025-06-28,C1100,South,Keyboard,Electronics,1800,1000,3,0.2,150,5400,4320.0,3150,1170.0,2025-06,High (>10%)
O02369,2025-06-28,C0569,East,Headphones,Electronics,2500,1350,4,0.3,150,10000,7000.0,5550,1450.0,2025-06,High (>10%)
O02896,2025-06-28,C0924,North,Desk,Furniture,9000,6300,1,0.1,70,9000,8100.0,6370,1730.0,2025-06,Low (1-10%)
O03158,2025-06-28,C0046,East,Backpack,Accessories,1800,850,2,0.3,150,3600,2520.0,1850,670.0,2025-06,High (>10%)
O03553,2025-06-28,C1123,East,Backpack,Accessories,1800,850,1,0.3,100,1800,1260.0,950,310.0,2025-06,High (>10%)
O03987,2025-06-28,C0834,West,Keyboard,Electronics,1800,1000,1,0.0,70,1800,1800.0,1070,730.0,2025-06,None
O04037,2025-06-28,C0743,West,Notebook,Stationery,150,65,4,0.1,40,600,540.0,300,240.0,2025-06,Low (1-10%)
O04105,2025-06-28,C2381,South,Laptop,Electronics,50000,41000,4,0.0,70,200000,200000.0,164070,35930.0,2025-06,None
O04154,2025-06-28,C0023,East,Backpack,Accessories,1800,850,1,0.2,70,1800,1440.0,920,520.0,2025-06,High (>10%)
O04540,2025-06-28,C0874,West,Pen Set,Stationery,250,110,3,0.3,40,750,525.0,370,155.0,2025-06,High (>10%)
O04743,2025-06-28,C1040,East,Office Chair,Furniture,6500,4300,1,0.3,70,6500,4550.0,4370,180.0,2025-06,High (>10%)
O04844,2025-06-28,C2108,East,Headphones,Electronics,2500,1350,3,0.1,150,7500,6750.0,4200,2550.0,2025-06,Low (1-10%)
O05178,2025-06-28,C1216,West,Office Chair,Furniture,6500,4300,3,0.05,40,19500,18525.0,12940,5585.0,2025-06,Low (1-10%)
O05277,2025-06-28,C0028,East,Headphones,Electronics,2500,1350,2,0.2,150,5000,4000.0,2850,1150.0,2025-06,High (>10%)
O05471,2025-06-28,C0189,South,Desk,Furniture,9000,6300,2,0.0,40,18000,18000.0,12640,5360.0,2025-06,None
O00366,2025-06-29,C2029,North,Desk,Furniture,9000,6300,4,0.05,70,36000,34200.0,25270,8930.0,2025-06,Low (1-10%)
O00588,2025-06-29,C2478,South,Laptop,Electronics,50000,41000,3,0.0,70,150000,150000.0,123070,26930.0,2025-06,None
O01552,2025-06-29,C0963,North,Pen Set,Stationery,250,110,4,0.0,40,1000,1000.0,480,520.0,2025-06,None
O01563,2025-06-29,C0170,West,Headphones,Electronics,2500,1350,1,0.0,150,2500,2500.0,1500,1000.0,2025-06,None
O01595,2025-06-29,C2442,West,Notebook,Stationery,150,65,1,0.1,70,150,135.0,135,0.0,2025-06,Low (1-10%)
O02107,2025-06-29,C2468,West,Pen Set,Stationery,250,110,3,0.05,100,750,712.5,430,282.5,2025-06,Low (1-10%)
O02303,2025-06-29,C0203,West,Desk,Furniture,9000,6300,3,0.05,70,27000,25650.0,18970,6680.0,2025-06,Low (1-10%)
O02709,2025-06-29,C0293,South,Notebook,Stationery,150,65,3,0.3,70,450,315.0,265,50.0,2025-06,High (>10%)
O02821,2025-06-29,C2027,West,Desk,Furniture,9000,6300,1,0.1,100,9000,8100.0,6400,1700.0,2025-06,Low (1-10%)
O03582,2025-06-29,C1783,North,Pen Set,Stationery,250,110,3,0.2,150,750,600.0,480,120.0,2025-06,High (>10%)
O05629,2025-06-29,C1480,East,Office Chair,Furniture,6500,4300,3,0.05,40,19500,18525.0,12940,5585.0,2025-06,Low (1-10%)
O05770,2025-06-29,C1250,South,Desk,Furniture,9000,6300,2,0.3,40,18000,12600.0,12640,-40.0,2025-06,High (>10%)
O00112,2025-06-30,C0096,South,Pen Set,Stationery,250,110,4,0.3,40,1000,700.0,480,220.0,2025-06,High (>10%)
O00710,2025-06-30,C0685,East,Office Chair,Furniture,6500,4300,1,0.2,150,6500,5200.0,4450,750.0,2025-06,High (>10%)
O01958,2025-06-30,C1966,South,Desk,Furniture,9000,6300,1,0.0,100,9000,9000.0,6400,2600.0,2025-06,None
O02014,2025-06-30,C2029,North,Backpack,Accessories,1800,850,4,0.1,40,7200,6480.0,3440,3040.0,2025-06,Low (1-10%)
O02380,2025-06-30,C1648,North,Notebook,Stationery,150,65,1,0.05,40,150,142.5,105,37.5,2025-06,Low (1-10%)
O02895,2025-06-30,C0922,North,Keyboard,Electronics,1800,1000,1,0.05,150,1800,1710.0,1150,560.0,2025-06,Low (1-10%)
O02950,2025-06-30,C0969,South,Desk,Furniture,9000,6300,3,0.0,150,27000,27000.0,19050,7950.0,2025-06,None
O02996,2025-06-30,C1256,West,Notebook,Stationery,150,65,4,0.1,150,600,540.0,410,130.0,2025-06,Low (1-10%)
O03088,2025-06-30,C2441,North,Headphones,Electronics,2500,1350,4,0.0,40,10000,10000.0,5440,4560.0,2025-06,None
O04441,2025-06-30,C2372,East,Keyboard,Electronics,1800,1000,4,0.0,100,7200,7200.0,4100,3100.0,2025-06,None
O04641,2025-06-30,C2427,North,Pen Set,Stationery,250,110,4,0.2,150,1000,800.0,590,210.0,2025-06,High (>10%)
O05516,2025-06-30,C0416,East,Notebook,Stationery,150,65,4,0.0,150,600,600.0,410,190.0,2025-06,None
O05765,2025-06-30,C2005,North,Keyboard,Electronics,1800,1000,4,0.0,70,7200,7200.0,4070,3130.0,2025-06,None
O00596,2025-07-01,C1611,South,Pen Set,Stationery,250,110,1,0.0,150,250,250.0,260,-10.0,2025-07,None
O00807,2025-07-01,C0206,East,Desk,Furniture,9000,6300,3,0.2,100,27000,21600.0,19000,2600.0,2025-07,High (>10%)
O00980,2025-07-01,C2478,North,Desk,Furniture,9000,6300,4,0.1,40,36000,32400.0,25240,7160.0,2025-07,Low (1-10%)
O01014,2025-07-01,C2357,North,Keyboard,Electronics,1800,1000,4,0.1,150,7200,6480.0,4150,2330.0,2025-07,Low (1-10%)
O01114,2025-07-01,C2136,West,Keyboard,Electronics,1800,1000,4,0.05,40,7200,6840.0,4040,2800.0,2025-07,Low (1-10%)
O01870,2025-07-01,C1610,West,Pen Set,Stationery,250,110,2,0.1,150,500,450.0,370,80.0,2025-07,Low (1-10%)
O01878,2025-07-01,C0170,South,Backpack,Accessories,1800,850,3,0.1,100,5400,4860.0,2650,2210.0,2025-07,Low (1-10%)
O01934,2025-07-01,C1345,South,Backpack,Accessories,1800,850,3,0.0,40,5400,5400.0,2590,2810.0,2025-07,None
O02535,2025-07-01,C0818,North,Pen Set,Stationery,250,110,4,0.05,100,1000,950.0,540,410.0,2025-07,Low (1-10%)
O03184,2025-07-01,C2265,East,Laptop,Electronics,50000,41000,3,0.0,100,150000,150000.0,123100,26900.0,2025-07,None
O05651,2025-07-01,C1466,South,Backpack,Accessories,1800,850,2,0.0,150,3600,3600.0,1850,1750.0,2025-07,None
O05926,2025-07-01,C1766,East,Laptop,Electronics,50000,41000,2,0.1,70,100000,90000.0,82070,7930.0,2025-07,Low (1-10%)
O00533,2025-07-02,C0462,West,Headphones,Electronics,2500,1350,2,0.0,70,5000,5000.0,2770,2230.0,2025-07,None
O00843,2025-07-02,C1553,North,Backpack,Accessories,1800,850,2,0.05,100,3600,3420.0,1800,1620.0,2025-07,Low (1-10%)
O01206,2025-07-02,C0680,South,Backpack,Accessories,1800,850,3,0.2,100,5400,4320.0,2650,1670.0,2025-07,High (>10%)
O01213,2025-07-02,C1523,North,Office Chair,Furniture,6500,4300,4,0.3,100,26000,18200.0,17300,900.0,2025-07,High (>10%)
O01553,2025-07-02,C2077,West,Desk,Furniture,9000,6300,1,0.1,70,9000,8100.0,6370,1730.0,2025-07,Low (1-10%)
O02228,2025-07-02,C1329,East,Backpack,Accessories,1800,850,4,0.2,100,7200,5760.0,3500,2260.0,2025-07,High (>10%)
O02447,2025-07-02,C1984,West,Pen Set,Stationery,250,110,1,0.0,40,250,250.0,150,100.0,2025-07,None
O03141,2025-07-02,C0285,South,Office Chair,Furniture,6500,4300,3,0.05,150,19500,18525.0,13050,5475.0,2025-07,Low (1-10%)
O03415,2025-07-02,C1659,East,Desk,Furniture,9000,6300,4,0.2,70,36000,28800.0,25270,3530.0,2025-07,High (>10%)
O03636,2025-07-02,C1649,East,Office Chair,Furniture,6500,4300,1,0.0,150,6500,6500.0,4450,2050.0,2025-07,None
O03802,2025-07-02,C0898,East,Desk,Furniture,9000,6300,1,0.1,100,9000,8100.0,6400,1700.0,2025-07,Low (1-10%)
O04272,2025-07-02,C1049,East,Desk,Furniture,9000,6300,4,0.0,70,36000,36000.0,25270,10730.0,2025-07,None
O04325,2025-07-02,C0492,East,Backpack,Accessories,1800,850,1,0.1,100,1800,1620.0,950,670.0,2025-07,Low (1-10%)
O04333,2025-07-02,C1971,South,Pen Set,Stationery,250,110,3,0.1,100,750,675.0,430,245.0,2025-07,Low (1-10%)
O04981,2025-07-02,C0852,South,Backpack,Accessories,1800,850,2,0.3,100,3600,2520.0,1800,720.0,2025-07,High (>10%)
O05146,2025-07-02,C2007,West,Pen Set,Stationery,250,110,3,0.0,40,750,750.0,370,380.0,2025-07,None
O05853,2025-07-02,C0630,East,Keyboard,Electronics,1800,1000,1,0.05,70,1800,1710.0,1070,640.0,2025-07,Low (1-10%)
O05962,2025-07-02,C1332,North,Desk,Furniture,9000,6300,4,0.05,40,36000,34200.0,25240,8960.0,2025-07,Low (1-10%)
O00690,2025-07-03,C0711,North,Pen Set,Stationery,250,110,3,0.0,40,750,750.0,370,380.0,2025-07,None
O00943,2025-07-03,C0156,West,Backpack,Accessories,1800,850,3,0.05,70,5400,5130.0,2620,2510.0,2025-07,Low (1-10%)
O01124,2025-07-03,C0882,North,Headphones,Electronics,2500,1350,4,0.0,40,10000,10000.0,5440,4560.0,2025-07,None
O01313,2025-07-03,C0334,South,Pen Set,Stationery,250,110,3,0.2,40,750,600.0,370,230.0,2025-07,High (>10%)
O02274,2025-07-03,C0340,North,Office Chair,Furniture,6500,4300,4,0.0,150,26000,26000.0,17350,8650.0,2025-07,None
O02517,2025-07-03,C2243,West,Notebook,Stationery,150,65,3,0.0,40,450,450.0,235,215.0,2025-07,None
O02773,2025-07-03,C1045,South,Headphones,Electronics,2500,1350,1,0.2,40,2500,2000.0,1390,610.0,2025-07,High (>10%)
O03069,2025-07-03,C0644,North,Headphones,Electronics,2500,1350,1,0.0,40,2500,2500.0,1390,1110.0,2025-07,None
O03070,2025-07-03,C0835,East,Laptop,Electronics,50000,41000,2,0.1,70,100000,90000.0,82070,7930.0,2025-07,Low (1-10%)
O03522,2025-07-03,C0879,South,Keyboard,Electronics,1800,1000,4,0.3,100,7200,5040.0,4100,940.0,2025-07,High (>10%)
O03524,2025-07-03,C2356,North,Headphones,Electronics,2500,1350,4,0.3,40,10000,7000.0,5440,1560.0,2025-07,High (>10%)
O03589,2025-07-03,C2152,South,Notebook,Stationery,150,65,4,0.2,70,600,480.0,330,150.0,2025-07,High (>10%)
O04140,2025-07-03,C2452,West,Desk,Furniture,9000,6300,1,0.05,150,9000,8550.0,6450,2100.0,2025-07,Low (1-10%)
O04579,2025-07-03,C1837,West,Keyboard,Electronics,1800,1000,1,0.0,100,1800,1800.0,1100,700.0,2025-07,None
O04819,2025-07-03,C1710,North,Desk,Furniture,9000,6300,4,0.1,70,36000,32400.0,25270,7130.0,2025-07,Low (1-10%)
O05199,2025-07-03,C0154,West,Desk,Furniture,9000,6300,3,0.2,70,27000,21600.0,18970,2630.0,2025-07,High (>10%)
O00119,2025-07-04,C0273,East,Headphones,Electronics,2500,1350,4,0.05,70,10000,9500.0,5470,4030.0,2025-07,Low (1-10%)
O00271,2025-07-04,C2095,North,Keyboard,Electronics,1800,1000,1,0.0,150,1800,1800.0,1150,650.0,2025-07,None
O00658,2025-07-04,C1008,North,Notebook,Stationery,150,65,3,0.0,70,450,450.0,265,185.0,2025-07,None
O00818,2025-07-04,C1623,North,Laptop,Electronics,50000,41000,2,0.0,150,100000,100000.0,82150,17850.0,2025-07,None
O01050,2025-07-04,C0857,East,Laptop,Electronics,50000,41000,3,0.1,150,150000,135000.0,123150,11850.0,2025-07,Low (1-10%)
O01241,2025-07-04,C1457,North,Desk,Furniture,9000,6300,2,0.1,70,18000,16200.0,12670,3530.0,2025-07,Low (1-10%)
O01279,2025-07-04,C0136,North,Laptop,Electronics,50000,41000,1,0.1,70,50000,45000.0,41070,3930.0,2025-07,Low (1-10%)
O01607,2025-07-04,C2114,South,Headphones,Electronics,2500,1350,3,0.3,150,7500,5250.0,4200,1050.0,2025-07,High (>10%)
O01703,2025-07-04,C2086,North,Notebook,Stationery,150,65,4,0.1,100,600,540.0,360,180.0,2025-07,Low (1-10%)
O01811,2025-07-04,C1619,South,Headphones,Electronics,2500,1350,2,0.05,150,5000,4750.0,2850,1900.0,2025-07,Low (1-10%)
O03174,2025-07-04,C0365,South,Keyboard,Electronics,1800,1000,3,0.2,40,5400,4320.0,3040,1280.0,2025-07,High (>10%)
O03249,2025-07-04,C2468,South,Headphones,Electronics,2500,1350,2,0.0,70,5000,5000.0,2770,2230.0,2025-07,None
O03438,2025-07-04,C1923,North,Notebook,Stationery,150,65,3,0.0,40,450,450.0,235,215.0,2025-07,None
O03722,2025-07-04,C1533,North,Desk,Furniture,9000,6300,4,0.05,40,36000,34200.0,25240,8960.0,2025-07,Low (1-10%)
O03796,2025-07-04,C0186,East,Keyboard,Electronics,1800,1000,4,0.0,150,7200,7200.0,4150,3050.0,2025-07,None
O04034,2025-07-04,C1910,North,Keyboard,Electronics,1800,1000,4,0.05,70,7200,6840.0,4070,2770.0,2025-07,Low (1-10%)
O04148,2025-07-04,C1123,North,Pen Set,Stationery,250,110,2,0.0,100,500,500.0,320,180.0,2025-07,None
O04240,2025-07-04,C1814,North,Headphones,Electronics,2500,1350,4,0.0,70,10000,10000.0,5470,4530.0,2025-07,None
O04358,2025-07-04,C1349,North,Keyboard,Electronics,1800,1000,4,0.05,100,7200,6840.0,4100,2740.0,2025-07,Low (1-10%)
O04813,2025-07-04,C0745,East,Desk,Furniture,9000,6300,1,0.1,150,9000,8100.0,6450,1650.0,2025-07,Low (1-10%)
O04873,2025-07-04,C0702,West,Laptop,Electronics,50000,41000,2,0.3,40,100000,70000.0,82040,-12040.0,2025-07,High (>10%)
O05004,2025-07-04,C1945,North,Notebook,Stationery,150,65,4,0.0,100,600,600.0,360,240.0,2025-07,None
O05491,2025-07-04,C1829,East,Office Chair,Furniture,6500,4300,1,0.2,40,6500,5200.0,4340,860.0,2025-07,High (>10%)
O05641,2025-07-04,C0145,East,Pen Set,Stationery,250,110,3,0.0,150,750,750.0,480,270.0,2025-07,None
O00360,2025-07-05,C1077,North,Notebook,Stationery,150,65,1,0.0,100,150,150.0,165,-15.0,2025-07,None
O00750,2025-07-05,C0711,North,Headphones,Electronics,2500,1350,3,0.05,150,7500,7125.0,4200,2925.0,2025-07,Low (1-10%)
O01692,2025-07-05,C0200,South,Backpack,Accessories,1800,850,2,0.3,70,3600,2520.0,1770,750.0,2025-07,High (>10%)
O02270,2025-07-05,C0774,North,Backpack,Accessories,1800,850,2,0.05,150,3600,3420.0,1850,1570.0,2025-07,Low (1-10%)
O02488,2025-07-05,C2051,West,Laptop,Electronics,50000,41000,1,0.0,70,50000,50000.0,41070,8930.0,2025-07,None
O02541,2025-07-05,C0667,West,Keyboard,Electronics,1800,1000,3,0.0,100,5400,5400.0,3100,2300.0,2025-07,None
O02553,2025-07-05,C0204,South,Headphones,Electronics,2500,1350,1,0.1,150,2500,2250.0,1500,750.0,2025-07,Low (1-10%)
O02805,2025-07-05,C0420,East,Headphones,Electronics,2500,1350,4,0.0,70,10000,10000.0,5470,4530.0,2025-07,None
O03528,2025-07-05,C0704,North,Laptop,Electronics,50000,41000,1,0.2,70,50000,40000.0,41070,-1070.0,2025-07,High (>10%)
O03626,2025-07-05,C1754,South,Notebook,Stationery,150,65,4,0.05,100,600,570.0,360,210.0,2025-07,Low (1-10%)
O04119,2025-07-05,C1419,South,Headphones,Electronics,2500,1350,3,0.2,70,7500,6000.0,4120,1880.0,2025-07,High (>10%)
O04259,2025-07-05,C2437,North,Desk,Furniture,9000,6300,3,0.0,150,27000,27000.0,19050,7950.0,2025-07,None
O04494,2025-07-05,C0387,South,Keyboard,Electronics,1800,1000,1,0.1,70,1800,1620.0,1070,550.0,2025-07,Low (1-10%)
O05610,2025-07-05,C1955,West,Laptop,Electronics,50000,41000,1,0.2,70,50000,40000.0,41070,-1070.0,2025-07,High (>10%)
O05627,2025-07-05,C0015,East,Office Chair,Furniture,6500,4300,3,0.0,40,19500,19500.0,12940,6560.0,2025-07,None
O05905,2025-07-05,C1192,South,Headphones,Electronics,2500,1350,4,0.3,40,10000,7000.0,5440,1560.0,2025-07,High (>10%)
O00503,2025-07-06,C0461,East,Backpack,Accessories,1800,850,4,0.1,100,7200,6480.0,3500,2980.0,2025-07,Low (1-10%)
O00826,2025-07-06,C1086,North,Laptop,Electronics,50000,41000,4,0.1,150,200000,180000.0,164150,15850.0,2025-07,Low (1-10%)
O01117,2025-07-06,C1461,West,Backpack,Accessories,1800,850,1,0.1,70,1800,1620.0,920,700.0,2025-07,Low (1-10%)
O01488,2025-07-06,C0022,North,Laptop,Electronics,50000,41000,3,0.1,100,150000,135000.0,123100,11900.0,2025-07,Low (1-10%)
O01504,2025-07-06,C0678,East,Keyboard,Electronics,1800,1000,4,0.3,40,7200,5040.0,4040,1000.0,2025-07,High (>10%)
O01781,2025-07-06,C0693,South,Laptop,Electronics,50000,41000,4,0.2,70,200000,160000.0,164070,-4070.0,2025-07,High (>10%)
O01822,2025-07-06,C1868,North,Pen Set,Stationery,250,110,4,0.0,100,1000,1000.0,540,460.0,2025-07,None
O01866,2025-07-06,C1435,North,Office Chair,Furniture,6500,4300,1,0.05,40,6500,6175.0,4340,1835.0,2025-07,Low (1-10%)
O02062,2025-07-06,C0003,South,Desk,Furniture,9000,6300,4,0.0,150,36000,36000.0,25350,10650.0,2025-07,None
O02268,2025-07-06,C1056,East,Notebook,Stationery,150,65,1,0.2,100,150,120.0,165,-45.0,2025-07,High (>10%)
O02289,2025-07-06,C1981,South,Backpack,Accessories,1800,850,4,0.2,70,7200,5760.0,3470,2290.0,2025-07,High (>10%)
O02527,2025-07-06,C0524,North,Office Chair,Furniture,6500,4300,1,0.2,40,6500,5200.0,4340,860.0,2025-07,High (>10%)
O02532,2025-07-06,C0137,North,Pen Set,Stationery,250,110,2,0.0,150,500,500.0,370,130.0,2025-07,None
O02678,2025-07-06,C0331,West,Backpack,Accessories,1800,850,3,0.1,150,5400,4860.0,2700,2160.0,2025-07,Low (1-10%)
O02746,2025-07-06,C1341,West,Office Chair,Furniture,6500,4300,4,0.3,40,26000,18200.0,17240,960.0,2025-07,High (>10%)
O02771,2025-07-06,C0579,South,Notebook,Stationery,150,65,3,0.0,100,450,450.0,295,155.0,2025-07,None
O02840,2025-07-06,C0242,North,Backpack,Accessories,1800,850,1,0.3,100,1800,1260.0,950,310.0,2025-07,High (>10%)
O03240,2025-07-06,C2112,East,Laptop,Electronics,50000,41000,4,0.3,40,200000,140000.0,164040,-24040.0,2025-07,High (>10%)
O04218,2025-07-06,C1503,South,Keyboard,Electronics,1800,1000,2,0.05,100,3600,3420.0,2100,1320.0,2025-07,Low (1-10%)
O00469,2025-07-07,C1097,South,Headphones,Electronics,2500,1350,4,0.2,100,10000,8000.0,5500,2500.0,2025-07,High (>10%)
O01120,2025-07-07,C0575,South,Office Chair,Furniture,6500,4300,4,0.0,70,26000,26000.0,17270,8730.0,2025-07,None
O01444,2025-07-07,C0948,East,Office Chair,Furniture,6500,4300,1,0.1,40,6500,5850.0,4340,1510.0,2025-07,Low (1-10%)
O01534,2025-07-07,C2081,East,Headphones,Electronics,2500,1350,1,0.1,70,2500,2250.0,1420,830.0,2025-07,Low (1-10%)
O01685,2025-07-07,C0239,East,Keyboard,Electronics,1800,1000,1,0.05,40,1800,1710.0,1040,670.0,2025-07,Low (1-10%)
O02199,2025-07-07,C1957,North,Desk,Furniture,9000,6300,2,0.1,100,18000,16200.0,12700,3500.0,2025-07,Low (1-10%)
O02775,2025-07-07,C1941,North,Desk,Furniture,9000,6300,3,0.2,150,27000,21600.0,19050,2550.0,2025-07,High (>10%)
O02845,2025-07-07,C0320,South,Office Chair,Furniture,6500,4300,4,0.05,70,26000,24700.0,17270,7430.0,2025-07,Low (1-10%)
O03815,2025-07-07,C2384,North,Office Chair,Furniture,6500,4300,4,0.1,150,26000,23400.0,17350,6050.0,2025-07,Low (1-10%)
O03955,2025-07-07,C1277,West,Desk,Furniture,9000,6300,2,0.0,150,18000,18000.0,12750,5250.0,2025-07,None
O04132,2025-07-07,C0392,West,Backpack,Accessories,1800,850,2,0.05,40,3600,3420.0,1740,1680.0,2025-07,Low (1-10%)
O04905,2025-07-07,C2420,North,Headphones,Electronics,2500,1350,4,0.05,40,10000,9500.0,5440,4060.0,2025-07,Low (1-10%)
O05273,2025-07-07,C1623,West,Headphones,Electronics,2500,1350,3,0.2,40,7500,6000.0,4090,1910.0,2025-07,High (>10%)
O05433,2025-07-07,C0925,West,Keyboard,Electronics,1800,1000,4,0.3,40,7200,5040.0,4040,1000.0,2025-07,High (>10%)
O05622,2025-07-07,C2058,South,Laptop,Electronics,50000,41000,4,0.0,100,200000,200000.0,164100,35900.0,2025-07,None
O05676,2025-07-07,C1828,North,Keyboard,Electronics,1800,1000,2,0.1,150,3600,3240.0,2150,1090.0,2025-07,Low (1-10%)
O05716,2025-07-07,C2392,North,Office Chair,Furniture,6500,4300,3,0.0,40,19500,19500.0,12940,6560.0,2025-07,None
O00769,2025-07-08,C1529,East,Headphones,Electronics,2500,1350,3,0.1,40,7500,6750.0,4090,2660.0,2025-07,Low (1-10%)
O00814,2025-07-08,C2406,North,Keyboard,Electronics,1800,1000,1,0.0,70,1800,1800.0,1070,730.0,2025-07,None
O01225,2025-07-08,C1061,East,Office Chair,Furniture,6500,4300,1,0.05,70,6500,6175.0,4370,1805.0,2025-07,Low (1-10%)
O01265,2025-07-08,C1567,South,Headphones,Electronics,2500,1350,2,0.0,100,5000,5000.0,2800,2200.0,2025-07,None
O01697,2025-07-08,C1454,South,Office Chair,Furniture,6500,4300,1,0.1,100,6500,5850.0,4400,1450.0,2025-07,Low (1-10%)
O01786,2025-07-08,C0160,West,Headphones,Electronics,2500,1350,2,0.05,100,5000,4750.0,2800,1950.0,2025-07,Low (1-10%)
O02083,2025-07-08,C0048,North,Keyboard,Electronics,1800,1000,3,0.1,100,5400,4860.0,3100,1760.0,2025-07,Low (1-10%)
O02259,2025-07-08,C1088,South,Laptop,Electronics,50000,41000,3,0.0,70,150000,150000.0,123070,26930.0,2025-07,None
O02715,2025-07-08,C0667,West,Desk,Furniture,9000,6300,1,0.2,40,9000,7200.0,6340,860.0,2025-07,High (>10%)
O03024,2025-07-08,C1363,North,Headphones,Electronics,2500,1350,1,0.1,70,2500,2250.0,1420,830.0,2025-07,Low (1-10%)
O03622,2025-07-08,C0333,East,Headphones,Electronics,2500,1350,4,0.0,40,10000,10000.0,5440,4560.0,2025-07,None
O04059,2025-07-08,C2163,South,Headphones,Electronics,2500,1350,3,0.1,70,7500,6750.0,4120,2630.0,2025-07,Low (1-10%)
O04801,2025-07-08,C1078,South,Desk,Furniture,9000,6300,1,0.0,70,9000,9000.0,6370,2630.0,2025-07,None
O05350,2025-07-08,C0319,West,Desk,Furniture,9000,6300,3,0.0,150,27000,27000.0,19050,7950.0,2025-07,None
O05786,2025-07-08,C1880,South,Desk,Furniture,9000,6300,4,0.1,70,36000,32400.0,25270,7130.0,2025-07,Low (1-10%)
O00466,2025-07-09,C2047,North,Backpack,Accessories,1800,850,2,0.05,100,3600,3420.0,1800,1620.0,2025-07,Low (1-10%)
O01021,2025-07-09,C1901,North,Laptop,Electronics,50000,41000,4,0.2,70,200000,160000.0,164070,-4070.0,2025-07,High (>10%)
O01108,2025-07-09,C0197,West,Backpack,Accessories,1800,850,3,0.1,40,5400,4860.0,2590,2270.0,2025-07,Low (1-10%)
O01834,2025-07-09,C0874,East,Laptop,Electronics,50000,41000,4,0.05,100,200000,190000.0,164100,25900.0,2025-07,Low (1-10%)
O02220,2025-07-09,C0369,East,Headphones,Electronics,2500,1350,4,0.3,70,10000,7000.0,5470,1530.0,2025-07,High (>10%)
O02254,2025-07-09,C0793,North,Desk,Furniture,9000,6300,4,0.0,40,36000,36000.0,25240,10760.0,2025-07,None
O02392,2025-07-09,C2390,South,Headphones,Electronics,2500,1350,3,0.2,100,7500,6000.0,4150,1850.0,2025-07,High (>10%)
O02589,2025-07-09,C1342,North,Backpack,Accessories,1800,850,3,0.0,150,5400,5400.0,2700,2700.0,2025-07,None
O02622,2025-07-09,C0968,South,Office Chair,Furniture,6500,4300,3,0.1,150,19500,17550.0,13050,4500.0,2025-07,Low (1-10%)
O02698,2025-07-09,C0661,South,Office Chair,Furniture,6500,4300,4,0.05,70,26000,24700.0,17270,7430.0,2025-07,Low (1-10%)
O02786,2025-07-09,C0541,North,Laptop,Electronics,50000,41000,2,0.1,40,100000,90000.0,82040,7960.0,2025-07,Low (1-10%)
O03115,2025-07-09,C1368,East,Keyboard,Electronics,1800,1000,1,0.1,70,1800,1620.0,1070,550.0,2025-07,Low (1-10%)
O03713,2025-07-09,C0787,East,Pen Set,Stationery,250,110,1,0.1,150,250,225.0,260,-35.0,2025-07,Low (1-10%)
O03750,2025-07-09,C1355,South,Backpack,Accessories,1800,850,3,0.1,70,5400,4860.0,2620,2240.0,2025-07,Low (1-10%)
O04003,2025-07-09,C0097,West,Laptop,Electronics,50000,41000,1,0.05,100,50000,47500.0,41100,6400.0,2025-07,Low (1-10%)
O04173,2025-07-09,C2229,West,Desk,Furniture,9000,6300,4,0.3,100,36000,25200.0,25300,-100.0,2025-07,High (>10%)
O04519,2025-07-09,C0025,South,Notebook,Stationery,150,65,1,0.0,70,150,150.0,135,15.0,2025-07,None
O04938,2025-07-09,C1307,South,Desk,Furniture,9000,6300,4,0.0,40,36000,36000.0,25240,10760.0,2025-07,None
O05066,2025-07-09,C0493,South,Notebook,Stationery,150,65,1,0.1,70,150,135.0,135,0.0,2025-07,Low (1-10%)
O05569,2025-07-09,C1197,North,Keyboard,Electronics,1800,1000,3,0.0,70,5400,5400.0,3070,2330.0,2025-07,None
O05594,2025-07-09,C1194,West,Notebook,Stationery,150,65,4,0.1,40,600,540.0,300,240.0,2025-07,Low (1-10%)
O05597,2025-07-09,C0825,North,Desk,Furniture,9000,6300,4,0.1,70,36000,32400.0,25270,7130.0,2025-07,Low (1-10%)
O05659,2025-07-09,C1811,South,Desk,Furniture,9000,6300,1,0.05,100,9000,8550.0,6400,2150.0,2025-07,Low (1-10%)
O00680,2025-07-10,C1785,South,Backpack,Accessories,1800,850,3,0.1,100,5400,4860.0,2650,2210.0,2025-07,Low (1-10%)
O00777,2025-07-10,C2300,North,Office Chair,Furniture,6500,4300,3,0.0,70,19500,19500.0,12970,6530.0,2025-07,None
O01042,2025-07-10,C2423,South,Pen Set,Stationery,250,110,1,0.05,40,250,237.5,150,87.5,2025-07,Low (1-10%)
O01121,2025-07-10,C0323,North,Laptop,Electronics,50000,41000,3,0.05,100,150000,142500.0,123100,19400.0,2025-07,Low (1-10%)
O01763,2025-07-10,C2194,North,Laptop,Electronics,50000,41000,4,0.1,40,200000,180000.0,164040,15960.0,2025-07,Low (1-10%)
O01788,2025-07-10,C0526,North,Laptop,Electronics,50000,41000,3,0.3,150,150000,105000.0,123150,-18150.0,2025-07,High (>10%)
O01946,2025-07-10,C0622,West,Laptop,Electronics,50000,41000,3,0.1,150,150000,135000.0,123150,11850.0,2025-07,Low (1-10%)
O02091,2025-07-10,C2455,South,Backpack,Accessories,1800,850,4,0.2,150,7200,5760.0,3550,2210.0,2025-07,High (>10%)
O02239,2025-07-10,C0734,East,Office Chair,Furniture,6500,4300,1,0.2,150,6500,5200.0,4450,750.0,2025-07,High (>10%)
O02762,2025-07-10,C0891,South,Office Chair,Furniture,6500,4300,4,0.2,150,26000,20800.0,17350,3450.0,2025-07,High (>10%)
O03745,2025-07-10,C2498,West,Headphones,Electronics,2500,1350,1,0.05,70,2500,2375.0,1420,955.0,2025-07,Low (1-10%)
O03787,2025-07-10,C1743,East,Headphones,Electronics,2500,1350,3,0.0,40,7500,7500.0,4090,3410.0,2025-07,None
O03915,2025-07-10,C1065,North,Pen Set,Stationery,250,110,3,0.0,100,750,750.0,430,320.0,2025-07,None
O04751,2025-07-10,C1356,East,Laptop,Electronics,50000,41000,3,0.2,70,150000,120000.0,123070,-3070.0,2025-07,High (>10%)
O00409,2025-07-11,C0722,East,Backpack,Accessories,1800,850,2,0.0,100,3600,3600.0,1800,1800.0,2025-07,None
O00674,2025-07-11,C1069,South,Laptop,Electronics,50000,41000,3,0.1,40,150000,135000.0,123040,11960.0,2025-07,Low (1-10%)
O00703,2025-07-11,C1556,West,Headphones,Electronics,2500,1350,3,0.3,40,7500,5250.0,4090,1160.0,2025-07,High (>10%)
O00806,2025-07-11,C0007,West,Pen Set,Stationery,250,110,1,0.1,40,250,225.0,150,75.0,2025-07,Low (1-10%)
O01570,2025-07-11,C1639,West,Backpack,Accessories,1800,850,2,0.2,100,3600,2880.0,1800,1080.0,2025-07,High (>10%)
O02322,2025-07-11,C1466,South,Laptop,Electronics,50000,41000,1,0.2,150,50000,40000.0,41150,-1150.0,2025-07,High (>10%)
O02982,2025-07-11,C2368,North,Laptop,Electronics,50000,41000,2,0.1,100,100000,90000.0,82100,7900.0,2025-07,Low (1-10%)
O03091,2025-07-11,C2259,South,Keyboard,Electronics,1800,1000,1,0.2,100,1800,1440.0,1100,340.0,2025-07,High (>10%)
O03398,2025-07-11,C0279,South,Backpack,Accessories,1800,850,4,0.05,150,7200,6840.0,3550,3290.0,2025-07,Low (1-10%)
O03493,2025-07-11,C0010,South,Keyboard,Electronics,1800,1000,4,0.3,150,7200,5040.0,4150,890.0,2025-07,High (>10%)
O04068,2025-07-11,C0799,West,Office Chair,Furniture,6500,4300,3,0.2,100,19500,15600.0,13000,2600.0,2025-07,High (>10%)
O04273,2025-07-11,C0758,West,Backpack,Accessories,1800,850,2,0.0,40,3600,3600.0,1740,1860.0,2025-07,None
O04957,2025-07-11,C0150,North,Headphones,Electronics,2500,1350,4,0.1,70,10000,9000.0,5470,3530.0,2025-07,Low (1-10%)
O05323,2025-07-11,C0949,West,Notebook,Stationery,150,65,3,0.0,150,450,450.0,345,105.0,2025-07,None
O05363,2025-07-11,C0954,West,Desk,Furniture,9000,6300,2,0.2,40,18000,14400.0,12640,1760.0,2025-07,High (>10%)
O05630,2025-07-11,C2373,South,Laptop,Electronics,50000,41000,4,0.0,150,200000,200000.0,164150,35850.0,2025-07,None
O05658,2025-07-11,C0447,South,Pen Set,Stationery,250,110,3,0.05,40,750,712.5,370,342.5,2025-07,Low (1-10%)
O00029,2025-07-12,C1352,Unknown,Desk,Furniture,9000,6300,4,0.1,40,36000,32400.0,25240,7160.0,2025-07,Low (1-10%)
O00743,2025-07-12,C0697,South,Notebook,Stationery,150,65,2,0.05,70,300,285.0,200,85.0,2025-07,Low (1-10%)
O00757,2025-07-12,C0631,East,Notebook,Stationery,150,65,1,0.05,150,150,142.5,215,-72.5,2025-07,Low (1-10%)
O00803,2025-07-12,C0787,East,Desk,Furniture,9000,6300,1,0.0,150,9000,9000.0,6450,2550.0,2025-07,None
O00852,2025-07-12,C0057,East,Pen Set,Stationery,250,110,2,0.05,100,500,475.0,320,155.0,2025-07,Low (1-10%)
O01041,2025-07-12,C0163,North,Notebook,Stationery,150,65,3,0.1,40,450,405.0,235,170.0,2025-07,Low (1-10%)
O01575,2025-07-12,C1603,West,Headphones,Electronics,2500,1350,2,0.2,40,5000,4000.0,2740,1260.0,2025-07,High (>10%)
O01817,2025-07-12,C2021,East,Headphones,Electronics,2500,1350,1,0.0,100,2500,2500.0,1450,1050.0,2025-07,None
O01923,2025-07-12,C0836,East,Pen Set,Stationery,250,110,2,0.2,100,500,400.0,320,80.0,2025-07,High (>10%)
O02325,2025-07-12,C0433,North,Notebook,Stationery,150,65,2,0.3,70,300,210.0,200,10.0,2025-07,High (>10%)
O02489,2025-07-12,C0075,North,Desk,Furniture,9000,6300,2,0.1,40,18000,16200.0,12640,3560.0,2025-07,Low (1-10%)
O02910,2025-07-12,C2390,East,Keyboard,Electronics,1800,1000,1,0.1,40,1800,1620.0,1040,580.0,2025-07,Low (1-10%)
O03879,2025-07-12,C0217,East,Headphones,Electronics,2500,1350,3,0.1,70,7500,6750.0,4120,2630.0,2025-07,Low (1-10%)
O04315,2025-07-12,C1581,North,Pen Set,Stationery,250,110,1,0.05,70,250,237.5,180,57.5,2025-07,Low (1-10%)
O04360,2025-07-12,C0980,North,Backpack,Accessories,1800,850,1,0.1,100,1800,1620.0,950,670.0,2025-07,Low (1-10%)
O04607,2025-07-12,C1439,North,Headphones,Electronics,2500,1350,3,0.0,40,7500,7500.0,4090,3410.0,2025-07,None
O05326,2025-07-12,C2481,East,Office Chair,Furniture,6500,4300,1,0.05,70,6500,6175.0,4370,1805.0,2025-07,Low (1-10%)
O05548,2025-07-12,C1882,North,Laptop,Electronics,50000,41000,1,0.1,70,50000,45000.0,41070,3930.0,2025-07,Low (1-10%)
O05909,2025-07-12,C1697,South,Pen Set,Stationery,250,110,3,0.05,150,750,712.5,480,232.5,2025-07,Low (1-10%)
O00143,2025-07-13,C0188,North,Keyboard,Electronics,1800,1000,4,0.3,100,7200,5040.0,4100,940.0,2025-07,High (>10%)
O00625,2025-07-13,C0104,West,Desk,Furniture,9000,6300,3,0.05,40,27000,25650.0,18940,6710.0,2025-07,Low (1-10%)
O00987,2025-07-13,C1451,West,Desk,Furniture,9000,6300,4,0.0,150,36000,36000.0,25350,10650.0,2025-07,None
O01701,2025-07-13,C0867,East,Keyboard,Electronics,1800,1000,3,0.0,40,5400,5400.0,3040,2360.0,2025-07,None
O01808,2025-07-13,C0793,North,Office Chair,Furniture,6500,4300,4,0.1,150,26000,23400.0,17350,6050.0,2025-07,Low (1-10%)
O01862,2025-07-13,C0604,East,Keyboard,Electronics,1800,1000,3,0.1,150,5400,4860.0,3150,1710.0,2025-07,Low (1-10%)
O02284,2025-07-13,C1783,North,Pen Set,Stationery,250,110,2,0.0,70,500,500.0,290,210.0,2025-07,None
O02508,2025-07-13,C1528,North,Desk,Furniture,9000,6300,1,0.05,70,9000,8550.0,6370,2180.0,2025-07,Low (1-10%)
O03504,2025-07-13,C0669,West,Headphones,Electronics,2500,1350,3,0.2,40,7500,6000.0,4090,1910.0,2025-07,High (>10%)
O03743,2025-07-13,C2478,North,Backpack,Accessories,1800,850,3,0.0,70,5400,5400.0,2620,2780.0,2025-07,None
O03861,2025-07-13,C1986,South,Desk,Furniture,9000,6300,4,0.1,70,36000,32400.0,25270,7130.0,2025-07,Low (1-10%)
O03890,2025-07-13,C1494,South,Pen Set,Stationery,250,110,4,0.2,100,1000,800.0,540,260.0,2025-07,High (>10%)
O04376,2025-07-13,C1034,West,Desk,Furniture,9000,6300,4,0.1,40,36000,32400.0,25240,7160.0,2025-07,Low (1-10%)
O04705,2025-07-13,C1825,North,Notebook,Stationery,150,65,2,0.1,150,300,270.0,280,-10.0,2025-07,Low (1-10%)
O04912,2025-07-13,C0198,North,Desk,Furniture,9000,6300,4,0.05,40,36000,34200.0,25240,8960.0,2025-07,Low (1-10%)
O05011,2025-07-13,C0854,West,Pen Set,Stationery,250,110,4,0.0,40,1000,1000.0,480,520.0,2025-07,None
O05789,2025-07-13,C0497,South,Desk,Furniture,9000,6300,4,0.0,150,36000,36000.0,25350,10650.0,2025-07,None
O05798,2025-07-13,C0799,North,Desk,Furniture,9000,6300,4,0.1,150,36000,32400.0,25350,7050.0,2025-07,Low (1-10%)
O05826,2025-07-13,C1552,East,Desk,Furniture,9000,6300,2,0.1,150,18000,16200.0,12750,3450.0,2025-07,Low (1-10%)
O05897,2025-07-13,C0966,North,Laptop,Electronics,50000,41000,1,0.3,70,50000,35000.0,41070,-6070.0,2025-07,High (>10%)
O00015,2025-07-14,C2455,West,Notebook,Stationery,150,65,2,0.0,70,300,300.0,200,100.0,2025-07,None
O00556,2025-07-14,C1642,North,Desk,Furniture,9000,6300,4,0.2,100,36000,28800.0,25300,3500.0,2025-07,High (>10%)
O02077,2025-07-14,C0654,North,Office Chair,Furniture,6500,4300,3,0.0,70,19500,19500.0,12970,6530.0,2025-07,None
O02598,2025-07-14,C2270,South,Notebook,Stationery,150,65,1,0.05,40,150,142.5,105,37.5,2025-07,Low (1-10%)
O02980,2025-07-14,C0055,West,Office Chair,Furniture,6500,4300,2,0.2,100,13000,10400.0,8700,1700.0,2025-07,High (>10%)
O03267,2025-07-14,C1563,South,Notebook,Stationery,150,65,3,0.2,70,450,360.0,265,95.0,2025-07,High (>10%)
O04024,2025-07-14,C1800,North,Keyboard,Electronics,1800,1000,1,0.3,70,1800,1260.0,1070,190.0,2025-07,High (>10%)
O04651,2025-07-14,C1893,West,Office Chair,Furniture,6500,4300,4,0.2,40,26000,20800.0,17240,3560.0,2025-07,High (>10%)
O05202,2025-07-14,C1341,West,Office Chair,Furniture,6500,4300,3,0.1,100,19500,17550.0,13000,4550.0,2025-07,Low (1-10%)
O05209,2025-07-14,C1155,North,Office Chair,Furniture,6500,4300,4,0.3,150,26000,18200.0,17350,850.0,2025-07,High (>10%)
O05841,2025-07-14,C1188,North,Pen Set,Stationery,250,110,1,0.2,70,250,200.0,180,20.0,2025-07,High (>10%)
O01115,2025-07-15,C1750,North,Headphones,Electronics,2500,1350,2,0.0,100,5000,5000.0,2800,2200.0,2025-07,None
O01280,2025-07-15,C0966,West,Pen Set,Stationery,250,110,2,0.1,70,500,450.0,290,160.0,2025-07,Low (1-10%)
O01319,2025-07-15,C0627,West,Office Chair,Furniture,6500,4300,3,0.1,150,19500,17550.0,13050,4500.0,2025-07,Low (1-10%)
O01854,2025-07-15,C0652,East,Headphones,Electronics,2500,1350,4,0.2,40,10000,8000.0,5440,2560.0,2025-07,High (>10%)
O02338,2025-07-15,C1337,South,Pen Set,Stationery,250,110,2,0.0,70,500,500.0,290,210.0,2025-07,None
O02834,2025-07-15,C0516,South,Desk,Furniture,9000,6300,2,0.05,100,18000,17100.0,12700,4400.0,2025-07,Low (1-10%)
O02954,2025-07-15,C1201,West,Office Chair,Furniture,6500,4300,4,0.0,70,26000,26000.0,17270,8730.0,2025-07,None
O04045,2025-07-15,C0693,West,Office Chair,Furniture,6500,4300,2,0.2,100,13000,10400.0,8700,1700.0,2025-07,High (>10%)
O05386,2025-07-15,C0029,East,Backpack,Accessories,1800,850,4,0.0,100,7200,7200.0,3500,3700.0,2025-07,None
O05410,2025-07-15,C1195,East,Notebook,Stationery,150,65,4,0.3,100,600,420.0,360,60.0,2025-07,High (>10%)
O05787,2025-07-15,C0544,West,Notebook,Stationery,150,65,1,0.1,70,150,135.0,135,0.0,2025-07,Low (1-10%)
O05946,2025-07-15,C2069,South,Headphones,Electronics,2500,1350,2,0.0,150,5000,5000.0,2850,2150.0,2025-07,None
O05977,2025-07-15,C0177,South,Backpack,Accessories,1800,850,3,0.2,70,5400,4320.0,2620,1700.0,2025-07,High (>10%)
O00147,2025-07-16,C0070,North,Laptop,Electronics,50000,41000,4,0.2,150,200000,160000.0,164150,-4150.0,2025-07,High (>10%)
O00171,2025-07-16,C1718,North,Laptop,Electronics,50000,41000,2,0.1,70,100000,90000.0,82070,7930.0,2025-07,Low (1-10%)
O00401,2025-07-16,C0130,East,Backpack,Accessories,1800,850,2,0.1,70,3600,3240.0,1770,1470.0,2025-07,Low (1-10%)
O00443,2025-07-16,C2286,East,Headphones,Electronics,2500,1350,2,0.0,100,5000,5000.0,2800,2200.0,2025-07,None
O00827,2025-07-16,C1220,West,Notebook,Stationery,150,65,2,0.1,100,300,270.0,230,40.0,2025-07,Low (1-10%)
O01409,2025-07-16,C0855,East,Laptop,Electronics,50000,41000,4,0.1,150,200000,180000.0,164150,15850.0,2025-07,Low (1-10%)
O01646,2025-07-16,C1225,South,Keyboard,Electronics,1800,1000,3,0.1,150,5400,4860.0,3150,1710.0,2025-07,Low (1-10%)
O02010,2025-07-16,C2226,West,Notebook,Stationery,150,65,1,0.0,100,150,150.0,165,-15.0,2025-07,None
O02174,2025-07-16,C1865,West,Pen Set,Stationery,250,110,2,0.05,40,500,475.0,260,215.0,2025-07,Low (1-10%)
O02304,2025-07-16,C1837,West,Backpack,Accessories,1800,850,1,0.3,40,1800,1260.0,890,370.0,2025-07,High (>10%)
O02417,2025-07-16,C2243,East,Desk,Furniture,9000,6300,3,0.2,70,27000,21600.0,18970,2630.0,2025-07,High (>10%)
O02478,2025-07-16,C1206,West,Headphones,Electronics,2500,1350,1,0.1,100,2500,2250.0,1450,800.0,2025-07,Low (1-10%)
O02689,2025-07-16,C0898,South,Notebook,Stationery,150,65,2,0.1,150,300,270.0,280,-10.0,2025-07,Low (1-10%)
O02781,2025-07-16,C2279,North,Keyboard,Electronics,1800,1000,4,0.1,70,7200,6480.0,4070,2410.0,2025-07,Low (1-10%)
O03533,2025-07-16,C2093,South,Laptop,Electronics,50000,41000,1,0.1,150,50000,45000.0,41150,3850.0,2025-07,Low (1-10%)
O04109,2025-07-16,C1922,West,Desk,Furniture,9000,6300,3,0.2,100,27000,21600.0,19000,2600.0,2025-07,High (>10%)
O04898,2025-07-16,C0277,South,Desk,Furniture,9000,6300,3,0.0,70,27000,27000.0,18970,8030.0,2025-07,None
O05024,2025-07-16,C1323,South,Office Chair,Furniture,6500,4300,1,0.1,70,6500,5850.0,4370,1480.0,2025-07,Low (1-10%)
O05895,2025-07-16,C2262,South,Desk,Furniture,9000,6300,1,0.1,70,9000,8100.0,6370,1730.0,2025-07,Low (1-10%)
O05964,2025-07-16,C1424,West,Keyboard,Electronics,1800,1000,3,0.2,70,5400,4320.0,3070,1250.0,2025-07,High (>10%)
O00254,2025-07-17,C0613,East,Keyboard,Electronics,1800,1000,4,0.0,40,7200,7200.0,4040,3160.0,2025-07,None
O00265,2025-07-17,C0779,North,Backpack,Accessories,1800,850,2,0.05,70,3600,3420.0,1770,1650.0,2025-07,Low (1-10%)
O00337,2025-07-17,C2425,South,Backpack,Accessories,1800,850,2,0.05,70,3600,3420.0,1770,1650.0,2025-07,Low (1-10%)
O00825,2025-07-17,C1317,South,Desk,Furniture,9000,6300,1,0.0,150,9000,9000.0,6450,2550.0,2025-07,None
O01085,2025-07-17,C0388,East,Headphones,Electronics,2500,1350,3,0.2,40,7500,6000.0,4090,1910.0,2025-07,High (>10%)
O01307,2025-07-17,C1256,South,Keyboard,Electronics,1800,1000,4,0.0,70,7200,7200.0,4070,3130.0,2025-07,None
O02170,2025-07-17,C1582,West,Backpack,Accessories,1800,850,4,0.05,100,7200,6840.0,3500,3340.0,2025-07,Low (1-10%)
O02724,2025-07-17,C1926,South,Office Chair,Furniture,6500,4300,2,0.0,70,13000,13000.0,8670,4330.0,2025-07,None
O03171,2025-07-17,C2410,South,Notebook,Stationery,150,65,4,0.05,100,600,570.0,360,210.0,2025-07,Low (1-10%)
O03638,2025-07-17,C2433,West,Office Chair,Furniture,6500,4300,4,0.1,40,26000,23400.0,17240,6160.0,2025-07,Low (1-10%)
O04585,2025-07-17,C0273,South,Desk,Furniture,9000,6300,3,0.0,150,27000,27000.0,19050,7950.0,2025-07,None
O04633,2025-07-17,C0900,West,Keyboard,Electronics,1800,1000,2,0.0,100,3600,3600.0,2100,1500.0,2025-07,None
O05803,2025-07-17,C1049,North,Office Chair,Furniture,6500,4300,4,0.1,70,26000,23400.0,17270,6130.0,2025-07,Low (1-10%)
O01038,2025-07-18,C0527,East,Laptop,Electronics,50000,41000,1,0.0,150,50000,50000.0,41150,8850.0,2025-07,None
O01084,2025-07-18,C0617,West,Desk,Furniture,9000,6300,3,0.0,70,27000,27000.0,18970,8030.0,2025-07,None
O01388,2025-07-18,C2046,East,Keyboard,Electronics,1800,1000,4,0.05,40,7200,6840.0,4040,2800.0,2025-07,Low (1-10%)
O01461,2025-07-18,C1664,West,Pen Set,Stationery,250,110,2,0.0,70,500,500.0,290,210.0,2025-07,None
O01593,2025-07-18,C1270,East,Office Chair,Furniture,6500,4300,2,0.05,70,13000,12350.0,8670,3680.0,2025-07,Low (1-10%)
O01652,2025-07-18,C1396,South,Laptop,Electronics,50000,41000,3,0.0,70,150000,150000.0,123070,26930.0,2025-07,None
O01836,2025-07-18,C1634,North,Headphones,Electronics,2500,1350,1,0.2,40,2500,2000.0,1390,610.0,2025-07,High (>10%)
O01983,2025-07-18,C0180,North,Laptop,Electronics,50000,41000,3,0.1,70,150000,135000.0,123070,11930.0,2025-07,Low (1-10%)
O02853,2025-07-18,C1729,South,Laptop,Electronics,50000,41000,4,0.1,100,200000,180000.0,164100,15900.0,2025-07,Low (1-10%)
O03043,2025-07-18,C1353,West,Keyboard,Electronics,1800,1000,2,0.2,40,3600,2880.0,2040,840.0,2025-07,High (>10%)
O03444,2025-07-18,C2159,North,Headphones,Electronics,2500,1350,3,0.2,150,7500,6000.0,4200,1800.0,2025-07,High (>10%)
O03512,2025-07-18,C2273,North,Desk,Furniture,9000,6300,2,0.1,150,18000,16200.0,12750,3450.0,2025-07,Low (1-10%)
O04400,2025-07-18,C0507,North,Notebook,Stationery,150,65,4,0.0,70,600,600.0,330,270.0,2025-07,None
O05163,2025-07-18,C0273,West,Keyboard,Electronics,1800,1000,1,0.05,40,1800,1710.0,1040,670.0,2025-07,Low (1-10%)
O05245,2025-07-18,C0324,South,Keyboard,Electronics,1800,1000,2,0.0,150,3600,3600.0,2150,1450.0,2025-07,None
O05387,2025-07-18,C1680,South,Headphones,Electronics,2500,1350,4,0.1,40,10000,9000.0,5440,3560.0,2025-07,Low (1-10%)
O05421,2025-07-18,C1537,West,Pen Set,Stationery,250,110,1,0.0,70,250,250.0,180,70.0,2025-07,None
O00178,2025-07-19,C0872,South,Headphones,Electronics,2500,1350,1,0.05,40,2500,2375.0,1390,985.0,2025-07,Low (1-10%)
O00587,2025-07-19,C2371,South,Notebook,Stationery,150,65,1,0.0,150,150,150.0,215,-65.0,2025-07,None
O00626,2025-07-19,C2381,East,Headphones,Electronics,2500,1350,2,0.05,70,5000,4750.0,2770,1980.0,2025-07,Low (1-10%)
O00969,2025-07-19,C0011,North,Backpack,Accessories,1800,850,1,0.1,40,1800,1620.0,890,730.0,2025-07,Low (1-10%)
O01799,2025-07-19,C1303,West,Office Chair,Furniture,6500,4300,2,0.1,40,13000,11700.0,8640,3060.0,2025-07,Low (1-10%)
O01818,2025-07-19,C2469,East,Keyboard,Electronics,1800,1000,2,0.05,70,3600,3420.0,2070,1350.0,2025-07,Low (1-10%)
O02068,2025-07-19,C0310,South,Backpack,Accessories,1800,850,2,0.1,70,3600,3240.0,1770,1470.0,2025-07,Low (1-10%)
O02106,2025-07-19,C0923,North,Keyboard,Electronics,1800,1000,4,0.1,100,7200,6480.0,4100,2380.0,2025-07,Low (1-10%)
O02791,2025-07-19,C2391,East,Backpack,Accessories,1800,850,1,0.1,40,1800,1620.0,890,730.0,2025-07,Low (1-10%)
O03281,2025-07-19,C0223,North,Laptop,Electronics,50000,41000,4,0.1,100,200000,180000.0,164100,15900.0,2025-07,Low (1-10%)
O05382,2025-07-19,C1265,South,Backpack,Accessories,1800,850,1,0.2,70,1800,1440.0,920,520.0,2025-07,High (>10%)
O05753,2025-07-19,C2445,South,Laptop,Electronics,50000,41000,1,0.3,100,50000,35000.0,41100,-6100.0,2025-07,High (>10%)
O05914,2025-07-19,C1683,South,Headphones,Electronics,2500,1350,3,0.05,150,7500,7125.0,4200,2925.0,2025-07,Low (1-10%)
O00649,2025-07-20,C1522,North,Backpack,Accessories,1800,850,4,0.0,150,7200,7200.0,3550,3650.0,2025-07,None
O00774,2025-07-20,C0690,South,Notebook,Stationery,150,65,1,0.1,70,150,135.0,135,0.0,2025-07,Low (1-10%)
O01649,2025-07-20,C1921,North,Backpack,Accessories,1800,850,3,0.05,150,5400,5130.0,2700,2430.0,2025-07,Low (1-10%)
O02027,2025-07-20,C0990,North,Desk,Furniture,9000,6300,1,0.05,150,9000,8550.0,6450,2100.0,2025-07,Low (1-10%)
O02032,2025-07-20,C2419,North,Headphones,Electronics,2500,1350,1,0.1,100,2500,2250.0,1450,800.0,2025-07,Low (1-10%)
O02243,2025-07-20,C1608,South,Office Chair,Furniture,6500,4300,3,0.0,100,19500,19500.0,13000,6500.0,2025-07,None
O02813,2025-07-20,C0052,West,Headphones,Electronics,2500,1350,3,0.0,40,7500,7500.0,4090,3410.0,2025-07,None
O03236,2025-07-20,C1713,West,Desk,Furniture,9000,6300,4,0.1,150,36000,32400.0,25350,7050.0,2025-07,Low (1-10%)
O03303,2025-07-20,C2106,West,Desk,Furniture,9000,6300,3,0.1,100,27000,24300.0,19000,5300.0,2025-07,Low (1-10%)
O03539,2025-07-20,C2355,West,Desk,Furniture,9000,6300,3,0.0,70,27000,27000.0,18970,8030.0,2025-07,None
O04111,2025-07-20,C0027,South,Laptop,Electronics,50000,41000,1,0.05,70,50000,47500.0,41070,6430.0,2025-07,Low (1-10%)
O04114,2025-07-20,C1443,North,Backpack,Accessories,1800,850,4,0.05,150,7200,6840.0,3550,3290.0,2025-07,Low (1-10%)
O04116,2025-07-20,C0762,West,Office Chair,Furniture,6500,4300,4,0.0,40,26000,26000.0,17240,8760.0,2025-07,None
O04497,2025-07-20,C1249,North,Keyboard,Electronics,1800,1000,1,0.05,150,1800,1710.0,1150,560.0,2025-07,Low (1-10%)
O05084,2025-07-20,C0019,South,Office Chair,Furniture,6500,4300,1,0.0,150,6500,6500.0,4450,2050.0,2025-07,None
O05090,2025-07-20,C0855,North,Desk,Furniture,9000,6300,3,0.0,70,27000,27000.0,18970,8030.0,2025-07,None
O05210,2025-07-20,C1656,North,Laptop,Electronics,50000,41000,1,0.2,40,50000,40000.0,41040,-1040.0,2025-07,High (>10%)
O05348,2025-07-20,C0456,West,Office Chair,Furniture,6500,4300,2,0.3,100,13000,9100.0,8700,400.0,2025-07,High (>10%)
O05424,2025-07-20,C0329,West,Headphones,Electronics,2500,1350,2,0.1,150,5000,4500.0,2850,1650.0,2025-07,Low (1-10%)
O05556,2025-07-20,C1996,East,Desk,Furniture,9000,6300,2,0.3,40,18000,12600.0,12640,-40.0,2025-07,High (>10%)
O05670,2025-07-20,C0976,North,Notebook,Stationery,150,65,3,0.05,70,450,427.5,265,162.5,2025-07,Low (1-10%)
O00504,2025-07-21,C0512,North,Pen Set,Stationery,250,110,1,0.0,100,250,250.0,210,40.0,2025-07,None
O00946,2025-07-21,C2480,North,Laptop,Electronics,50000,41000,3,0.2,70,150000,120000.0,123070,-3070.0,2025-07,High (>10%)
O00950,2025-07-21,C0288,South,Keyboard,Electronics,1800,1000,3,0.2,100,5400,4320.0,3100,1220.0,2025-07,High (>10%)
O01104,2025-07-21,C0601,West,Headphones,Electronics,2500,1350,2,0.1,40,5000,4500.0,2740,1760.0,2025-07,Low (1-10%)
O01829,2025-07-21,C0179,East,Desk,Furniture,9000,6300,2,0.05,40,18000,17100.0,12640,4460.0,2025-07,Low (1-10%)
O02386,2025-07-21,C1385,North,Backpack,Accessories,1800,850,4,0.3,40,7200,5040.0,3440,1600.0,2025-07,High (>10%)
O02644,2025-07-21,C0093,East,Office Chair,Furniture,6500,4300,3,0.1,150,19500,17550.0,13050,4500.0,2025-07,Low (1-10%)
O02652,2025-07-21,C0874,South,Backpack,Accessories,1800,850,2,0.05,100,3600,3420.0,1800,1620.0,2025-07,Low (1-10%)
O03060,2025-07-21,C0431,South,Keyboard,Electronics,1800,1000,1,0.0,40,1800,1800.0,1040,760.0,2025-07,None
O03231,2025-07-21,C2187,South,Pen Set,Stationery,250,110,2,0.0,70,500,500.0,290,210.0,2025-07,None
O03489,2025-07-21,C0554,West,Office Chair,Furniture,6500,4300,3,0.0,100,19500,19500.0,13000,6500.0,2025-07,None
O03561,2025-07-21,C0194,North,Laptop,Electronics,50000,41000,2,0.0,100,100000,100000.0,82100,17900.0,2025-07,None
O03640,2025-07-21,C1140,South,Desk,Furniture,9000,6300,3,0.1,100,27000,24300.0,19000,5300.0,2025-07,Low (1-10%)
O03719,2025-07-21,C0117,South,Notebook,Stationery,150,65,4,0.05,70,600,570.0,330,240.0,2025-07,Low (1-10%)
O04250,2025-07-21,C2361,North,Office Chair,Furniture,6500,4300,2,0.1,100,13000,11700.0,8700,3000.0,2025-07,Low (1-10%)
O04363,2025-07-21,C2404,South,Office Chair,Furniture,6500,4300,2,0.0,40,13000,13000.0,8640,4360.0,2025-07,None
O04810,2025-07-21,C2332,West,Pen Set,Stationery,250,110,2,0.05,150,500,475.0,370,105.0,2025-07,Low (1-10%)
O04999,2025-07-21,C0908,North,Notebook,Stationery,150,65,1,0.05,40,150,142.5,105,37.5,2025-07,Low (1-10%)
O05217,2025-07-21,C1635,West,Pen Set,Stationery,250,110,1,0.05,100,250,237.5,210,27.5,2025-07,Low (1-10%)
O05825,2025-07-21,C0669,South,Desk,Furniture,9000,6300,3,0.3,100,27000,18900.0,19000,-100.0,2025-07,High (>10%)
O05827,2025-07-21,C1870,West,Headphones,Electronics,2500,1350,1,0.1,40,2500,2250.0,1390,860.0,2025-07,Low (1-10%)
O05872,2025-07-21,C2397,West,Office Chair,Furniture,6500,4300,2,0.2,100,13000,10400.0,8700,1700.0,2025-07,High (>10%)
O00386,2025-07-22,C0488,South,Laptop,Electronics,50000,41000,2,0.0,70,100000,100000.0,82070,17930.0,2025-07,None
O00394,2025-07-22,C1971,North,Desk,Furniture,9000,6300,4,0.3,150,36000,25200.0,25350,-150.0,2025-07,High (>10%)
O00551,2025-07-22,C0986,West,Pen Set,Stationery,250,110,4,0.1,100,1000,900.0,540,360.0,2025-07,Low (1-10%)
O01731,2025-07-22,C0761,South,Pen Set,Stationery,250,110,1,0.1,70,250,225.0,180,45.0,2025-07,Low (1-10%)
O02352,2025-07-22,C0015,South,Pen Set,Stationery,250,110,3,0.05,100,750,712.5,430,282.5,2025-07,Low (1-10%)
O02537,2025-07-22,C0912,South,Keyboard,Electronics,1800,1000,4,0.1,150,7200,6480.0,4150,2330.0,2025-07,Low (1-10%)
O02614,2025-07-22,C0182,East,Desk,Furniture,9000,6300,3,0.0,150,27000,27000.0,19050,7950.0,2025-07,None
O02898,2025-07-22,C1182,North,Notebook,Stationery,150,65,1,0.1,70,150,135.0,135,0.0,2025-07,Low (1-10%)
O03138,2025-07-22,C2266,East,Office Chair,Furniture,6500,4300,4,0.3,70,26000,18200.0,17270,930.0,2025-07,High (>10%)
O03752,2025-07-22,C0310,North,Pen Set,Stationery,250,110,1,0.05,70,250,237.5,180,57.5,2025-07,Low (1-10%)
O03891,2025-07-22,C0338,East,Desk,Furniture,9000,6300,2,0.0,100,18000,18000.0,12700,5300.0,2025-07,None
O03975,2025-07-22,C1653,North,Laptop,Electronics,50000,41000,4,0.2,100,200000,160000.0,164100,-4100.0,2025-07,High (>10%)
O04087,2025-07-22,C2210,South,Keyboard,Electronics,1800,1000,3,0.05,150,5400,5130.0,3150,1980.0,2025-07,Low (1-10%)
O04192,2025-07-22,C2148,West,Keyboard,Electronics,1800,1000,3,0.0,100,5400,5400.0,3100,2300.0,2025-07,None
O04248,2025-07-22,C0489,North,Headphones,Electronics,2500,1350,4,0.05,70,10000,9500.0,5470,4030.0,2025-07,Low (1-10%)
O04576,2025-07-22,C2288,West,Pen Set,Stationery,250,110,3,0.1,70,750,675.0,400,275.0,2025-07,Low (1-10%)
O04602,2025-07-22,C1762,North,Backpack,Accessories,1800,850,2,0.1,70,3600,3240.0,1770,1470.0,2025-07,Low (1-10%)
O05718,2025-07-22,C0634,East,Notebook,Stationery,150,65,1,0.2,150,150,120.0,215,-95.0,2025-07,High (>10%)
O00492,2025-07-23,C0228,West,Pen Set,Stationery,250,110,4,0.2,100,1000,800.0,540,260.0,2025-07,High (>10%)
O00768,2025-07-23,C1883,East,Office Chair,Furniture,6500,4300,4,0.2,70,26000,20800.0,17270,3530.0,2025-07,High (>10%)
O00864,2025-07-23,C1105,West,Pen Set,Stationery,250,110,3,0.2,40,750,600.0,370,230.0,2025-07,High (>10%)
O01647,2025-07-23,C1158,South,Keyboard,Electronics,1800,1000,1,0.2,70,1800,1440.0,1070,370.0,2025-07,High (>10%)
O02355,2025-07-23,C2205,South,Keyboard,Electronics,1800,1000,1,0.0,100,1800,1800.0,1100,700.0,2025-07,None
O02458,2025-07-23,C0480,North,Backpack,Accessories,1800,850,1,0.2,150,1800,1440.0,1000,440.0,2025-07,High (>10%)
O02471,2025-07-23,C1464,South,Backpack,Accessories,1800,850,3,0.1,100,5400,4860.0,2650,2210.0,2025-07,Low (1-10%)
O02701,2025-07-23,C0205,South,Backpack,Accessories,1800,850,1,0.3,100,1800,1260.0,950,310.0,2025-07,High (>10%)
O03052,2025-07-23,C0576,North,Headphones,Electronics,2500,1350,3,0.0,40,7500,7500.0,4090,3410.0,2025-07,None
O03237,2025-07-23,C0456,East,Keyboard,Electronics,1800,1000,2,0.05,100,3600,3420.0,2100,1320.0,2025-07,Low (1-10%)
O03599,2025-07-23,C0236,East,Keyboard,Electronics,1800,1000,1,0.1,150,1800,1620.0,1150,470.0,2025-07,Low (1-10%)
O04106,2025-07-23,C2273,East,Office Chair,Furniture,6500,4300,3,0.2,100,19500,15600.0,13000,2600.0,2025-07,High (>10%)
O04121,2025-07-23,C0245,North,Notebook,Stationery,150,65,4,0.1,100,600,540.0,360,180.0,2025-07,Low (1-10%)
O05212,2025-07-23,C1048,South,Headphones,Electronics,2500,1350,3,0.1,150,7500,6750.0,4200,2550.0,2025-07,Low (1-10%)
O05743,2025-07-23,C0415,East,Backpack,Accessories,1800,850,3,0.05,150,5400,5130.0,2700,2430.0,2025-07,Low (1-10%)
O05813,2025-07-23,C2280,West,Keyboard,Electronics,1800,1000,1,0.0,100,1800,1800.0,1100,700.0,2025-07,None
O05831,2025-07-23,C2426,South,Keyboard,Electronics,1800,1000,1,0.0,100,1800,1800.0,1100,700.0,2025-07,None
O00347,2025-07-24,C1963,South,Backpack,Accessories,1800,850,2,0.1,70,3600,3240.0,1770,1470.0,2025-07,Low (1-10%)
O00714,2025-07-24,C0821,West,Pen Set,Stationery,250,110,1,0.1,150,250,225.0,260,-35.0,2025-07,Low (1-10%)
O00904,2025-07-24,C0712,South,Backpack,Accessories,1800,850,3,0.2,150,5400,4320.0,2700,1620.0,2025-07,High (>10%)
O01252,2025-07-24,C2275,West,Office Chair,Furniture,6500,4300,3,0.0,40,19500,19500.0,12940,6560.0,2025-07,None
O01852,2025-07-24,C0423,South,Keyboard,Electronics,1800,1000,4,0.2,150,7200,5760.0,4150,1610.0,2025-07,High (>10%)
O02206,2025-07-24,C1430,North,Pen Set,Stationery,250,110,2,0.2,40,500,400.0,260,140.0,2025-07,High (>10%)
O02257,2025-07-24,C2110,North,Pen Set,Stationery,250,110,3,0.2,100,750,600.0,430,170.0,2025-07,High (>10%)
O02429,2025-07-24,C1355,North,Pen Set,Stationery,250,110,3,0.1,150,750,675.0,480,195.0,2025-07,Low (1-10%)
O02515,2025-07-24,C0986,North,Laptop,Electronics,50000,41000,2,0.2,70,100000,80000.0,82070,-2070.0,2025-07,High (>10%)
O02889,2025-07-24,C1793,West,Headphones,Electronics,2500,1350,3,0.05,100,7500,7125.0,4150,2975.0,2025-07,Low (1-10%)
O04243,2025-07-24,C2362,West,Pen Set,Stationery,250,110,3,0.0,150,750,750.0,480,270.0,2025-07,None
O04285,2025-07-24,C0860,West,Laptop,Electronics,50000,41000,1,0.05,70,50000,47500.0,41070,6430.0,2025-07,Low (1-10%)
O04444,2025-07-24,C1960,West,Office Chair,Furniture,6500,4300,2,0.2,40,13000,10400.0,8640,1760.0,2025-07,High (>10%)
O05115,2025-07-24,C2184,South,Headphones,Electronics,2500,1350,2,0.0,150,5000,5000.0,2850,2150.0,2025-07,None
O05850,2025-07-24,C1101,North,Laptop,Electronics,50000,41000,4,0.0,40,200000,200000.0,164040,35960.0,2025-07,None
O00275,2025-07-25,C1635,East,Office Chair,Furniture,6500,4300,3,0.0,40,19500,19500.0,12940,6560.0,2025-07,None
O00484,2025-07-25,C0444,East,Pen Set,Stationery,250,110,4,0.1,40,1000,900.0,480,420.0,2025-07,Low (1-10%)
O00675,2025-07-25,C1404,South,Desk,Furniture,9000,6300,3,0.3,100,27000,18900.0,19000,-100.0,2025-07,High (>10%)
O00717,2025-07-25,C0257,North,Desk,Furniture,9000,6300,4,0.1,150,36000,32400.0,25350,7050.0,2025-07,Low (1-10%)
O00771,2025-07-25,C0470,South,Notebook,Stationery,150,65,3,0.05,70,450,427.5,265,162.5,2025-07,Low (1-10%)
O00862,2025-07-25,C1028,South,Backpack,Accessories,1800,850,4,0.0,70,7200,7200.0,3470,3730.0,2025-07,None
O00872,2025-07-25,C0972,West,Headphones,Electronics,2500,1350,2,0.0,150,5000,5000.0,2850,2150.0,2025-07,None
O00960,2025-07-25,C0870,South,Office Chair,Furniture,6500,4300,2,0.05,70,13000,12350.0,8670,3680.0,2025-07,Low (1-10%)
O00968,2025-07-25,C1838,East,Keyboard,Electronics,1800,1000,1,0.1,70,1800,1620.0,1070,550.0,2025-07,Low (1-10%)
O01457,2025-07-25,C0359,South,Backpack,Accessories,1800,850,1,0.05,150,1800,1710.0,1000,710.0,2025-07,Low (1-10%)
O01590,2025-07-25,C1580,South,Laptop,Electronics,50000,41000,2,0.05,150,100000,95000.0,82150,12850.0,2025-07,Low (1-10%)
O01626,2025-07-25,C0846,East,Backpack,Accessories,1800,850,2,0.0,150,3600,3600.0,1850,1750.0,2025-07,None
O01734,2025-07-25,C1295,West,Pen Set,Stationery,250,110,2,0.3,70,500,350.0,290,60.0,2025-07,High (>10%)
O03131,2025-07-25,C2454,South,Keyboard,Electronics,1800,1000,3,0.2,40,5400,4320.0,3040,1280.0,2025-07,High (>10%)
O04077,2025-07-25,C2352,South,Backpack,Accessories,1800,850,3,0.2,100,5400,4320.0,2650,1670.0,2025-07,High (>10%)
O04202,2025-07-25,C0498,North,Notebook,Stationery,150,65,2,0.3,40,300,210.0,170,40.0,2025-07,High (>10%)
O04284,2025-07-25,C0649,North,Office Chair,Furniture,6500,4300,1,0.1,40,6500,5850.0,4340,1510.0,2025-07,Low (1-10%)
O04782,2025-07-25,C1673,West,Desk,Furniture,9000,6300,3,0.0,150,27000,27000.0,19050,7950.0,2025-07,None
O05280,2025-07-25,C0037,South,Headphones,Electronics,2500,1350,4,0.0,70,10000,10000.0,5470,4530.0,2025-07,None
O05608,2025-07-25,C0532,South,Desk,Furniture,9000,6300,3,0.0,150,27000,27000.0,19050,7950.0,2025-07,None
O00397,2025-07-26,C2448,South,Laptop,Electronics,50000,41000,2,0.05,150,100000,95000.0,82150,12850.0,2025-07,Low (1-10%)
O00518,2025-07-26,C1206,South,Laptop,Electronics,50000,41000,1,0.3,40,50000,35000.0,41040,-6040.0,2025-07,High (>10%)
O00713,2025-07-26,C0873,West,Notebook,Stationery,150,65,4,0.0,70,600,600.0,330,270.0,2025-07,None
O01012,2025-07-26,C0102,South,Pen Set,Stationery,250,110,4,0.1,150,1000,900.0,590,310.0,2025-07,Low (1-10%)
O01137,2025-07-26,C1556,East,Notebook,Stationery,150,65,3,0.2,70,450,360.0,265,95.0,2025-07,High (>10%)
O01443,2025-07-26,C0054,West,Backpack,Accessories,1800,850,2,0.05,100,3600,3420.0,1800,1620.0,2025-07,Low (1-10%)
O01667,2025-07-26,C1981,North,Pen Set,Stationery,250,110,4,0.3,40,1000,700.0,480,220.0,2025-07,High (>10%)
O02011,2025-07-26,C1873,South,Office Chair,Furniture,6500,4300,4,0.05,40,26000,24700.0,17240,7460.0,2025-07,Low (1-10%)
O02030,2025-07-26,C0609,West,Keyboard,Electronics,1800,1000,3,0.0,40,5400,5400.0,3040,2360.0,2025-07,None
O02451,2025-07-26,C1764,West,Pen Set,Stationery,250,110,4,0.2,40,1000,800.0,480,320.0,2025-07,High (>10%)
O03430,2025-07-26,C0685,South,Keyboard,Electronics,1800,1000,1,0.0,100,1800,1800.0,1100,700.0,2025-07,None
O03601,2025-07-26,C2419,East,Office Chair,Furniture,6500,4300,4,0.05,150,26000,24700.0,17350,7350.0,2025-07,Low (1-10%)
O03999,2025-07-26,C1662,West,Notebook,Stationery,150,65,2,0.1,100,300,270.0,230,40.0,2025-07,Low (1-10%)
O04480,2025-07-26,C0933,West,Desk,Furniture,9000,6300,1,0.05,100,9000,8550.0,6400,2150.0,2025-07,Low (1-10%)
O04559,2025-07-26,C1977,West,Pen Set,Stationery,250,110,3,0.05,150,750,712.5,480,232.5,2025-07,Low (1-10%)
O00399,2025-07-27,C2412,West,Keyboard,Electronics,1800,1000,2,0.3,150,3600,2520.0,2150,370.0,2025-07,High (>10%)
O00549,2025-07-27,C0174,South,Desk,Furniture,9000,6300,4,0.05,40,36000,34200.0,25240,8960.0,2025-07,Low (1-10%)
O01193,2025-07-27,C1953,South,Headphones,Electronics,2500,1350,4,0.05,150,10000,9500.0,5550,3950.0,2025-07,Low (1-10%)
O01273,2025-07-27,C1225,East,Backpack,Accessories,1800,850,1,0.1,40,1800,1620.0,890,730.0,2025-07,Low (1-10%)
O01622,2025-07-27,C0420,South,Laptop,Electronics,50000,41000,3,0.1,150,150000,135000.0,123150,11850.0,2025-07,Low (1-10%)
O02430,2025-07-27,C2039,West,Keyboard,Electronics,1800,1000,3,0.0,40,5400,5400.0,3040,2360.0,2025-07,None
O02686,2025-07-27,C2195,West,Office Chair,Furniture,6500,4300,2,0.05,40,13000,12350.0,8640,3710.0,2025-07,Low (1-10%)
O02855,2025-07-27,C1351,North,Notebook,Stationery,150,65,2,0.1,150,300,270.0,280,-10.0,2025-07,Low (1-10%)
O02872,2025-07-27,C1086,East,Backpack,Accessories,1800,850,3,0.0,150,5400,5400.0,2700,2700.0,2025-07,None
O02903,2025-07-27,C1596,South,Pen Set,Stationery,250,110,2,0.0,150,500,500.0,370,130.0,2025-07,None
O03536,2025-07-27,C0944,West,Laptop,Electronics,50000,41000,3,0.05,70,150000,142500.0,123070,19430.0,2025-07,Low (1-10%)
O05139,2025-07-27,C0493,North,Laptop,Electronics,50000,41000,4,0.0,40,200000,200000.0,164040,35960.0,2025-07,None
O05174,2025-07-27,C0351,South,Keyboard,Electronics,1800,1000,4,0.1,100,7200,6480.0,4100,2380.0,2025-07,Low (1-10%)
O05190,2025-07-27,C0193,West,Keyboard,Electronics,1800,1000,4,0.3,70,7200,5040.0,4070,970.0,2025-07,High (>10%)
O05688,2025-07-27,C1498,South,Headphones,Electronics,2500,1350,3,0.05,150,7500,7125.0,4200,2925.0,2025-07,Low (1-10%)
O05823,2025-07-27,C0669,South,Pen Set,Stationery,250,110,1,0.05,70,250,237.5,180,57.5,2025-07,Low (1-10%)
O05875,2025-07-27,C2156,South,Notebook,Stationery,150,65,2,0.05,40,300,285.0,170,115.0,2025-07,Low (1-10%)
O00048,2025-07-28,C2196,South,Backpack,Accessories,1800,850,3,0.1,70,5400,4860.0,2620,2240.0,2025-07,Low (1-10%)
O00273,2025-07-28,C0684,West,Headphones,Electronics,2500,1350,3,0.0,40,7500,7500.0,4090,3410.0,2025-07,None
O00991,2025-07-28,C0224,North,Keyboard,Electronics,1800,1000,4,0.1,40,7200,6480.0,4040,2440.0,2025-07,Low (1-10%)
O01004,2025-07-28,C0818,North,Backpack,Accessories,1800,850,4,0.0,100,7200,7200.0,3500,3700.0,2025-07,None
O01356,2025-07-28,C2230,East,Office Chair,Furniture,6500,4300,1,0.0,100,6500,6500.0,4400,2100.0,2025-07,None
O03291,2025-07-28,C0210,East,Office Chair,Furniture,6500,4300,2,0.2,100,13000,10400.0,8700,1700.0,2025-07,High (>10%)
O03812,2025-07-28,C0469,East,Office Chair,Furniture,6500,4300,1,0.0,100,6500,6500.0,4400,2100.0,2025-07,None
O03847,2025-07-28,C2356,South,Pen Set,Stationery,250,110,2,0.0,150,500,500.0,370,130.0,2025-07,None
O03927,2025-07-28,C2238,East,Desk,Furniture,9000,6300,2,0.05,70,18000,17100.0,12670,4430.0,2025-07,Low (1-10%)
O04380,2025-07-28,C2005,West,Backpack,Accessories,1800,850,1,0.1,150,1800,1620.0,1000,620.0,2025-07,Low (1-10%)
O05040,2025-07-28,C0265,South,Headphones,Electronics,2500,1350,4,0.05,70,10000,9500.0,5470,4030.0,2025-07,Low (1-10%)
O05599,2025-07-28,C0749,South,Pen Set,Stationery,250,110,1,0.2,40,250,200.0,150,50.0,2025-07,High (>10%)
O05723,2025-07-28,C1977,East,Notebook,Stationery,150,65,3,0.05,150,450,427.5,345,82.5,2025-07,Low (1-10%)
O05973,2025-07-28,C1257,South,Office Chair,Furniture,6500,4300,2,0.1,70,13000,11700.0,8670,3030.0,2025-07,Low (1-10%)
O05990,2025-07-28,C1071,West,Desk,Furniture,9000,6300,1,0.2,40,9000,7200.0,6340,860.0,2025-07,High (>10%)
O01231,2025-07-29,C1808,South,Pen Set,Stationery,250,110,2,0.1,100,500,450.0,320,130.0,2025-07,Low (1-10%)
O01406,2025-07-29,C2449,North,Headphones,Electronics,2500,1350,2,0.2,40,5000,4000.0,2740,1260.0,2025-07,High (>10%)
O01466,2025-07-29,C2136,West,Laptop,Electronics,50000,41000,1,0.3,40,50000,35000.0,41040,-6040.0,2025-07,High (>10%)
O01943,2025-07-29,C2228,South,Pen Set,Stationery,250,110,1,0.0,40,250,250.0,150,100.0,2025-07,None
O02156,2025-07-29,C2484,North,Office Chair,Furniture,6500,4300,2,0.2,40,13000,10400.0,8640,1760.0,2025-07,High (>10%)
O02185,2025-07-29,C1341,North,Notebook,Stationery,150,65,1,0.0,100,150,150.0,165,-15.0,2025-07,None
O03318,2025-07-29,C0356,South,Office Chair,Furniture,6500,4300,3,0.05,70,19500,18525.0,12970,5555.0,2025-07,Low (1-10%)
O03755,2025-07-29,C0124,West,Laptop,Electronics,50000,41000,1,0.1,100,50000,45000.0,41100,3900.0,2025-07,Low (1-10%)
O03941,2025-07-29,C0962,East,Desk,Furniture,9000,6300,4,0.1,70,36000,32400.0,25270,7130.0,2025-07,Low (1-10%)
O04904,2025-07-29,C0228,South,Notebook,Stationery,150,65,1,0.2,150,150,120.0,215,-95.0,2025-07,High (>10%)
O04958,2025-07-29,C0701,South,Keyboard,Electronics,1800,1000,3,0.0,150,5400,5400.0,3150,2250.0,2025-07,None
O05177,2025-07-29,C1481,South,Headphones,Electronics,2500,1350,3,0.0,40,7500,7500.0,4090,3410.0,2025-07,None
O05187,2025-07-29,C0893,South,Pen Set,Stationery,250,110,3,0.0,150,750,750.0,480,270.0,2025-07,None
O05198,2025-07-29,C1068,South,Backpack,Accessories,1800,850,1,0.0,150,1800,1800.0,1000,800.0,2025-07,None
O00079,2025-07-30,C2059,North,Desk,Furniture,9000,6300,4,0.0,150,36000,36000.0,25350,10650.0,2025-07,None
O00379,2025-07-30,C1954,South,Office Chair,Furniture,6500,4300,4,0.3,150,26000,18200.0,17350,850.0,2025-07,High (>10%)
O01340,2025-07-30,C2112,East,Office Chair,Furniture,6500,4300,2,0.1,40,13000,11700.0,8640,3060.0,2025-07,Low (1-10%)
O01427,2025-07-30,C0200,North,Notebook,Stationery,150,65,3,0.2,100,450,360.0,295,65.0,2025-07,High (>10%)
O02870,2025-07-30,C0025,North,Headphones,Electronics,2500,1350,1,0.3,100,2500,1750.0,1450,300.0,2025-07,High (>10%)
O03140,2025-07-30,C2442,East,Office Chair,Furniture,6500,4300,1,0.3,40,6500,4550.0,4340,210.0,2025-07,High (>10%)
O04217,2025-07-30,C0483,West,Office Chair,Furniture,6500,4300,4,0.2,70,26000,20800.0,17270,3530.0,2025-07,High (>10%)
O04431,2025-07-30,C0198,West,Backpack,Accessories,1800,850,2,0.05,100,3600,3420.0,1800,1620.0,2025-07,Low (1-10%)
O04554,2025-07-30,C1057,West,Desk,Furniture,9000,6300,4,0.2,100,36000,28800.0,25300,3500.0,2025-07,High (>10%)
O05091,2025-07-30,C1319,South,Backpack,Accessories,1800,850,1,0.1,40,1800,1620.0,890,730.0,2025-07,Low (1-10%)
O05356,2025-07-30,C1681,East,Pen Set,Stationery,250,110,3,0.0,100,750,750.0,430,320.0,2025-07,None
O05745,2025-07-30,C0712,West,Laptop,Electronics,50000,41000,3,0.1,100,150000,135000.0,123100,11900.0,2025-07,Low (1-10%)
O00213,2025-07-31,C0593,North,Pen Set,Stationery,250,110,2,0.0,70,500,500.0,290,210.0,2025-07,None
O00395,2025-07-31,C1515,East,Notebook,Stationery,150,65,1,0.05,70,150,142.5,135,7.5,2025-07,Low (1-10%)
O00586,2025-07-31,C2270,West,Backpack,Accessories,1800,850,3,0.0,40,5400,5400.0,2590,2810.0,2025-07,None
O00659,2025-07-31,C0172,West,Laptop,Electronics,50000,41000,4,0.05,70,200000,190000.0,164070,25930.0,2025-07,Low (1-10%)
O01468,2025-07-31,C1991,North,Office Chair,Furniture,6500,4300,3,0.3,100,19500,13650.0,13000,650.0,2025-07,High (>10%)
O01499,2025-07-31,C0282,East,Office Chair,Furniture,6500,4300,2,0.0,150,13000,13000.0,8750,4250.0,2025-07,None
O01773,2025-07-31,C2218,South,Keyboard,Electronics,1800,1000,2,0.1,70,3600,3240.0,2070,1170.0,2025-07,Low (1-10%)
O01949,2025-07-31,C0736,South,Laptop,Electronics,50000,41000,2,0.05,150,100000,95000.0,82150,12850.0,2025-07,Low (1-10%)
O02521,2025-07-31,C1888,South,Office Chair,Furniture,6500,4300,2,0.3,40,13000,9100.0,8640,460.0,2025-07,High (>10%)
O02577,2025-07-31,C0827,South,Keyboard,Electronics,1800,1000,2,0.05,40,3600,3420.0,2040,1380.0,2025-07,Low (1-10%)
O03330,2025-07-31,C0364,South,Backpack,Accessories,1800,850,3,0.05,150,5400,5130.0,2700,2430.0,2025-07,Low (1-10%)
O03620,2025-07-31,C0077,West,Laptop,Electronics,50000,41000,2,0.05,100,100000,95000.0,82100,12900.0,2025-07,Low (1-10%)
O03901,2025-07-31,C2423,North,Desk,Furniture,9000,6300,2,0.0,40,18000,18000.0,12640,5360.0,2025-07,None
O05294,2025-07-31,C1712,West,Notebook,Stationery,150,65,3,0.05,40,450,427.5,235,192.5,2025-07,Low (1-10%)
O05353,2025-07-31,C0089,South,Laptop,Electronics,50000,41000,2,0.0,40,100000,100000.0,82040,17960.0,2025-07,None
O05731,2025-07-31,C1266,East,Pen Set,Stationery,250,110,4,0.05,40,1000,950.0,480,470.0,2025-07,Low (1-10%)
O05817,2025-07-31,C2172,East,Office Chair,Furniture,6500,4300,2,0.1,150,13000,11700.0,8750,2950.0,2025-07,Low (1-10%)
O05994,2025-07-31,C2091,South,Notebook,Stationery,150,65,3,0.1,100,450,405.0,295,110.0,2025-07,Low (1-10%)
O00037,2025-08-01,C1286,West,Pen Set,Stationery,250,110,2,0.1,150,500,450.0,370,80.0,2025-08,Low (1-10%)
O01749,2025-08-01,C0356,South,Pen Set,Stationery,250,110,4,0.0,70,1000,1000.0,510,490.0,2025-08,None
O01966,2025-08-01,C0687,North,Notebook,Stationery,150,65,3,0.1,100,450,405.0,295,110.0,2025-08,Low (1-10%)
O02310,2025-08-01,C2022,North,Desk,Furniture,9000,6300,2,0.0,100,18000,18000.0,12700,5300.0,2025-08,None
O02679,2025-08-01,C1670,South,Desk,Furniture,9000,6300,2,0.1,70,18000,16200.0,12670,3530.0,2025-08,Low (1-10%)
O02780,2025-08-01,C0561,West,Laptop,Electronics,50000,41000,2,0.2,150,100000,80000.0,82150,-2150.0,2025-08,High (>10%)
O03233,2025-08-01,C0851,North,Notebook,Stationery,150,65,2,0.05,100,300,285.0,230,55.0,2025-08,Low (1-10%)
O03495,2025-08-01,C2147,East,Backpack,Accessories,1800,850,1,0.0,40,1800,1800.0,890,910.0,2025-08,None
O03937,2025-08-01,C2035,South,Desk,Furniture,9000,6300,3,0.0,40,27000,27000.0,18940,8060.0,2025-08,None
O03950,2025-08-01,C1950,West,Headphones,Electronics,2500,1350,4,0.2,40,10000,8000.0,5440,2560.0,2025-08,High (>10%)
O04164,2025-08-01,C1539,North,Headphones,Electronics,2500,1350,2,0.1,100,5000,4500.0,2800,1700.0,2025-08,Low (1-10%)
O04251,2025-08-01,C0102,East,Office Chair,Furniture,6500,4300,1,0.1,70,6500,5850.0,4370,1480.0,2025-08,Low (1-10%)
O04297,2025-08-01,C0346,South,Office Chair,Furniture,6500,4300,2,0.2,40,13000,10400.0,8640,1760.0,2025-08,High (>10%)
O04592,2025-08-01,C1038,East,Laptop,Electronics,50000,41000,4,0.05,100,200000,190000.0,164100,25900.0,2025-08,Low (1-10%)
O04688,2025-08-01,C0887,South,Keyboard,Electronics,1800,1000,3,0.3,100,5400,3780.0,3100,680.0,2025-08,High (>10%)
O05343,2025-08-01,C0095,South,Desk,Furniture,9000,6300,2,0.1,150,18000,16200.0,12750,3450.0,2025-08,Low (1-10%)
O05714,2025-08-01,C2206,North,Notebook,Stationery,150,65,3,0.3,40,450,315.0,235,80.0,2025-08,High (>10%)
O00726,2025-08-02,C1301,West,Laptop,Electronics,50000,41000,3,0.1,150,150000,135000.0,123150,11850.0,2025-08,Low (1-10%)
O01864,2025-08-02,C1808,North,Keyboard,Electronics,1800,1000,2,0.3,70,3600,2520.0,2070,450.0,2025-08,High (>10%)
O02128,2025-08-02,C0155,North,Notebook,Stationery,150,65,2,0.1,40,300,270.0,170,100.0,2025-08,Low (1-10%)
O02707,2025-08-02,C1744,South,Notebook,Stationery,150,65,1,0.1,100,150,135.0,165,-30.0,2025-08,Low (1-10%)
O02916,2025-08-02,C2018,West,Office Chair,Furniture,6500,4300,4,0.05,40,26000,24700.0,17240,7460.0,2025-08,Low (1-10%)
O03568,2025-08-02,C0558,South,Headphones,Electronics,2500,1350,1,0.1,150,2500,2250.0,1500,750.0,2025-08,Low (1-10%)
O03748,2025-08-02,C0209,South,Backpack,Accessories,1800,850,4,0.2,150,7200,5760.0,3550,2210.0,2025-08,High (>10%)
O04524,2025-08-02,C0209,North,Backpack,Accessories,1800,850,2,0.0,100,3600,3600.0,1800,1800.0,2025-08,None
O04615,2025-08-02,C1048,West,Desk,Furniture,9000,6300,2,0.2,150,18000,14400.0,12750,1650.0,2025-08,High (>10%)
O04661,2025-08-02,C0748,East,Pen Set,Stationery,250,110,2,0.1,40,500,450.0,260,190.0,2025-08,Low (1-10%)
O05186,2025-08-02,C2179,North,Notebook,Stationery,150,65,1,0.0,150,150,150.0,215,-65.0,2025-08,None
O05368,2025-08-02,C2164,West,Desk,Furniture,9000,6300,4,0.05,70,36000,34200.0,25270,8930.0,2025-08,Low (1-10%)
O05395,2025-08-02,C1167,East,Desk,Furniture,9000,6300,1,0.0,70,9000,9000.0,6370,2630.0,2025-08,None
O00733,2025-08-03,C1564,West,Backpack,Accessories,1800,850,3,0.2,150,5400,4320.0,2700,1620.0,2025-08,High (>10%)
O00982,2025-08-03,C0653,North,Notebook,Stationery,150,65,3,0.1,100,450,405.0,295,110.0,2025-08,Low (1-10%)
O01270,2025-08-03,C1982,North,Laptop,Electronics,50000,41000,4,0.0,70,200000,200000.0,164070,35930.0,2025-08,None
O01439,2025-08-03,C0902,West,Keyboard,Electronics,1800,1000,3,0.0,70,5400,5400.0,3070,2330.0,2025-08,None
O02559,2025-08-03,C1191,East,Laptop,Electronics,50000,41000,1,0.1,70,50000,45000.0,41070,3930.0,2025-08,Low (1-10%)
O02736,2025-08-03,C1959,West,Headphones,Electronics,2500,1350,3,0.1,150,7500,6750.0,4200,2550.0,2025-08,Low (1-10%)
O03022,2025-08-03,C1508,South,Headphones,Electronics,2500,1350,2,0.3,150,5000,3500.0,2850,650.0,2025-08,High (>10%)
O03481,2025-08-03,C1360,West,Pen Set,Stationery,250,110,4,0.1,150,1000,900.0,590,310.0,2025-08,Low (1-10%)
O03837,2025-08-03,C2042,West,Headphones,Electronics,2500,1350,3,0.1,100,7500,6750.0,4150,2600.0,2025-08,Low (1-10%)
O04365,2025-08-03,C2226,South,Desk,Furniture,9000,6300,1,0.1,40,9000,8100.0,6340,1760.0,2025-08,Low (1-10%)
O04511,2025-08-03,C1882,South,Keyboard,Electronics,1800,1000,4,0.05,70,7200,6840.0,4070,2770.0,2025-08,Low (1-10%)
O04759,2025-08-03,C0972,North,Office Chair,Furniture,6500,4300,1,0.1,100,6500,5850.0,4400,1450.0,2025-08,Low (1-10%)
O05784,2025-08-03,C1766,West,Backpack,Accessories,1800,850,2,0.3,40,3600,2520.0,1740,780.0,2025-08,High (>10%)
O00014,2025-08-04,C1639,North,Pen Set,Stationery,250,110,2,0.0,40,500,500.0,260,240.0,2025-08,None
O00428,2025-08-04,C1497,South,Pen Set,Stationery,250,110,3,0.3,70,750,525.0,400,125.0,2025-08,High (>10%)
O00696,2025-08-04,C1818,South,Keyboard,Electronics,1800,1000,2,0.2,150,3600,2880.0,2150,730.0,2025-08,High (>10%)
O01167,2025-08-04,C0600,West,Laptop,Electronics,50000,41000,1,0.2,70,50000,40000.0,41070,-1070.0,2025-08,High (>10%)
O02194,2025-08-04,C1198,South,Headphones,Electronics,2500,1350,2,0.1,100,5000,4500.0,2800,1700.0,2025-08,Low (1-10%)
O02203,2025-08-04,C2020,East,Laptop,Electronics,50000,41000,3,0.3,40,150000,105000.0,123040,-18040.0,2025-08,High (>10%)
O02217,2025-08-04,C0396,West,Office Chair,Furniture,6500,4300,3,0.3,150,19500,13650.0,13050,600.0,2025-08,High (>10%)
O02234,2025-08-04,C0957,West,Headphones,Electronics,2500,1350,1,0.1,70,2500,2250.0,1420,830.0,2025-08,Low (1-10%)
O02588,2025-08-04,C0362,North,Keyboard,Electronics,1800,1000,3,0.1,100,5400,4860.0,3100,1760.0,2025-08,Low (1-10%)
O02596,2025-08-04,C0199,North,Headphones,Electronics,2500,1350,4,0.1,40,10000,9000.0,5440,3560.0,2025-08,Low (1-10%)
O02641,2025-08-04,C0510,East,Headphones,Electronics,2500,1350,3,0.2,150,7500,6000.0,4200,1800.0,2025-08,High (>10%)
O02750,2025-08-04,C1371,East,Backpack,Accessories,1800,850,3,0.2,40,5400,4320.0,2590,1730.0,2025-08,High (>10%)
O03029,2025-08-04,C1195,South,Headphones,Electronics,2500,1350,3,0.2,40,7500,6000.0,4090,1910.0,2025-08,High (>10%)
O03159,2025-08-04,C2042,North,Notebook,Stationery,150,65,2,0.3,150,300,210.0,280,-70.0,2025-08,High (>10%)
O03436,2025-08-04,C2078,South,Desk,Furniture,9000,6300,2,0.2,100,18000,14400.0,12700,1700.0,2025-08,High (>10%)
O03693,2025-08-04,C0299,West,Headphones,Electronics,2500,1350,3,0.2,40,7500,6000.0,4090,1910.0,2025-08,High (>10%)
O04316,2025-08-04,C0537,North,Keyboard,Electronics,1800,1000,4,0.0,150,7200,7200.0,4150,3050.0,2025-08,None
O04747,2025-08-04,C2219,West,Pen Set,Stationery,250,110,4,0.05,70,1000,950.0,510,440.0,2025-08,Low (1-10%)
O05020,2025-08-04,C2151,West,Notebook,Stationery,150,65,1,0.0,150,150,150.0,215,-65.0,2025-08,None
O05306,2025-08-04,C2450,South,Pen Set,Stationery,250,110,1,0.2,150,250,200.0,260,-60.0,2025-08,High (>10%)
O05399,2025-08-04,C0579,North,Backpack,Accessories,1800,850,3,0.05,150,5400,5130.0,2700,2430.0,2025-08,Low (1-10%)
O00004,2025-08-05,C0298,North,Office Chair,Furniture,6500,4300,1,0.05,100,6500,6175.0,4400,1775.0,2025-08,Low (1-10%)
O00045,2025-08-05,C1832,South,Laptop,Electronics,50000,41000,4,0.2,100,200000,160000.0,164100,-4100.0,2025-08,High (>10%)
O01076,2025-08-05,C1468,East,Headphones,Electronics,2500,1350,1,0.0,70,2500,2500.0,1420,1080.0,2025-08,None
O01395,2025-08-05,C1201,East,Headphones,Electronics,2500,1350,3,0.05,40,7500,7125.0,4090,3035.0,2025-08,Low (1-10%)
O01912,2025-08-05,C1194,South,Backpack,Accessories,1800,850,4,0.05,100,7200,6840.0,3500,3340.0,2025-08,Low (1-10%)
O02850,2025-08-05,C1872,North,Keyboard,Electronics,1800,1000,3,0.0,40,5400,5400.0,3040,2360.0,2025-08,None
O02933,2025-08-05,C1706,North,Headphones,Electronics,2500,1350,1,0.2,70,2500,2000.0,1420,580.0,2025-08,High (>10%)
O03662,2025-08-05,C2418,South,Office Chair,Furniture,6500,4300,2,0.3,150,13000,9100.0,8750,350.0,2025-08,High (>10%)
O04058,2025-08-05,C2406,South,Desk,Furniture,9000,6300,3,0.2,40,27000,21600.0,18940,2660.0,2025-08,High (>10%)
O04471,2025-08-05,C0020,East,Office Chair,Furniture,6500,4300,3,0.0,100,19500,19500.0,13000,6500.0,2025-08,None
O04827,2025-08-05,C1590,South,Headphones,Electronics,2500,1350,3,0.1,70,7500,6750.0,4120,2630.0,2025-08,Low (1-10%)
O05165,2025-08-05,C0769,North,Keyboard,Electronics,1800,1000,4,0.05,150,7200,6840.0,4150,2690.0,2025-08,Low (1-10%)
O05463,2025-08-05,C0053,East,Notebook,Stationery,150,65,2,0.0,40,300,300.0,170,130.0,2025-08,None
O05884,2025-08-05,C0293,North,Headphones,Electronics,2500,1350,1,0.05,40,2500,2375.0,1390,985.0,2025-08,Low (1-10%)
O00227,2025-08-06,C0504,West,Pen Set,Stationery,250,110,3,0.0,70,750,750.0,400,350.0,2025-08,None
O00283,2025-08-06,C1884,South,Notebook,Stationery,150,65,3,0.3,100,450,315.0,295,20.0,2025-08,High (>10%)
O00544,2025-08-06,C0554,South,Headphones,Electronics,2500,1350,4,0.1,40,10000,9000.0,5440,3560.0,2025-08,Low (1-10%)
O00728,2025-08-06,C0323,North,Laptop,Electronics,50000,41000,4,0.0,40,200000,200000.0,164040,35960.0,2025-08,None
O00879,2025-08-06,C0613,North,Desk,Furniture,9000,6300,4,0.05,70,36000,34200.0,25270,8930.0,2025-08,Low (1-10%)
O00880,2025-08-06,C1438,South,Notebook,Stationery,150,65,3,0.05,40,450,427.5,235,192.5,2025-08,Low (1-10%)
O01047,2025-08-06,C2259,East,Headphones,Electronics,2500,1350,1,0.1,70,2500,2250.0,1420,830.0,2025-08,Low (1-10%)
O01373,2025-08-06,C0068,North,Office Chair,Furniture,6500,4300,4,0.2,40,26000,20800.0,17240,3560.0,2025-08,High (>10%)
O01963,2025-08-06,C0108,West,Headphones,Electronics,2500,1350,4,0.3,150,10000,7000.0,5550,1450.0,2025-08,High (>10%)
O02245,2025-08-06,C0730,West,Notebook,Stationery,150,65,2,0.1,150,300,270.0,280,-10.0,2025-08,Low (1-10%)
O02807,2025-08-06,C1867,East,Keyboard,Electronics,1800,1000,1,0.1,70,1800,1620.0,1070,550.0,2025-08,Low (1-10%)
O02812,2025-08-06,C0035,South,Keyboard,Electronics,1800,1000,2,0.3,70,3600,2520.0,2070,450.0,2025-08,High (>10%)
O03616,2025-08-06,C0849,West,Office Chair,Furniture,6500,4300,1,0.0,100,6500,6500.0,4400,2100.0,2025-08,None
O03764,2025-08-06,C0074,East,Notebook,Stationery,150,65,1,0.0,70,150,150.0,135,15.0,2025-08,None
O03886,2025-08-06,C1720,West,Office Chair,Furniture,6500,4300,1,0.0,70,6500,6500.0,4370,2130.0,2025-08,None
O03894,2025-08-06,C2332,North,Headphones,Electronics,2500,1350,4,0.0,70,10000,10000.0,5470,4530.0,2025-08,None
O03990,2025-08-06,C0139,North,Office Chair,Furniture,6500,4300,2,0.0,100,13000,13000.0,8700,4300.0,2025-08,None
O04041,2025-08-06,C1639,West,Keyboard,Electronics,1800,1000,2,0.05,150,3600,3420.0,2150,1270.0,2025-08,Low (1-10%)
O04545,2025-08-06,C0804,North,Office Chair,Furniture,6500,4300,2,0.0,150,13000,13000.0,8750,4250.0,2025-08,None
O04714,2025-08-06,C1687,South,Office Chair,Furniture,6500,4300,3,0.05,150,19500,18525.0,13050,5475.0,2025-08,Low (1-10%)
O04741,2025-08-06,C0832,South,Keyboard,Electronics,1800,1000,2,0.1,150,3600,3240.0,2150,1090.0,2025-08,Low (1-10%)
O05155,2025-08-06,C1588,South,Pen Set,Stationery,250,110,4,0.2,100,1000,800.0,540,260.0,2025-08,High (>10%)
O05832,2025-08-06,C0660,South,Headphones,Electronics,2500,1350,2,0.05,70,5000,4750.0,2770,1980.0,2025-08,Low (1-10%)
O00122,2025-08-07,C1588,West,Notebook,Stationery,150,65,2,0.05,40,300,285.0,170,115.0,2025-08,Low (1-10%)
O00304,2025-08-07,C1803,South,Backpack,Accessories,1800,850,4,0.1,40,7200,6480.0,3440,3040.0,2025-08,Low (1-10%)
O00618,2025-08-07,C0874,North,Keyboard,Electronics,1800,1000,3,0.1,150,5400,4860.0,3150,1710.0,2025-08,Low (1-10%)
O01151,2025-08-07,C0571,South,Keyboard,Electronics,1800,1000,2,0.05,100,3600,3420.0,2100,1320.0,2025-08,Low (1-10%)
O01266,2025-08-07,C2203,South,Laptop,Electronics,50000,41000,1,0.3,100,50000,35000.0,41100,-6100.0,2025-08,High (>10%)
O02731,2025-08-07,C0365,West,Backpack,Accessories,1800,850,3,0.2,100,5400,4320.0,2650,1670.0,2025-08,High (>10%)
O03733,2025-08-07,C0777,North,Office Chair,Furniture,6500,4300,2,0.2,40,13000,10400.0,8640,1760.0,2025-08,High (>10%)
O03761,2025-08-07,C0317,West,Headphones,Electronics,2500,1350,1,0.05,150,2500,2375.0,1500,875.0,2025-08,Low (1-10%)
O04093,2025-08-07,C1704,South,Keyboard,Electronics,1800,1000,4,0.2,100,7200,5760.0,4100,1660.0,2025-08,High (>10%)
O04149,2025-08-07,C1997,South,Pen Set,Stationery,250,110,3,0.1,40,750,675.0,370,305.0,2025-08,Low (1-10%)
O04748,2025-08-07,C1014,South,Keyboard,Electronics,1800,1000,2,0.1,150,3600,3240.0,2150,1090.0,2025-08,Low (1-10%)
O05086,2025-08-07,C0786,South,Keyboard,Electronics,1800,1000,2,0.05,100,3600,3420.0,2100,1320.0,2025-08,Low (1-10%)
O05088,2025-08-07,C2436,North,Headphones,Electronics,2500,1350,2,0.1,70,5000,4500.0,2770,1730.0,2025-08,Low (1-10%)
O05216,2025-08-07,C1864,South,Headphones,Electronics,2500,1350,1,0.2,100,2500,2000.0,1450,550.0,2025-08,High (>10%)
O05335,2025-08-07,C1236,North,Desk,Furniture,9000,6300,4,0.0,40,36000,36000.0,25240,10760.0,2025-08,None
O05867,2025-08-07,C1329,South,Notebook,Stationery,150,65,1,0.1,40,150,135.0,105,30.0,2025-08,Low (1-10%)
O00058,2025-08-08,C2310,West,Headphones,Electronics,2500,1350,3,0.05,70,7500,7125.0,4120,3005.0,2025-08,Low (1-10%)
O00330,2025-08-08,C2229,East,Desk,Furniture,9000,6300,3,0.05,100,27000,25650.0,19000,6650.0,2025-08,Low (1-10%)
O01023,2025-08-08,C0025,South,Pen Set,Stationery,250,110,4,0.1,70,1000,900.0,510,390.0,2025-08,Low (1-10%)
O01230,2025-08-08,C2464,South,Keyboard,Electronics,1800,1000,3,0.0,150,5400,5400.0,3150,2250.0,2025-08,None
O01384,2025-08-08,C0147,West,Backpack,Accessories,1800,850,1,0.1,40,1800,1620.0,890,730.0,2025-08,Low (1-10%)
O02057,2025-08-08,C1663,North,Notebook,Stationery,150,65,4,0.2,150,600,480.0,410,70.0,2025-08,High (>10%)
O02145,2025-08-08,C1531,North,Keyboard,Electronics,1800,1000,1,0.0,70,1800,1800.0,1070,730.0,2025-08,None
O03766,2025-08-08,C0824,North,Office Chair,Furniture,6500,4300,3,0.05,40,19500,18525.0,12940,5585.0,2025-08,Low (1-10%)
O03973,2025-08-08,C2039,West,Laptop,Electronics,50000,41000,1,0.05,40,50000,47500.0,41040,6460.0,2025-08,Low (1-10%)
O04038,2025-08-08,C0828,East,Desk,Furniture,9000,6300,3,0.2,70,27000,21600.0,18970,2630.0,2025-08,High (>10%)
O04118,2025-08-08,C1775,West,Headphones,Electronics,2500,1350,2,0.3,150,5000,3500.0,2850,650.0,2025-08,High (>10%)
O04234,2025-08-08,C1456,East,Keyboard,Electronics,1800,1000,2,0.1,150,3600,3240.0,2150,1090.0,2025-08,Low (1-10%)
O04514,2025-08-08,C1918,South,Backpack,Accessories,1800,850,2,0.2,150,3600,2880.0,1850,1030.0,2025-08,High (>10%)
O04654,2025-08-08,C1749,South,Headphones,Electronics,2500,1350,4,0.1,40,10000,9000.0,5440,3560.0,2025-08,Low (1-10%)
O04860,2025-08-08,C1481,West,Pen Set,Stationery,250,110,2,0.05,100,500,475.0,320,155.0,2025-08,Low (1-10%)
O05722,2025-08-08,C0535,North,Office Chair,Furniture,6500,4300,4,0.3,150,26000,18200.0,17350,850.0,2025-08,High (>10%)
O00340,2025-08-09,C1747,South,Backpack,Accessories,1800,850,3,0.05,100,5400,5130.0,2650,2480.0,2025-08,Low (1-10%)
O00650,2025-08-09,C1494,South,Pen Set,Stationery,250,110,4,0.0,70,1000,1000.0,510,490.0,2025-08,None
O01123,2025-08-09,C1181,North,Keyboard,Electronics,1800,1000,2,0.3,70,3600,2520.0,2070,450.0,2025-08,High (>10%)
O01710,2025-08-09,C0349,East,Headphones,Electronics,2500,1350,4,0.2,150,10000,8000.0,5550,2450.0,2025-08,High (>10%)
O02454,2025-08-09,C0068,North,Office Chair,Furniture,6500,4300,4,0.05,70,26000,24700.0,17270,7430.0,2025-08,Low (1-10%)
O02499,2025-08-09,C2432,South,Laptop,Electronics,50000,41000,1,0.0,100,50000,50000.0,41100,8900.0,2025-08,None
O02580,2025-08-09,C0469,South,Desk,Furniture,9000,6300,3,0.05,150,27000,25650.0,19050,6600.0,2025-08,Low (1-10%)
O02905,2025-08-09,C0670,North,Notebook,Stationery,150,65,3,0.0,70,450,450.0,265,185.0,2025-08,None
O03458,2025-08-09,C1501,South,Laptop,Electronics,50000,41000,4,0.3,150,200000,140000.0,164150,-24150.0,2025-08,High (>10%)
O04355,2025-08-09,C0600,West,Office Chair,Furniture,6500,4300,2,0.2,70,13000,10400.0,8670,1730.0,2025-08,High (>10%)
O04945,2025-08-09,C2025,North,Laptop,Electronics,50000,41000,1,0.1,150,50000,45000.0,41150,3850.0,2025-08,Low (1-10%)
O05221,2025-08-09,C0628,South,Keyboard,Electronics,1800,1000,2,0.0,150,3600,3600.0,2150,1450.0,2025-08,None
O05604,2025-08-09,C0701,West,Office Chair,Furniture,6500,4300,4,0.0,70,26000,26000.0,17270,8730.0,2025-08,None
O05631,2025-08-09,C0883,North,Office Chair,Furniture,6500,4300,4,0.05,40,26000,24700.0,17240,7460.0,2025-08,Low (1-10%)
O00109,2025-08-10,C0659,West,Office Chair,Furniture,6500,4300,1,0.1,40,6500,5850.0,4340,1510.0,2025-08,Low (1-10%)
O00383,2025-08-10,C0540,South,Backpack,Accessories,1800,850,2,0.05,40,3600,3420.0,1740,1680.0,2025-08,Low (1-10%)
O01073,2025-08-10,C1163,South,Pen Set,Stationery,250,110,3,0.3,70,750,525.0,400,125.0,2025-08,High (>10%)
O01377,2025-08-10,C0885,South,Backpack,Accessories,1800,850,4,0.05,150,7200,6840.0,3550,3290.0,2025-08,Low (1-10%)
O01455,2025-08-10,C0627,South,Desk,Furniture,9000,6300,3,0.1,100,27000,24300.0,19000,5300.0,2025-08,Low (1-10%)
O01688,2025-08-10,C0849,West,Office Chair,Furniture,6500,4300,1,0.05,100,6500,6175.0,4400,1775.0,2025-08,Low (1-10%)
O01869,2025-08-10,C1715,East,Laptop,Electronics,50000,41000,1,0.3,100,50000,35000.0,41100,-6100.0,2025-08,High (>10%)
O02387,2025-08-10,C0165,North,Backpack,Accessories,1800,850,1,0.3,70,1800,1260.0,920,340.0,2025-08,High (>10%)
O03667,2025-08-10,C1030,North,Desk,Furniture,9000,6300,2,0.1,70,18000,16200.0,12670,3530.0,2025-08,Low (1-10%)
O04197,2025-08-10,C0875,West,Desk,Furniture,9000,6300,3,0.1,100,27000,24300.0,19000,5300.0,2025-08,Low (1-10%)
O04575,2025-08-10,C0973,South,Notebook,Stationery,150,65,3,0.2,150,450,360.0,345,15.0,2025-08,High (>10%)
O05076,2025-08-10,C2373,South,Office Chair,Furniture,6500,4300,1,0.3,100,6500,4550.0,4400,150.0,2025-08,High (>10%)
O05238,2025-08-10,C0446,South,Pen Set,Stationery,250,110,4,0.1,100,1000,900.0,540,360.0,2025-08,Low (1-10%)
O05252,2025-08-10,C0124,North,Office Chair,Furniture,6500,4300,3,0.3,40,19500,13650.0,12940,710.0,2025-08,High (>10%)
O05595,2025-08-10,C1465,North,Pen Set,Stationery,250,110,2,0.2,150,500,400.0,370,30.0,2025-08,High (>10%)
O05741,2025-08-10,C1910,East,Pen Set,Stationery,250,110,1,0.2,70,250,200.0,180,20.0,2025-08,High (>10%)
O05754,2025-08-10,C2200,West,Keyboard,Electronics,1800,1000,1,0.05,150,1800,1710.0,1150,560.0,2025-08,Low (1-10%)
O05939,2025-08-10,C1923,East,Backpack,Accessories,1800,850,2,0.1,100,3600,3240.0,1800,1440.0,2025-08,Low (1-10%)
O00156,2025-08-11,C0895,West,Notebook,Stationery,150,65,3,0.05,40,450,427.5,235,192.5,2025-08,Low (1-10%)
O00158,2025-08-11,C0172,North,Desk,Furniture,9000,6300,3,0.1,70,27000,24300.0,18970,5330.0,2025-08,Low (1-10%)
O00435,2025-08-11,C0868,East,Office Chair,Furniture,6500,4300,2,0.2,70,13000,10400.0,8670,1730.0,2025-08,High (>10%)
O00988,2025-08-11,C0402,West,Keyboard,Electronics,1800,1000,2,0.05,70,3600,3420.0,2070,1350.0,2025-08,Low (1-10%)
O01034,2025-08-11,C1830,North,Keyboard,Electronics,1800,1000,3,0.2,150,5400,4320.0,3150,1170.0,2025-08,High (>10%)
O01043,2025-08-11,C0604,East,Office Chair,Furniture,6500,4300,3,0.1,150,19500,17550.0,13050,4500.0,2025-08,Low (1-10%)
O01344,2025-08-11,C0802,West,Desk,Furniture,9000,6300,1,0.2,150,9000,7200.0,6450,750.0,2025-08,High (>10%)
O01888,2025-08-11,C1492,West,Office Chair,Furniture,6500,4300,3,0.1,40,19500,17550.0,12940,4610.0,2025-08,Low (1-10%)
O02227,2025-08-11,C0157,North,Backpack,Accessories,1800,850,2,0.2,100,3600,2880.0,1800,1080.0,2025-08,High (>10%)
O04052,2025-08-11,C1218,West,Office Chair,Furniture,6500,4300,1,0.05,100,6500,6175.0,4400,1775.0,2025-08,Low (1-10%)
O04382,2025-08-11,C1672,South,Laptop,Electronics,50000,41000,3,0.0,70,150000,150000.0,123070,26930.0,2025-08,None
O04435,2025-08-11,C0410,West,Desk,Furniture,9000,6300,1,0.05,70,9000,8550.0,6370,2180.0,2025-08,Low (1-10%)
O04580,2025-08-11,C0625,North,Keyboard,Electronics,1800,1000,3,0.2,40,5400,4320.0,3040,1280.0,2025-08,High (>10%)
O05512,2025-08-11,C0596,West,Pen Set,Stationery,250,110,4,0.1,150,1000,900.0,590,310.0,2025-08,Low (1-10%)
O00497,2025-08-12,C0886,North,Laptop,Electronics,50000,41000,2,0.0,100,100000,100000.0,82100,17900.0,2025-08,None
O00753,2025-08-12,C0906,South,Laptop,Electronics,50000,41000,4,0.3,150,200000,140000.0,164150,-24150.0,2025-08,High (>10%)
O01007,2025-08-12,C1333,South,Pen Set,Stationery,250,110,1,0.3,40,250,175.0,150,25.0,2025-08,High (>10%)
O01017,2025-08-12,C1702,East,Office Chair,Furniture,6500,4300,1,0.1,40,6500,5850.0,4340,1510.0,2025-08,Low (1-10%)
O01217,2025-08-12,C1364,East,Desk,Furniture,9000,6300,4,0.3,100,36000,25200.0,25300,-100.0,2025-08,High (>10%)
O02020,2025-08-12,C1321,East,Office Chair,Furniture,6500,4300,3,0.1,100,19500,17550.0,13000,4550.0,2025-08,Low (1-10%)
O02251,2025-08-12,C2438,South,Desk,Furniture,9000,6300,4,0.05,100,36000,34200.0,25300,8900.0,2025-08,Low (1-10%)
O02354,2025-08-12,C0289,North,Office Chair,Furniture,6500,4300,3,0.0,100,19500,19500.0,13000,6500.0,2025-08,None
O02793,2025-08-12,C1139,East,Notebook,Stationery,150,65,2,0.2,70,300,240.0,200,40.0,2025-08,High (>10%)
O02846,2025-08-12,C0707,South,Office Chair,Furniture,6500,4300,3,0.1,100,19500,17550.0,13000,4550.0,2025-08,Low (1-10%)
O03065,2025-08-12,C0541,South,Notebook,Stationery,150,65,4,0.05,70,600,570.0,330,240.0,2025-08,Low (1-10%)
O03426,2025-08-12,C1065,North,Backpack,Accessories,1800,850,2,0.1,70,3600,3240.0,1770,1470.0,2025-08,Low (1-10%)
O03448,2025-08-12,C0999,East,Desk,Furniture,9000,6300,1,0.1,100,9000,8100.0,6400,1700.0,2025-08,Low (1-10%)
O03717,2025-08-12,C1853,South,Keyboard,Electronics,1800,1000,3,0.0,100,5400,5400.0,3100,2300.0,2025-08,None
O04023,2025-08-12,C1393,East,Desk,Furniture,9000,6300,4,0.3,100,36000,25200.0,25300,-100.0,2025-08,High (>10%)
O04151,2025-08-12,C0242,East,Keyboard,Electronics,1800,1000,3,0.2,70,5400,4320.0,3070,1250.0,2025-08,High (>10%)
O04224,2025-08-12,C0651,North,Desk,Furniture,9000,6300,3,0.0,100,27000,27000.0,19000,8000.0,2025-08,None
O04329,2025-08-12,C2297,North,Laptop,Electronics,50000,41000,4,0.1,70,200000,180000.0,164070,15930.0,2025-08,Low (1-10%)
O04604,2025-08-12,C0983,North,Pen Set,Stationery,250,110,2,0.1,40,500,450.0,260,190.0,2025-08,Low (1-10%)
O05005,2025-08-12,C1985,North,Pen Set,Stationery,250,110,1,0.0,40,250,250.0,150,100.0,2025-08,None
O05183,2025-08-12,C1458,South,Notebook,Stationery,150,65,1,0.05,40,150,142.5,105,37.5,2025-08,Low (1-10%)
O05474,2025-08-12,C1344,North,Headphones,Electronics,2500,1350,1,0.3,100,2500,1750.0,1450,300.0,2025-08,High (>10%)
O05685,2025-08-12,C0889,South,Desk,Furniture,9000,6300,3,0.1,40,27000,24300.0,18940,5360.0,2025-08,Low (1-10%)
O05967,2025-08-12,C2358,East,Notebook,Stationery,150,65,2,0.05,150,300,285.0,280,5.0,2025-08,Low (1-10%)
O00110,2025-08-13,C0070,South,Notebook,Stationery,150,65,4,0.2,150,600,480.0,410,70.0,2025-08,High (>10%)
O01226,2025-08-13,C1274,East,Backpack,Accessories,1800,850,3,0.1,40,5400,4860.0,2590,2270.0,2025-08,Low (1-10%)
O01378,2025-08-13,C1395,North,Pen Set,Stationery,250,110,2,0.3,150,500,350.0,370,-20.0,2025-08,High (>10%)
O01661,2025-08-13,C1877,North,Desk,Furniture,9000,6300,3,0.05,150,27000,25650.0,19050,6600.0,2025-08,Low (1-10%)
O02408,2025-08-13,C2456,South,Notebook,Stationery,150,65,3,0.1,100,450,405.0,295,110.0,2025-08,Low (1-10%)
O02566,2025-08-13,C0396,South,Office Chair,Furniture,6500,4300,2,0.0,40,13000,13000.0,8640,4360.0,2025-08,None
O02971,2025-08-13,C0145,East,Desk,Furniture,9000,6300,2,0.3,40,18000,12600.0,12640,-40.0,2025-08,High (>10%)
O04000,2025-08-13,C2381,South,Desk,Furniture,9000,6300,3,0.05,40,27000,25650.0,18940,6710.0,2025-08,Low (1-10%)
O04070,2025-08-13,C0003,East,Laptop,Electronics,50000,41000,2,0.0,70,100000,100000.0,82070,17930.0,2025-08,None
O04208,2025-08-13,C1815,West,Backpack,Accessories,1800,850,4,0.1,70,7200,6480.0,3470,3010.0,2025-08,Low (1-10%)
O04685,2025-08-13,C0836,South,Desk,Furniture,9000,6300,4,0.1,40,36000,32400.0,25240,7160.0,2025-08,Low (1-10%)
O04911,2025-08-13,C1256,East,Backpack,Accessories,1800,850,2,0.1,40,3600,3240.0,1740,1500.0,2025-08,Low (1-10%)
O05133,2025-08-13,C1685,West,Office Chair,Furniture,6500,4300,4,0.1,150,26000,23400.0,17350,6050.0,2025-08,Low (1-10%)
O05180,2025-08-13,C1594,North,Office Chair,Furniture,6500,4300,1,0.2,150,6500,5200.0,4450,750.0,2025-08,High (>10%)
O05248,2025-08-13,C1699,South,Backpack,Accessories,1800,850,3,0.2,150,5400,4320.0,2700,1620.0,2025-08,High (>10%)
O05342,2025-08-13,C0168,South,Desk,Furniture,9000,6300,3,0.0,100,27000,27000.0,19000,8000.0,2025-08,None
O05420,2025-08-13,C0876,North,Notebook,Stationery,150,65,3,0.1,100,450,405.0,295,110.0,2025-08,Low (1-10%)
O05536,2025-08-13,C2462,East,Notebook,Stationery,150,65,3,0.2,100,450,360.0,295,65.0,2025-08,High (>10%)
O05609,2025-08-13,C0985,East,Desk,Furniture,9000,6300,2,0.1,70,18000,16200.0,12670,3530.0,2025-08,Low (1-10%)
O00074,2025-08-14,C2281,East,Headphones,Electronics,2500,1350,4,0.05,40,10000,9500.0,5440,4060.0,2025-08,Low (1-10%)
O00114,2025-08-14,C0336,South,Office Chair,Furniture,6500,4300,4,0.05,40,26000,24700.0,17240,7460.0,2025-08,Low (1-10%)
O00197,2025-08-14,C0057,South,Keyboard,Electronics,1800,1000,3,0.0,100,5400,5400.0,3100,2300.0,2025-08,None
O00628,2025-08-14,C0382,South,Keyboard,Electronics,1800,1000,3,0.0,100,5400,5400.0,3100,2300.0,2025-08,None
O00831,2025-08-14,C2328,West,Headphones,Electronics,2500,1350,2,0.2,100,5000,4000.0,2800,1200.0,2025-08,High (>10%)
O00979,2025-08-14,C0678,North,Keyboard,Electronics,1800,1000,1,0.0,100,1800,1800.0,1100,700.0,2025-08,None
O01555,2025-08-14,C0138,East,Office Chair,Furniture,6500,4300,1,0.0,40,6500,6500.0,4340,2160.0,2025-08,None
O01617,2025-08-14,C1703,South,Pen Set,Stationery,250,110,2,0.2,150,500,400.0,370,30.0,2025-08,High (>10%)
O02176,2025-08-14,C0679,South,Pen Set,Stationery,250,110,1,0.3,150,250,175.0,260,-85.0,2025-08,High (>10%)
O02223,2025-08-14,C1409,North,Laptop,Electronics,50000,41000,1,0.05,70,50000,47500.0,41070,6430.0,2025-08,Low (1-10%)
O02646,2025-08-14,C0983,North,Laptop,Electronics,50000,41000,1,0.0,100,50000,50000.0,41100,8900.0,2025-08,None
O03006,2025-08-14,C0471,North,Keyboard,Electronics,1800,1000,1,0.0,70,1800,1800.0,1070,730.0,2025-08,None
O03037,2025-08-14,C2278,South,Pen Set,Stationery,250,110,1,0.1,100,250,225.0,210,15.0,2025-08,Low (1-10%)
O03496,2025-08-14,C1612,West,Desk,Furniture,9000,6300,4,0.0,150,36000,36000.0,25350,10650.0,2025-08,None
O03905,2025-08-14,C0710,North,Pen Set,Stationery,250,110,4,0.0,100,1000,1000.0,540,460.0,2025-08,None
O03939,2025-08-14,C0988,East,Notebook,Stationery,150,65,1,0.0,70,150,150.0,135,15.0,2025-08,None
O04791,2025-08-14,C0009,South,Headphones,Electronics,2500,1350,3,0.1,40,7500,6750.0,4090,2660.0,2025-08,Low (1-10%)
O05039,2025-08-14,C0068,West,Backpack,Accessories,1800,850,4,0.0,100,7200,7200.0,3500,3700.0,2025-08,None
O05107,2025-08-14,C1429,East,Pen Set,Stationery,250,110,4,0.0,100,1000,1000.0,540,460.0,2025-08,None
O05255,2025-08-14,C1552,West,Keyboard,Electronics,1800,1000,4,0.0,70,7200,7200.0,4070,3130.0,2025-08,None
O00001,2025-08-15,C1270,West,Laptop,Electronics,50000,41000,1,0.0,40,50000,50000.0,41040,8960.0,2025-08,None
O00583,2025-08-15,C2254,North,Laptop,Electronics,50000,41000,4,0.0,100,200000,200000.0,164100,35900.0,2025-08,None
O00834,2025-08-15,C1125,East,Headphones,Electronics,2500,1350,2,0.1,150,5000,4500.0,2850,1650.0,2025-08,Low (1-10%)
O00934,2025-08-15,C0624,North,Notebook,Stationery,150,65,4,0.2,40,600,480.0,300,180.0,2025-08,High (>10%)
O01242,2025-08-15,C2022,North,Pen Set,Stationery,250,110,4,0.2,70,1000,800.0,510,290.0,2025-08,High (>10%)
O01579,2025-08-15,C0604,North,Laptop,Electronics,50000,41000,2,0.0,40,100000,100000.0,82040,17960.0,2025-08,None
O01664,2025-08-15,C1547,East,Desk,Furniture,9000,6300,2,0.05,40,18000,17100.0,12640,4460.0,2025-08,Low (1-10%)
O01738,2025-08-15,C1622,South,Laptop,Electronics,50000,41000,2,0.3,40,100000,70000.0,82040,-12040.0,2025-08,High (>10%)
O01792,2025-08-15,C0310,West,Backpack,Accessories,1800,850,4,0.1,100,7200,6480.0,3500,2980.0,2025-08,Low (1-10%)
O02196,2025-08-15,C0839,East,Pen Set,Stationery,250,110,1,0.1,70,250,225.0,180,45.0,2025-08,Low (1-10%)
O02632,2025-08-15,C0432,South,Notebook,Stationery,150,65,4,0.1,70,600,540.0,330,210.0,2025-08,Low (1-10%)
O03940,2025-08-15,C0108,South,Desk,Furniture,9000,6300,3,0.1,150,27000,24300.0,19050,5250.0,2025-08,Low (1-10%)
O04282,2025-08-15,C0707,North,Backpack,Accessories,1800,850,4,0.3,40,7200,5040.0,3440,1600.0,2025-08,High (>10%)
O05033,2025-08-15,C1553,North,Keyboard,Electronics,1800,1000,3,0.0,100,5400,5400.0,3100,2300.0,2025-08,None
O05096,2025-08-15,C1378,South,Headphones,Electronics,2500,1350,4,0.2,100,10000,8000.0,5500,2500.0,2025-08,High (>10%)
O05419,2025-08-15,C0438,South,Desk,Furniture,9000,6300,2,0.0,100,18000,18000.0,12700,5300.0,2025-08,None
O05669,2025-08-15,C2124,North,Pen Set,Stationery,250,110,1,0.1,40,250,225.0,150,75.0,2025-08,Low (1-10%)
O05938,2025-08-15,C2283,North,Desk,Furniture,9000,6300,2,0.05,40,18000,17100.0,12640,4460.0,2025-08,Low (1-10%)
O00257,2025-08-16,C2371,South,Notebook,Stationery,150,65,4,0.05,100,600,570.0,360,210.0,2025-08,Low (1-10%)
O01118,2025-08-16,C2189,South,Desk,Furniture,9000,6300,1,0.0,150,9000,9000.0,6450,2550.0,2025-08,None
O01385,2025-08-16,C0482,East,Office Chair,Furniture,6500,4300,3,0.0,150,19500,19500.0,13050,6450.0,2025-08,None
O01660,2025-08-16,C1862,South,Keyboard,Electronics,1800,1000,1,0.0,150,1800,1800.0,1150,650.0,2025-08,None
O03202,2025-08-16,C2496,East,Backpack,Accessories,1800,850,2,0.0,150,3600,3600.0,1850,1750.0,2025-08,None
O03252,2025-08-16,C0139,North,Notebook,Stationery,150,65,3,0.1,40,450,405.0,235,170.0,2025-08,Low (1-10%)
O03265,2025-08-16,C2347,East,Desk,Furniture,9000,6300,2,0.05,100,18000,17100.0,12700,4400.0,2025-08,Low (1-10%)
O03797,2025-08-16,C1916,West,Notebook,Stationery,150,65,1,0.2,100,150,120.0,165,-45.0,2025-08,High (>10%)
O04134,2025-08-16,C0319,South,Desk,Furniture,9000,6300,2,0.0,70,18000,18000.0,12670,5330.0,2025-08,None
O04242,2025-08-16,C0941,South,Keyboard,Electronics,1800,1000,2,0.1,150,3600,3240.0,2150,1090.0,2025-08,Low (1-10%)
O05290,2025-08-16,C0804,South,Keyboard,Electronics,1800,1000,1,0.0,150,1800,1800.0,1150,650.0,2025-08,None
O05351,2025-08-16,C1180,North,Headphones,Electronics,2500,1350,3,0.1,150,7500,6750.0,4200,2550.0,2025-08,Low (1-10%)
O05711,2025-08-16,C1511,North,Keyboard,Electronics,1800,1000,1,0.2,70,1800,1440.0,1070,370.0,2025-08,High (>10%)
O05816,2025-08-16,C2034,South,Laptop,Electronics,50000,41000,3,0.0,40,150000,150000.0,123040,26960.0,2025-08,None
O05969,2025-08-16,C1247,West,Headphones,Electronics,2500,1350,3,0.1,70,7500,6750.0,4120,2630.0,2025-08,Low (1-10%)
O00361,2025-08-17,C0057,North,Pen Set,Stationery,250,110,2,0.1,150,500,450.0,370,80.0,2025-08,Low (1-10%)
O00421,2025-08-17,C1301,North,Backpack,Accessories,1800,850,2,0.3,100,3600,2520.0,1800,720.0,2025-08,High (>10%)
O01163,2025-08-17,C2369,South,Pen Set,Stationery,250,110,1,0.0,100,250,250.0,210,40.0,2025-08,None
O01165,2025-08-17,C1527,North,Desk,Furniture,9000,6300,2,0.1,100,18000,16200.0,12700,3500.0,2025-08,Low (1-10%)
O01951,2025-08-17,C2056,South,Backpack,Accessories,1800,850,1,0.2,150,1800,1440.0,1000,440.0,2025-08,High (>10%)
O02264,2025-08-17,C1664,North,Desk,Furniture,9000,6300,4,0.2,150,36000,28800.0,25350,3450.0,2025-08,High (>10%)
O02479,2025-08-17,C0937,West,Laptop,Electronics,50000,41000,4,0.05,100,200000,190000.0,164100,25900.0,2025-08,Low (1-10%)
O02719,2025-08-17,C0833,South,Desk,Furniture,9000,6300,4,0.3,70,36000,25200.0,25270,-70.0,2025-08,High (>10%)
O03909,2025-08-17,C1505,South,Headphones,Electronics,2500,1350,2,0.1,100,5000,4500.0,2800,1700.0,2025-08,Low (1-10%)
O03942,2025-08-17,C1593,South,Keyboard,Electronics,1800,1000,4,0.1,70,7200,6480.0,4070,2410.0,2025-08,Low (1-10%)
O04344,2025-08-17,C1726,North,Keyboard,Electronics,1800,1000,3,0.2,100,5400,4320.0,3100,1220.0,2025-08,High (>10%)
O04472,2025-08-17,C0276,East,Backpack,Accessories,1800,850,1,0.0,70,1800,1800.0,920,880.0,2025-08,None
O04707,2025-08-17,C1850,North,Office Chair,Furniture,6500,4300,1,0.1,100,6500,5850.0,4400,1450.0,2025-08,Low (1-10%)
O04805,2025-08-17,C1695,South,Notebook,Stationery,150,65,1,0.0,100,150,150.0,165,-15.0,2025-08,None
O04977,2025-08-17,C0735,North,Desk,Furniture,9000,6300,4,0.0,40,36000,36000.0,25240,10760.0,2025-08,None
O05008,2025-08-17,C1497,West,Pen Set,Stationery,250,110,3,0.05,40,750,712.5,370,342.5,2025-08,Low (1-10%)
O05230,2025-08-17,C0288,South,Keyboard,Electronics,1800,1000,2,0.0,70,3600,3600.0,2070,1530.0,2025-08,None
O05592,2025-08-17,C1482,West,Desk,Furniture,9000,6300,3,0.1,150,27000,24300.0,19050,5250.0,2025-08,Low (1-10%)
O05829,2025-08-17,C1959,South,Laptop,Electronics,50000,41000,1,0.05,100,50000,47500.0,41100,6400.0,2025-08,Low (1-10%)
O05883,2025-08-17,C0349,North,Pen Set,Stationery,250,110,1,0.0,150,250,250.0,260,-10.0,2025-08,None
O00574,2025-08-18,C1262,East,Laptop,Electronics,50000,41000,4,0.1,70,200000,180000.0,164070,15930.0,2025-08,Low (1-10%)
O01069,2025-08-18,C1254,North,Keyboard,Electronics,1800,1000,4,0.2,70,7200,5760.0,4070,1690.0,2025-08,High (>10%)
O01616,2025-08-18,C2376,South,Headphones,Electronics,2500,1350,1,0.0,40,2500,2500.0,1390,1110.0,2025-08,None
O01644,2025-08-18,C2342,West,Desk,Furniture,9000,6300,2,0.0,70,18000,18000.0,12670,5330.0,2025-08,None
O01941,2025-08-18,C1842,East,Headphones,Electronics,2500,1350,3,0.3,70,7500,5250.0,4120,1130.0,2025-08,High (>10%)
O02620,2025-08-18,C0987,North,Backpack,Accessories,1800,850,4,0.05,150,7200,6840.0,3550,3290.0,2025-08,Low (1-10%)
O02829,2025-08-18,C1559,North,Notebook,Stationery,150,65,2,0.05,70,300,285.0,200,85.0,2025-08,Low (1-10%)
O03864,2025-08-18,C1394,North,Desk,Furniture,9000,6300,1,0.0,40,9000,9000.0,6340,2660.0,2025-08,None
O03887,2025-08-18,C0525,South,Laptop,Electronics,50000,41000,2,0.2,100,100000,80000.0,82100,-2100.0,2025-08,High (>10%)
O04048,2025-08-18,C1033,East,Headphones,Electronics,2500,1350,4,0.0,70,10000,10000.0,5470,4530.0,2025-08,None
O04713,2025-08-18,C0282,West,Backpack,Accessories,1800,850,4,0.0,100,7200,7200.0,3500,3700.0,2025-08,None
O04979,2025-08-18,C0291,West,Backpack,Accessories,1800,850,3,0.0,70,5400,5400.0,2620,2780.0,2025-08,None
O05125,2025-08-18,C2387,East,Laptop,Electronics,50000,41000,1,0.1,150,50000,45000.0,41150,3850.0,2025-08,Low (1-10%)
O00232,2025-08-19,C1907,West,Pen Set,Stationery,250,110,3,0.05,150,750,712.5,480,232.5,2025-08,Low (1-10%)
O01509,2025-08-19,C1201,North,Pen Set,Stationery,250,110,3,0.0,70,750,750.0,400,350.0,2025-08,None
O01540,2025-08-19,C0980,West,Desk,Furniture,9000,6300,3,0.1,40,27000,24300.0,18940,5360.0,2025-08,Low (1-10%)
O01905,2025-08-19,C0951,North,Keyboard,Electronics,1800,1000,3,0.1,100,5400,4860.0,3100,1760.0,2025-08,Low (1-10%)
O03515,2025-08-19,C1325,South,Keyboard,Electronics,1800,1000,1,0.1,100,1800,1620.0,1100,520.0,2025-08,Low (1-10%)
O03716,2025-08-19,C0606,North,Keyboard,Electronics,1800,1000,4,0.05,40,7200,6840.0,4040,2800.0,2025-08,Low (1-10%)
O03803,2025-08-19,C1757,North,Pen Set,Stationery,250,110,3,0.2,150,750,600.0,480,120.0,2025-08,High (>10%)
O03870,2025-08-19,C1558,North,Notebook,Stationery,150,65,3,0.05,150,450,427.5,345,82.5,2025-08,Low (1-10%)
O03878,2025-08-19,C0538,North,Headphones,Electronics,2500,1350,4,0.0,150,10000,10000.0,5550,4450.0,2025-08,None
O04612,2025-08-19,C0299,South,Keyboard,Electronics,1800,1000,4,0.0,100,7200,7200.0,4100,3100.0,2025-08,None
O04923,2025-08-19,C1188,South,Desk,Furniture,9000,6300,2,0.2,70,18000,14400.0,12670,1730.0,2025-08,High (>10%)
O04942,2025-08-19,C1121,South,Office Chair,Furniture,6500,4300,4,0.0,40,26000,26000.0,17240,8760.0,2025-08,None
O05241,2025-08-19,C0215,North,Keyboard,Electronics,1800,1000,1,0.3,100,1800,1260.0,1100,160.0,2025-08,High (>10%)
O05285,2025-08-19,C0546,South,Backpack,Accessories,1800,850,2,0.0,40,3600,3600.0,1740,1860.0,2025-08,None
O05347,2025-08-19,C1137,North,Office Chair,Furniture,6500,4300,4,0.0,150,26000,26000.0,17350,8650.0,2025-08,None
O00080,2025-08-20,C1065,South,Notebook,Stationery,150,65,4,0.3,40,600,420.0,300,120.0,2025-08,High (>10%)
O00561,2025-08-20,C0977,East,Desk,Furniture,9000,6300,4,0.05,70,36000,34200.0,25270,8930.0,2025-08,Low (1-10%)
O00911,2025-08-20,C2463,North,Pen Set,Stationery,250,110,4,0.0,40,1000,1000.0,480,520.0,2025-08,None
O01641,2025-08-20,C0920,East,Notebook,Stationery,150,65,1,0.0,40,150,150.0,105,45.0,2025-08,None
O02281,2025-08-20,C1506,North,Pen Set,Stationery,250,110,4,0.0,100,1000,1000.0,540,460.0,2025-08,None
O02481,2025-08-20,C2383,East,Notebook,Stationery,150,65,1,0.05,40,150,142.5,105,37.5,2025-08,Low (1-10%)
O03137,2025-08-20,C0332,South,Desk,Furniture,9000,6300,4,0.0,150,36000,36000.0,25350,10650.0,2025-08,None
O03251,2025-08-20,C0855,North,Keyboard,Electronics,1800,1000,3,0.0,70,5400,5400.0,3070,2330.0,2025-08,None
O03740,2025-08-20,C1736,East,Pen Set,Stationery,250,110,3,0.3,100,750,525.0,430,95.0,2025-08,High (>10%)
O03974,2025-08-20,C2363,West,Keyboard,Electronics,1800,1000,1,0.0,100,1800,1800.0,1100,700.0,2025-08,None
O04050,2025-08-20,C0613,North,Office Chair,Furniture,6500,4300,1,0.3,40,6500,4550.0,4340,210.0,2025-08,High (>10%)
O04583,2025-08-20,C2366,East,Headphones,Electronics,2500,1350,3,0.3,40,7500,5250.0,4090,1160.0,2025-08,High (>10%)
O04644,2025-08-20,C1361,North,Laptop,Electronics,50000,41000,3,0.3,70,150000,105000.0,123070,-18070.0,2025-08,High (>10%)
O05003,2025-08-20,C2140,East,Notebook,Stationery,150,65,3,0.0,70,450,450.0,265,185.0,2025-08,None
O05041,2025-08-20,C1189,South,Keyboard,Electronics,1800,1000,4,0.0,70,7200,7200.0,4070,3130.0,2025-08,None
O05192,2025-08-20,C1933,West,Backpack,Accessories,1800,850,2,0.05,70,3600,3420.0,1770,1650.0,2025-08,Low (1-10%)
O05814,2025-08-20,C1018,North,Backpack,Accessories,1800,850,3,0.05,150,5400,5130.0,2700,2430.0,2025-08,Low (1-10%)
O01442,2025-08-21,C0984,South,Desk,Furniture,9000,6300,4,0.0,100,36000,36000.0,25300,10700.0,2025-08,None
O01659,2025-08-21,C0227,South,Pen Set,Stationery,250,110,4,0.05,40,1000,950.0,480,470.0,2025-08,Low (1-10%)
O01695,2025-08-21,C0193,East,Headphones,Electronics,2500,1350,1,0.2,40,2500,2000.0,1390,610.0,2025-08,High (>10%)
O02261,2025-08-21,C2438,South,Laptop,Electronics,50000,41000,2,0.2,150,100000,80000.0,82150,-2150.0,2025-08,High (>10%)
O02323,2025-08-21,C0880,South,Keyboard,Electronics,1800,1000,1,0.2,100,1800,1440.0,1100,340.0,2025-08,High (>10%)
O02964,2025-08-21,C2291,North,Laptop,Electronics,50000,41000,4,0.0,40,200000,200000.0,164040,35960.0,2025-08,None
O03467,2025-08-21,C1551,North,Desk,Furniture,9000,6300,1,0.2,70,9000,7200.0,6370,830.0,2025-08,High (>10%)
O03480,2025-08-21,C1102,South,Pen Set,Stationery,250,110,4,0.0,40,1000,1000.0,480,520.0,2025-08,None
O04479,2025-08-21,C1876,East,Pen Set,Stationery,250,110,1,0.05,70,250,237.5,180,57.5,2025-08,Low (1-10%)
O04628,2025-08-21,C0771,South,Headphones,Electronics,2500,1350,4,0.05,40,10000,9500.0,5440,4060.0,2025-08,Low (1-10%)
O05742,2025-08-21,C1374,South,Desk,Furniture,9000,6300,4,0.2,40,36000,28800.0,25240,3560.0,2025-08,High (>10%)
O05877,2025-08-21,C1482,West,Backpack,Accessories,1800,850,3,0.2,40,5400,4320.0,2590,1730.0,2025-08,High (>10%)
O00003,2025-08-22,C0182,South,Notebook,Stationery,150,65,4,0.3,70,600,420.0,330,90.0,2025-08,High (>10%)
O00059,2025-08-22,C0515,North,Notebook,Stationery,150,65,2,0.2,40,300,240.0,170,70.0,2025-08,High (>10%)
O00210,2025-08-22,C1075,East,Pen Set,Stationery,250,110,2,0.0,150,500,500.0,370,130.0,2025-08,None
O00292,2025-08-22,C1626,West,Keyboard,Electronics,1800,1000,1,0.05,100,1800,1710.0,1100,610.0,2025-08,Low (1-10%)
O00572,2025-08-22,C1402,East,Office Chair,Furniture,6500,4300,1,0.1,70,6500,5850.0,4370,1480.0,2025-08,Low (1-10%)
O00905,2025-08-22,C2309,South,Office Chair,Furniture,6500,4300,1,0.05,70,6500,6175.0,4370,1805.0,2025-08,Low (1-10%)
O02066,2025-08-22,C0525,South,Desk,Furniture,9000,6300,1,0.1,100,9000,8100.0,6400,1700.0,2025-08,Low (1-10%)
O02330,2025-08-22,C2330,West,Headphones,Electronics,2500,1350,1,0.2,150,2500,2000.0,1500,500.0,2025-08,High (>10%)
O02339,2025-08-22,C1160,South,Laptop,Electronics,50000,41000,4,0.1,100,200000,180000.0,164100,15900.0,2025-08,Low (1-10%)
O03063,2025-08-22,C1914,East,Office Chair,Furniture,6500,4300,3,0.05,100,19500,18525.0,13000,5525.0,2025-08,Low (1-10%)
O03246,2025-08-22,C0267,South,Pen Set,Stationery,250,110,3,0.2,40,750,600.0,370,230.0,2025-08,High (>10%)
O03779,2025-08-22,C1179,South,Backpack,Accessories,1800,850,2,0.1,40,3600,3240.0,1740,1500.0,2025-08,Low (1-10%)
O04007,2025-08-22,C1001,South,Keyboard,Electronics,1800,1000,1,0.1,100,1800,1620.0,1100,520.0,2025-08,Low (1-10%)
O04099,2025-08-22,C1235,West,Pen Set,Stationery,250,110,4,0.3,70,1000,700.0,510,190.0,2025-08,High (>10%)
O04341,2025-08-22,C2089,North,Laptop,Electronics,50000,41000,3,0.0,100,150000,150000.0,123100,26900.0,2025-08,None
O04411,2025-08-22,C2486,West,Laptop,Electronics,50000,41000,3,0.05,100,150000,142500.0,123100,19400.0,2025-08,Low (1-10%)
O04921,2025-08-22,C0086,East,Backpack,Accessories,1800,850,4,0.3,150,7200,5040.0,3550,1490.0,2025-08,High (>10%)
O05429,2025-08-22,C0965,South,Laptop,Electronics,50000,41000,2,0.05,70,100000,95000.0,82070,12930.0,2025-08,Low (1-10%)
O05484,2025-08-22,C1651,North,Pen Set,Stationery,250,110,3,0.0,150,750,750.0,480,270.0,2025-08,None
O05863,2025-08-22,C2087,South,Desk,Furniture,9000,6300,2,0.2,40,18000,14400.0,12640,1760.0,2025-08,High (>10%)
O05912,2025-08-22,C0931,South,Keyboard,Electronics,1800,1000,1,0.3,100,1800,1260.0,1100,160.0,2025-08,High (>10%)
O00096,2025-08-23,C0241,South,Keyboard,Electronics,1800,1000,2,0.0,40,3600,3600.0,2040,1560.0,2025-08,None
O00546,2025-08-23,C1485,North,Laptop,Electronics,50000,41000,1,0.1,40,50000,45000.0,41040,3960.0,2025-08,Low (1-10%)
O01258,2025-08-23,C0504,South,Desk,Furniture,9000,6300,3,0.1,100,27000,24300.0,19000,5300.0,2025-08,Low (1-10%)
O01684,2025-08-23,C2477,West,Pen Set,Stationery,250,110,3,0.0,70,750,750.0,400,350.0,2025-08,None
O01751,2025-08-23,C1049,South,Backpack,Accessories,1800,850,3,0.0,100,5400,5400.0,2650,2750.0,2025-08,None
O02843,2025-08-23,C1324,East,Pen Set,Stationery,250,110,3,0.0,150,750,750.0,480,270.0,2025-08,None
O03178,2025-08-23,C1545,West,Keyboard,Electronics,1800,1000,4,0.2,100,7200,5760.0,4100,1660.0,2025-08,High (>10%)
O03205,2025-08-23,C0089,South,Keyboard,Electronics,1800,1000,3,0.3,150,5400,3780.0,3150,630.0,2025-08,High (>10%)
O03239,2025-08-23,C2372,West,Backpack,Accessories,1800,850,1,0.05,100,1800,1710.0,950,760.0,2025-08,Low (1-10%)
O03333,2025-08-23,C2000,East,Headphones,Electronics,2500,1350,2,0.3,70,5000,3500.0,2770,730.0,2025-08,High (>10%)
O04196,2025-08-23,C1323,South,Office Chair,Furniture,6500,4300,3,0.3,70,19500,13650.0,12970,680.0,2025-08,High (>10%)
O05246,2025-08-23,C0491,East,Headphones,Electronics,2500,1350,4,0.3,150,10000,7000.0,5550,1450.0,2025-08,High (>10%)
O05259,2025-08-23,C2071,South,Notebook,Stationery,150,65,1,0.2,150,150,120.0,215,-95.0,2025-08,High (>10%)
O05375,2025-08-23,C1928,North,Notebook,Stationery,150,65,3,0.1,100,450,405.0,295,110.0,2025-08,Low (1-10%)
O05537,2025-08-23,C0251,South,Laptop,Electronics,50000,41000,4,0.0,70,200000,200000.0,164070,35930.0,2025-08,None
O05687,2025-08-23,C2242,North,Pen Set,Stationery,250,110,2,0.3,150,500,350.0,370,-20.0,2025-08,High (>10%)
O05857,2025-08-23,C2065,East,Office Chair,Furniture,6500,4300,1,0.05,70,6500,6175.0,4370,1805.0,2025-08,Low (1-10%)
O00216,2025-08-24,C0324,East,Keyboard,Electronics,1800,1000,1,0.2,70,1800,1440.0,1070,370.0,2025-08,High (>10%)
O01008,2025-08-24,C2194,West,Desk,Furniture,9000,6300,4,0.1,150,36000,32400.0,25350,7050.0,2025-08,Low (1-10%)
O01281,2025-08-24,C1629,East,Notebook,Stationery,150,65,1,0.05,100,150,142.5,165,-22.5,2025-08,Low (1-10%)
O01481,2025-08-24,C0725,West,Headphones,Electronics,2500,1350,3,0.2,150,7500,6000.0,4200,1800.0,2025-08,High (>10%)
O01597,2025-08-24,C0287,North,Notebook,Stationery,150,65,1,0.05,40,150,142.5,105,37.5,2025-08,Low (1-10%)
O02001,2025-08-24,C1000,West,Backpack,Accessories,1800,850,3,0.1,40,5400,4860.0,2590,2270.0,2025-08,Low (1-10%)
O02957,2025-08-24,C0889,East,Laptop,Electronics,50000,41000,1,0.0,100,50000,50000.0,41100,8900.0,2025-08,None
O03033,2025-08-24,C0120,East,Desk,Furniture,9000,6300,3,0.0,150,27000,27000.0,19050,7950.0,2025-08,None
O03542,2025-08-24,C0131,South,Desk,Furniture,9000,6300,4,0.05,100,36000,34200.0,25300,8900.0,2025-08,Low (1-10%)
O03871,2025-08-24,C0129,West,Laptop,Electronics,50000,41000,3,0.2,40,150000,120000.0,123040,-3040.0,2025-08,High (>10%)
O04253,2025-08-24,C1034,South,Backpack,Accessories,1800,850,4,0.1,40,7200,6480.0,3440,3040.0,2025-08,Low (1-10%)
O04595,2025-08-24,C0114,West,Desk,Furniture,9000,6300,2,0.05,40,18000,17100.0,12640,4460.0,2025-08,Low (1-10%)
O04722,2025-08-24,C0430,North,Pen Set,Stationery,250,110,4,0.1,70,1000,900.0,510,390.0,2025-08,Low (1-10%)
O04852,2025-08-24,C1379,South,Notebook,Stationery,150,65,4,0.05,100,600,570.0,360,210.0,2025-08,Low (1-10%)
O04857,2025-08-24,C1412,West,Pen Set,Stationery,250,110,2,0.0,150,500,500.0,370,130.0,2025-08,None
O04916,2025-08-24,C2232,East,Laptop,Electronics,50000,41000,3,0.0,100,150000,150000.0,123100,26900.0,2025-08,None
O04943,2025-08-24,C0573,East,Pen Set,Stationery,250,110,2,0.0,150,500,500.0,370,130.0,2025-08,None
O05625,2025-08-24,C0865,West,Headphones,Electronics,2500,1350,3,0.05,100,7500,7125.0,4150,2975.0,2025-08,Low (1-10%)
O05726,2025-08-24,C2134,East,Keyboard,Electronics,1800,1000,1,0.0,100,1800,1800.0,1100,700.0,2025-08,None
O05833,2025-08-24,C1762,West,Pen Set,Stationery,250,110,4,0.0,40,1000,1000.0,480,520.0,2025-08,None
O05981,2025-08-24,C0400,North,Desk,Furniture,9000,6300,4,0.0,100,36000,36000.0,25300,10700.0,2025-08,None
O00106,2025-08-25,C2123,East,Pen Set,Stationery,250,110,3,0.1,70,750,675.0,400,275.0,2025-08,Low (1-10%)
O00390,2025-08-25,C0111,North,Headphones,Electronics,2500,1350,3,0.2,70,7500,6000.0,4120,1880.0,2025-08,High (>10%)
O00458,2025-08-25,C1131,North,Notebook,Stationery,150,65,1,0.05,40,150,142.5,105,37.5,2025-08,Low (1-10%)
O00736,2025-08-25,C0515,South,Notebook,Stationery,150,65,3,0.0,100,450,450.0,295,155.0,2025-08,None
O00800,2025-08-25,C2035,South,Office Chair,Furniture,6500,4300,2,0.05,100,13000,12350.0,8700,3650.0,2025-08,Low (1-10%)
O01103,2025-08-25,C0891,West,Backpack,Accessories,1800,850,3,0.1,100,5400,4860.0,2650,2210.0,2025-08,Low (1-10%)
O01594,2025-08-25,C1932,South,Laptop,Electronics,50000,41000,1,0.0,40,50000,50000.0,41040,8960.0,2025-08,None
O01876,2025-08-25,C1409,South,Laptop,Electronics,50000,41000,3,0.1,150,150000,135000.0,123150,11850.0,2025-08,Low (1-10%)
O02033,2025-08-25,C1272,West,Laptop,Electronics,50000,41000,3,0.2,70,150000,120000.0,123070,-3070.0,2025-08,High (>10%)
O02059,2025-08-25,C2460,West,Office Chair,Furniture,6500,4300,1,0.1,40,6500,5850.0,4340,1510.0,2025-08,Low (1-10%)
O02144,2025-08-25,C0543,North,Desk,Furniture,9000,6300,2,0.2,70,18000,14400.0,12670,1730.0,2025-08,High (>10%)
O02154,2025-08-25,C0570,East,Desk,Furniture,9000,6300,1,0.2,70,9000,7200.0,6370,830.0,2025-08,High (>10%)
O02663,2025-08-25,C0206,South,Headphones,Electronics,2500,1350,4,0.05,70,10000,9500.0,5470,4030.0,2025-08,Low (1-10%)
O02823,2025-08-25,C0739,West,Headphones,Electronics,2500,1350,1,0.1,70,2500,2250.0,1420,830.0,2025-08,Low (1-10%)
O02946,2025-08-25,C0884,East,Laptop,Electronics,50000,41000,1,0.1,40,50000,45000.0,41040,3960.0,2025-08,Low (1-10%)
O03121,2025-08-25,C2206,South,Desk,Furniture,9000,6300,1,0.0,100,9000,9000.0,6400,2600.0,2025-08,None
O03243,2025-08-25,C0809,South,Backpack,Accessories,1800,850,1,0.0,70,1800,1800.0,920,880.0,2025-08,None
O03270,2025-08-25,C0291,North,Backpack,Accessories,1800,850,3,0.0,100,5400,5400.0,2650,2750.0,2025-08,None
O03545,2025-08-25,C1974,South,Laptop,Electronics,50000,41000,2,0.0,150,100000,100000.0,82150,17850.0,2025-08,None
O03685,2025-08-25,C1790,North,Backpack,Accessories,1800,850,4,0.0,40,7200,7200.0,3440,3760.0,2025-08,None
O04330,2025-08-25,C0954,South,Backpack,Accessories,1800,850,3,0.05,100,5400,5130.0,2650,2480.0,2025-08,Low (1-10%)
O00135,2025-08-26,C1985,North,Pen Set,Stationery,250,110,4,0.3,150,1000,700.0,590,110.0,2025-08,High (>10%)
O00241,2025-08-26,C0575,North,Headphones,Electronics,2500,1350,2,0.05,40,5000,4750.0,2740,2010.0,2025-08,Low (1-10%)
O00408,2025-08-26,C0466,North,Headphones,Electronics,2500,1350,4,0.05,40,10000,9500.0,5440,4060.0,2025-08,Low (1-10%)
O00787,2025-08-26,C0495,North,Laptop,Electronics,50000,41000,4,0.1,150,200000,180000.0,164150,15850.0,2025-08,Low (1-10%)
O01960,2025-08-26,C1763,West,Headphones,Electronics,2500,1350,4,0.2,150,10000,8000.0,5550,2450.0,2025-08,High (>10%)
O02054,2025-08-26,C1500,South,Backpack,Accessories,1800,850,4,0.0,150,7200,7200.0,3550,3650.0,2025-08,None
O03208,2025-08-26,C1435,South,Pen Set,Stationery,250,110,1,0.1,150,250,225.0,260,-35.0,2025-08,Low (1-10%)
O03965,2025-08-26,C1133,South,Headphones,Electronics,2500,1350,1,0.1,100,2500,2250.0,1450,800.0,2025-08,Low (1-10%)
O04016,2025-08-26,C2039,North,Headphones,Electronics,2500,1350,2,0.1,40,5000,4500.0,2740,1760.0,2025-08,Low (1-10%)
O04307,2025-08-26,C1300,West,Notebook,Stationery,150,65,2,0.0,150,300,300.0,280,20.0,2025-08,None
O04522,2025-08-26,C0917,West,Notebook,Stationery,150,65,3,0.3,70,450,315.0,265,50.0,2025-08,High (>10%)
O04708,2025-08-26,C0500,South,Desk,Furniture,9000,6300,1,0.0,150,9000,9000.0,6450,2550.0,2025-08,None
O04717,2025-08-26,C1038,East,Backpack,Accessories,1800,850,1,0.1,100,1800,1620.0,950,670.0,2025-08,Low (1-10%)
O04750,2025-08-26,C1590,South,Keyboard,Electronics,1800,1000,2,0.0,150,3600,3600.0,2150,1450.0,2025-08,None
O05228,2025-08-26,C0175,South,Pen Set,Stationery,250,110,3,0.0,40,750,750.0,370,380.0,2025-08,None
O05454,2025-08-26,C2476,South,Pen Set,Stationery,250,110,1,0.2,100,250,200.0,210,-10.0,2025-08,High (>10%)
O05900,2025-08-26,C0395,East,Backpack,Accessories,1800,850,4,0.0,70,7200,7200.0,3470,3730.0,2025-08,None
O01091,2025-08-27,C0177,East,Desk,Furniture,9000,6300,4,0.2,40,36000,28800.0,25240,3560.0,2025-08,High (>10%)
O01592,2025-08-27,C1389,West,Keyboard,Electronics,1800,1000,3,0.3,100,5400,3780.0,3100,680.0,2025-08,High (>10%)
O01686,2025-08-27,C1808,South,Desk,Furniture,9000,6300,2,0.0,100,18000,18000.0,12700,5300.0,2025-08,None
O01861,2025-08-27,C1752,South,Notebook,Stationery,150,65,1,0.0,150,150,150.0,215,-65.0,2025-08,None
O01955,2025-08-27,C2179,West,Backpack,Accessories,1800,850,1,0.1,150,1800,1620.0,1000,620.0,2025-08,Low (1-10%)
O02109,2025-08-27,C0100,South,Keyboard,Electronics,1800,1000,3,0.1,40,5400,4860.0,3040,1820.0,2025-08,Low (1-10%)
O02358,2025-08-27,C2306,West,Headphones,Electronics,2500,1350,2,0.3,70,5000,3500.0,2770,730.0,2025-08,High (>10%)
O02373,2025-08-27,C2489,North,Laptop,Electronics,50000,41000,3,0.0,40,150000,150000.0,123040,26960.0,2025-08,None
O02788,2025-08-27,C1846,South,Laptop,Electronics,50000,41000,4,0.05,70,200000,190000.0,164070,25930.0,2025-08,Low (1-10%)
O02906,2025-08-27,C1046,East,Pen Set,Stationery,250,110,1,0.0,70,250,250.0,180,70.0,2025-08,None
O02923,2025-08-27,C0433,East,Laptop,Electronics,50000,41000,2,0.1,150,100000,90000.0,82150,7850.0,2025-08,Low (1-10%)
O02952,2025-08-27,C1304,South,Desk,Furniture,9000,6300,4,0.3,40,36000,25200.0,25240,-40.0,2025-08,High (>10%)
O03066,2025-08-27,C0979,South,Desk,Furniture,9000,6300,4,0.1,40,36000,32400.0,25240,7160.0,2025-08,Low (1-10%)
O03563,2025-08-27,C0504,East,Office Chair,Furniture,6500,4300,1,0.0,70,6500,6500.0,4370,2130.0,2025-08,None
O04011,2025-08-27,C0052,South,Keyboard,Electronics,1800,1000,2,0.05,70,3600,3420.0,2070,1350.0,2025-08,Low (1-10%)
O04013,2025-08-27,C1030,West,Notebook,Stationery,150,65,4,0.1,150,600,540.0,410,130.0,2025-08,Low (1-10%)
O04492,2025-08-27,C0420,East,Headphones,Electronics,2500,1350,2,0.0,70,5000,5000.0,2770,2230.0,2025-08,None
O05668,2025-08-27,C1421,West,Pen Set,Stationery,250,110,1,0.1,40,250,225.0,150,75.0,2025-08,Low (1-10%)
O00013,2025-08-28,C1543,West,Notebook,Stationery,150,65,4,0.05,100,600,570.0,360,210.0,2025-08,Low (1-10%)
O00228,2025-08-28,C2381,East,Desk,Furniture,9000,6300,4,0.05,40,36000,34200.0,25240,8960.0,2025-08,Low (1-10%)
O01222,2025-08-28,C1789,East,Desk,Furniture,9000,6300,1,0.0,40,9000,9000.0,6340,2660.0,2025-08,None
O01541,2025-08-28,C0098,West,Office Chair,Furniture,6500,4300,3,0.0,70,19500,19500.0,12970,6530.0,2025-08,None
O02073,2025-08-28,C0450,West,Office Chair,Furniture,6500,4300,3,0.05,150,19500,18525.0,13050,5475.0,2025-08,Low (1-10%)
O02133,2025-08-28,C2207,North,Desk,Furniture,9000,6300,2,0.2,70,18000,14400.0,12670,1730.0,2025-08,High (>10%)
O02480,2025-08-28,C2117,West,Headphones,Electronics,2500,1350,4,0.1,150,10000,9000.0,5550,3450.0,2025-08,Low (1-10%)
O02706,2025-08-28,C2383,South,Keyboard,Electronics,1800,1000,2,0.2,150,3600,2880.0,2150,730.0,2025-08,High (>10%)
O03560,2025-08-28,C1767,North,Office Chair,Furniture,6500,4300,1,0.1,150,6500,5850.0,4450,1400.0,2025-08,Low (1-10%)
O03696,2025-08-28,C0716,West,Notebook,Stationery,150,65,1,0.1,150,150,135.0,215,-80.0,2025-08,Low (1-10%)
O03855,2025-08-28,C1810,West,Office Chair,Furniture,6500,4300,3,0.0,150,19500,19500.0,13050,6450.0,2025-08,None
O03898,2025-08-28,C0718,South,Laptop,Electronics,50000,41000,1,0.3,40,50000,35000.0,41040,-6040.0,2025-08,High (>10%)
O03899,2025-08-28,C1120,West,Keyboard,Electronics,1800,1000,1,0.3,40,1800,1260.0,1040,220.0,2025-08,High (>10%)
O04503,2025-08-28,C0325,South,Backpack,Accessories,1800,850,1,0.0,150,1800,1800.0,1000,800.0,2025-08,None
O04543,2025-08-28,C0968,North,Backpack,Accessories,1800,850,1,0.1,150,1800,1620.0,1000,620.0,2025-08,Low (1-10%)
O05338,2025-08-28,C1493,West,Desk,Furniture,9000,6300,3,0.0,40,27000,27000.0,18940,8060.0,2025-08,None
O05878,2025-08-28,C1094,South,Headphones,Electronics,2500,1350,2,0.2,100,5000,4000.0,2800,1200.0,2025-08,High (>10%)
O00153,2025-08-29,C1764,South,Backpack,Accessories,1800,850,1,0.0,100,1800,1800.0,950,850.0,2025-08,None
O00166,2025-08-29,C1432,South,Pen Set,Stationery,250,110,2,0.0,100,500,500.0,320,180.0,2025-08,None
O00343,2025-08-29,C0989,West,Desk,Furniture,9000,6300,3,0.0,40,27000,27000.0,18940,8060.0,2025-08,None
O00481,2025-08-29,C2415,West,Keyboard,Electronics,1800,1000,3,0.1,100,5400,4860.0,3100,1760.0,2025-08,Low (1-10%)
O00755,2025-08-29,C1681,East,Desk,Furniture,9000,6300,3,0.0,40,27000,27000.0,18940,8060.0,2025-08,None
O00822,2025-08-29,C0046,West,Notebook,Stationery,150,65,4,0.1,100,600,540.0,360,180.0,2025-08,Low (1-10%)
O00846,2025-08-29,C1674,South,Laptop,Electronics,50000,41000,3,0.05,70,150000,142500.0,123070,19430.0,2025-08,Low (1-10%)
O01287,2025-08-29,C1873,West,Backpack,Accessories,1800,850,2,0.1,150,3600,3240.0,1850,1390.0,2025-08,Low (1-10%)
O01467,2025-08-29,C0528,South,Notebook,Stationery,150,65,3,0.0,150,450,450.0,345,105.0,2025-08,None
O02204,2025-08-29,C0641,North,Keyboard,Electronics,1800,1000,2,0.2,70,3600,2880.0,2070,810.0,2025-08,High (>10%)
O02726,2025-08-29,C2243,North,Desk,Furniture,9000,6300,4,0.1,40,36000,32400.0,25240,7160.0,2025-08,Low (1-10%)
O02936,2025-08-29,C0451,East,Headphones,Electronics,2500,1350,4,0.1,100,10000,9000.0,5500,3500.0,2025-08,Low (1-10%)
O03350,2025-08-29,C1170,North,Pen Set,Stationery,250,110,3,0.0,70,750,750.0,400,350.0,2025-08,None
O03534,2025-08-29,C1819,South,Backpack,Accessories,1800,850,1,0.05,150,1800,1710.0,1000,710.0,2025-08,Low (1-10%)
O03629,2025-08-29,C2018,North,Pen Set,Stationery,250,110,2,0.1,150,500,450.0,370,80.0,2025-08,Low (1-10%)
O03843,2025-08-29,C1687,West,Desk,Furniture,9000,6300,3,0.1,150,27000,24300.0,19050,5250.0,2025-08,Low (1-10%)
O04265,2025-08-29,C0042,North,Desk,Furniture,9000,6300,4,0.1,100,36000,32400.0,25300,7100.0,2025-08,Low (1-10%)
O04302,2025-08-29,C1283,West,Notebook,Stationery,150,65,4,0.0,40,600,600.0,300,300.0,2025-08,None
O04362,2025-08-29,C0637,North,Pen Set,Stationery,250,110,3,0.2,100,750,600.0,430,170.0,2025-08,High (>10%)
O04706,2025-08-29,C2019,East,Headphones,Electronics,2500,1350,3,0.3,40,7500,5250.0,4090,1160.0,2025-08,High (>10%)
O04866,2025-08-29,C2206,North,Desk,Furniture,9000,6300,1,0.05,70,9000,8550.0,6370,2180.0,2025-08,Low (1-10%)
O04959,2025-08-29,C2019,East,Backpack,Accessories,1800,850,3,0.05,150,5400,5130.0,2700,2430.0,2025-08,Low (1-10%)
O05598,2025-08-29,C0340,North,Notebook,Stationery,150,65,1,0.05,40,150,142.5,105,37.5,2025-08,Low (1-10%)
O01413,2025-08-30,C1093,North,Keyboard,Electronics,1800,1000,2,0.05,150,3600,3420.0,2150,1270.0,2025-08,Low (1-10%)
O01538,2025-08-30,C2050,East,Laptop,Electronics,50000,41000,2,0.0,100,100000,100000.0,82100,17900.0,2025-08,None
O01547,2025-08-30,C2281,South,Notebook,Stationery,150,65,4,0.1,150,600,540.0,410,130.0,2025-08,Low (1-10%)
O01561,2025-08-30,C0696,South,Keyboard,Electronics,1800,1000,3,0.0,70,5400,5400.0,3070,2330.0,2025-08,None
O01838,2025-08-30,C0701,East,Keyboard,Electronics,1800,1000,1,0.05,70,1800,1710.0,1070,640.0,2025-08,Low (1-10%)
O02056,2025-08-30,C0628,East,Keyboard,Electronics,1800,1000,4,0.0,150,7200,7200.0,4150,3050.0,2025-08,None
O02093,2025-08-30,C0386,East,Pen Set,Stationery,250,110,4,0.05,100,1000,950.0,540,410.0,2025-08,Low (1-10%)
O02908,2025-08-30,C1508,West,Backpack,Accessories,1800,850,2,0.2,40,3600,2880.0,1740,1140.0,2025-08,High (>10%)
O03132,2025-08-30,C2210,North,Office Chair,Furniture,6500,4300,3,0.05,100,19500,18525.0,13000,5525.0,2025-08,Low (1-10%)
O03163,2025-08-30,C1709,North,Headphones,Electronics,2500,1350,2,0.05,40,5000,4750.0,2740,2010.0,2025-08,Low (1-10%)
O03730,2025-08-30,C1866,East,Notebook,Stationery,150,65,4,0.05,70,600,570.0,330,240.0,2025-08,Low (1-10%)
O03849,2025-08-30,C0194,North,Notebook,Stationery,150,65,3,0.0,40,450,450.0,235,215.0,2025-08,None
O03865,2025-08-30,C1958,East,Notebook,Stationery,150,65,2,0.1,40,300,270.0,170,100.0,2025-08,Low (1-10%)
O03989,2025-08-30,C1310,East,Office Chair,Furniture,6500,4300,4,0.1,150,26000,23400.0,17350,6050.0,2025-08,Low (1-10%)
O04004,2025-08-30,C2245,South,Office Chair,Furniture,6500,4300,1,0.0,150,6500,6500.0,4450,2050.0,2025-08,None
O04773,2025-08-30,C0335,East,Headphones,Electronics,2500,1350,1,0.0,150,2500,2500.0,1500,1000.0,2025-08,None
O05110,2025-08-30,C1980,East,Keyboard,Electronics,1800,1000,1,0.0,40,1800,1800.0,1040,760.0,2025-08,None
O05134,2025-08-30,C2246,South,Laptop,Electronics,50000,41000,1,0.1,40,50000,45000.0,41040,3960.0,2025-08,Low (1-10%)
O05593,2025-08-30,C1188,East,Desk,Furniture,9000,6300,1,0.0,100,9000,9000.0,6400,2600.0,2025-08,None
O05715,2025-08-30,C0031,East,Backpack,Accessories,1800,850,1,0.0,100,1800,1800.0,950,850.0,2025-08,None
O00562,2025-08-31,C1925,North,Laptop,Electronics,50000,41000,4,0.1,40,200000,180000.0,164040,15960.0,2025-08,Low (1-10%)
O00767,2025-08-31,C1081,North,Desk,Furniture,9000,6300,1,0.0,100,9000,9000.0,6400,2600.0,2025-08,None
O01784,2025-08-31,C0805,North,Backpack,Accessories,1800,850,3,0.0,100,5400,5400.0,2650,2750.0,2025-08,None
O01935,2025-08-31,C2131,South,Headphones,Electronics,2500,1350,4,0.1,70,10000,9000.0,5470,3530.0,2025-08,Low (1-10%)
O02321,2025-08-31,C2480,South,Laptop,Electronics,50000,41000,3,0.0,100,150000,150000.0,123100,26900.0,2025-08,None
O03309,2025-08-31,C1192,East,Laptop,Electronics,50000,41000,4,0.3,150,200000,140000.0,164150,-24150.0,2025-08,High (>10%)
O03646,2025-08-31,C0794,West,Desk,Furniture,9000,6300,3,0.05,100,27000,25650.0,19000,6650.0,2025-08,Low (1-10%)
O04899,2025-08-31,C0821,South,Pen Set,Stationery,250,110,2,0.0,100,500,500.0,320,180.0,2025-08,None
O04984,2025-08-31,C2330,East,Office Chair,Furniture,6500,4300,3,0.1,70,19500,17550.0,12970,4580.0,2025-08,Low (1-10%)
O05083,2025-08-31,C1430,South,Laptop,Electronics,50000,41000,1,0.05,150,50000,47500.0,41150,6350.0,2025-08,Low (1-10%)
O05409,2025-08-31,C0854,South,Desk,Furniture,9000,6300,1,0.1,150,9000,8100.0,6450,1650.0,2025-08,Low (1-10%)
O00720,2025-09-01,C1181,North,Desk,Furniture,9000,6300,2,0.0,40,18000,18000.0,12640,5360.0,2025-09,None
O01250,2025-09-01,C0032,West,Backpack,Accessories,1800,850,1,0.0,40,1800,1800.0,890,910.0,2025-09,None
O01614,2025-09-01,C1316,North,Notebook,Stationery,150,65,4,0.05,100,600,570.0,360,210.0,2025-09,Low (1-10%)
O01917,2025-09-01,C0352,South,Keyboard,Electronics,1800,1000,1,0.0,150,1800,1800.0,1150,650.0,2025-09,None
O02929,2025-09-01,C1435,East,Headphones,Electronics,2500,1350,3,0.05,40,7500,7125.0,4090,3035.0,2025-09,Low (1-10%)
O03074,2025-09-01,C1269,North,Pen Set,Stationery,250,110,2,0.2,100,500,400.0,320,80.0,2025-09,High (>10%)
O03836,2025-09-01,C0128,North,Notebook,Stationery,150,65,1,0.05,70,150,142.5,135,7.5,2025-09,Low (1-10%)
O04588,2025-09-01,C0022,West,Keyboard,Electronics,1800,1000,1,0.1,70,1800,1620.0,1070,550.0,2025-09,Low (1-10%)
O04676,2025-09-01,C0274,West,Keyboard,Electronics,1800,1000,3,0.05,100,5400,5130.0,3100,2030.0,2025-09,Low (1-10%)
O04698,2025-09-01,C0058,South,Laptop,Electronics,50000,41000,1,0.0,40,50000,50000.0,41040,8960.0,2025-09,None
O05023,2025-09-01,C0707,East,Notebook,Stationery,150,65,2,0.1,40,300,270.0,170,100.0,2025-09,Low (1-10%)
O05397,2025-09-01,C1336,East,Backpack,Accessories,1800,850,4,0.05,100,7200,6840.0,3500,3340.0,2025-09,Low (1-10%)
O05476,2025-09-01,C0838,West,Desk,Furniture,9000,6300,3,0.0,150,27000,27000.0,19050,7950.0,2025-09,None
O05555,2025-09-01,C0382,East,Desk,Furniture,9000,6300,1,0.1,40,9000,8100.0,6340,1760.0,2025-09,Low (1-10%)
O05896,2025-09-01,C1809,West,Pen Set,Stationery,250,110,3,0.1,100,750,675.0,430,245.0,2025-09,Low (1-10%)
O05918,2025-09-01,C0007,North,Headphones,Electronics,2500,1350,4,0.05,150,10000,9500.0,5550,3950.0,2025-09,Low (1-10%)
O05960,2025-09-01,C1563,North,Backpack,Accessories,1800,850,1,0.0,100,1800,1800.0,950,850.0,2025-09,None
O05970,2025-09-01,C1493,West,Laptop,Electronics,50000,41000,3,0.0,150,150000,150000.0,123150,26850.0,2025-09,None
O01416,2025-09-02,C1329,West,Pen Set,Stationery,250,110,4,0.1,70,1000,900.0,510,390.0,2025-09,Low (1-10%)
O01739,2025-09-02,C1682,East,Laptop,Electronics,50000,41000,1,0.05,150,50000,47500.0,41150,6350.0,2025-09,Low (1-10%)
O01812,2025-09-02,C2043,South,Notebook,Stationery,150,65,1,0.3,150,150,105.0,215,-110.0,2025-09,High (>10%)
O01993,2025-09-02,C2169,South,Keyboard,Electronics,1800,1000,3,0.1,150,5400,4860.0,3150,1710.0,2025-09,Low (1-10%)
O02104,2025-09-02,C0554,East,Headphones,Electronics,2500,1350,2,0.3,150,5000,3500.0,2850,650.0,2025-09,High (>10%)
O03392,2025-09-02,C1461,South,Desk,Furniture,9000,6300,2,0.2,40,18000,14400.0,12640,1760.0,2025-09,High (>10%)
O05098,2025-09-02,C1859,North,Keyboard,Electronics,1800,1000,3,0.0,70,5400,5400.0,3070,2330.0,2025-09,None
O05118,2025-09-02,C0750,North,Office Chair,Furniture,6500,4300,1,0.0,150,6500,6500.0,4450,2050.0,2025-09,None
O05272,2025-09-02,C1197,West,Office Chair,Furniture,6500,4300,3,0.2,70,19500,15600.0,12970,2630.0,2025-09,High (>10%)
O05662,2025-09-02,C0161,South,Headphones,Electronics,2500,1350,3,0.1,100,7500,6750.0,4150,2600.0,2025-09,Low (1-10%)
O00085,2025-09-03,C1877,North,Notebook,Stationery,150,65,1,0.3,70,150,105.0,135,-30.0,2025-09,High (>10%)
O00236,2025-09-03,C0330,South,Notebook,Stationery,150,65,4,0.1,100,600,540.0,360,180.0,2025-09,Low (1-10%)
O00344,2025-09-03,C1062,North,Desk,Furniture,9000,6300,3,0.1,70,27000,24300.0,18970,5330.0,2025-09,Low (1-10%)
O00429,2025-09-03,C2258,East,Laptop,Electronics,50000,41000,2,0.1,70,100000,90000.0,82070,7930.0,2025-09,Low (1-10%)
O00692,2025-09-03,C1595,North,Pen Set,Stationery,250,110,4,0.05,70,1000,950.0,510,440.0,2025-09,Low (1-10%)
O01256,2025-09-03,C1458,South,Laptop,Electronics,50000,41000,3,0.0,70,150000,150000.0,123070,26930.0,2025-09,None
O01291,2025-09-03,C0234,South,Headphones,Electronics,2500,1350,1,0.0,150,2500,2500.0,1500,1000.0,2025-09,None
O01717,2025-09-03,C1498,South,Notebook,Stationery,150,65,1,0.2,40,150,120.0,105,15.0,2025-09,High (>10%)
O02087,2025-09-03,C1143,East,Notebook,Stationery,150,65,1,0.3,70,150,105.0,135,-30.0,2025-09,High (>10%)
O02179,2025-09-03,C2448,West,Notebook,Stationery,150,65,1,0.05,70,150,142.5,135,7.5,2025-09,Low (1-10%)
O02397,2025-09-03,C0637,West,Backpack,Accessories,1800,850,4,0.0,150,7200,7200.0,3550,3650.0,2025-09,None
O02915,2025-09-03,C1563,West,Office Chair,Furniture,6500,4300,3,0.05,150,19500,18525.0,13050,5475.0,2025-09,Low (1-10%)
O03003,2025-09-03,C1425,North,Backpack,Accessories,1800,850,3,0.2,100,5400,4320.0,2650,1670.0,2025-09,High (>10%)
O03170,2025-09-03,C1387,East,Desk,Furniture,9000,6300,4,0.1,100,36000,32400.0,25300,7100.0,2025-09,Low (1-10%)
O03919,2025-09-03,C0800,North,Laptop,Electronics,50000,41000,1,0.0,70,50000,50000.0,41070,8930.0,2025-09,None
O04368,2025-09-03,C0085,South,Headphones,Electronics,2500,1350,1,0.0,40,2500,2500.0,1390,1110.0,2025-09,None
O04393,2025-09-03,C1815,East,Laptop,Electronics,50000,41000,3,0.1,150,150000,135000.0,123150,11850.0,2025-09,Low (1-10%)
O04939,2025-09-03,C1893,East,Keyboard,Electronics,1800,1000,2,0.1,150,3600,3240.0,2150,1090.0,2025-09,Low (1-10%)
O05048,2025-09-03,C1039,West,Notebook,Stationery,150,65,2,0.05,150,300,285.0,280,5.0,2025-09,Low (1-10%)
O05447,2025-09-03,C0734,East,Notebook,Stationery,150,65,3,0.05,70,450,427.5,265,162.5,2025-09,Low (1-10%)
O05730,2025-09-03,C0169,South,Office Chair,Furniture,6500,4300,4,0.0,100,26000,26000.0,17300,8700.0,2025-09,None
O00212,2025-09-04,C2417,South,Notebook,Stationery,150,65,3,0.2,100,450,360.0,295,65.0,2025-09,High (>10%)
O00509,2025-09-04,C0738,East,Keyboard,Electronics,1800,1000,3,0.05,70,5400,5130.0,3070,2060.0,2025-09,Low (1-10%)
O00974,2025-09-04,C0637,South,Office Chair,Furniture,6500,4300,1,0.0,150,6500,6500.0,4450,2050.0,2025-09,None
O01317,2025-09-04,C1356,South,Notebook,Stationery,150,65,4,0.1,70,600,540.0,330,210.0,2025-09,Low (1-10%)
O01445,2025-09-04,C0980,South,Headphones,Electronics,2500,1350,1,0.0,40,2500,2500.0,1390,1110.0,2025-09,None
O01726,2025-09-04,C0214,West,Pen Set,Stationery,250,110,2,0.1,150,500,450.0,370,80.0,2025-09,Low (1-10%)
O02211,2025-09-04,C0898,East,Notebook,Stationery,150,65,2,0.3,70,300,210.0,200,10.0,2025-09,High (>10%)
O02511,2025-09-04,C1529,North,Headphones,Electronics,2500,1350,3,0.0,40,7500,7500.0,4090,3410.0,2025-09,None
O02887,2025-09-04,C1834,West,Backpack,Accessories,1800,850,2,0.05,40,3600,3420.0,1740,1680.0,2025-09,Low (1-10%)
O03061,2025-09-04,C1750,North,Headphones,Electronics,2500,1350,4,0.3,40,10000,7000.0,5440,1560.0,2025-09,High (>10%)
O03108,2025-09-04,C0553,North,Keyboard,Electronics,1800,1000,4,0.05,40,7200,6840.0,4040,2800.0,2025-09,Low (1-10%)
O03169,2025-09-04,C1025,North,Pen Set,Stationery,250,110,2,0.2,150,500,400.0,370,30.0,2025-09,High (>10%)
O03226,2025-09-04,C1670,North,Pen Set,Stationery,250,110,1,0.0,150,250,250.0,260,-10.0,2025-09,None
O03531,2025-09-04,C0734,North,Office Chair,Furniture,6500,4300,1,0.3,150,6500,4550.0,4450,100.0,2025-09,High (>10%)
O03671,2025-09-04,C1096,North,Headphones,Electronics,2500,1350,3,0.05,100,7500,7125.0,4150,2975.0,2025-09,Low (1-10%)
O04205,2025-09-04,C1134,South,Keyboard,Electronics,1800,1000,1,0.0,100,1800,1800.0,1100,700.0,2025-09,None
O04388,2025-09-04,C2312,West,Laptop,Electronics,50000,41000,2,0.1,40,100000,90000.0,82040,7960.0,2025-09,Low (1-10%)
O00350,2025-09-05,C1064,North,Headphones,Electronics,2500,1350,1,0.05,40,2500,2375.0,1390,985.0,2025-09,Low (1-10%)
O00454,2025-09-05,C1214,East,Laptop,Electronics,50000,41000,2,0.2,70,100000,80000.0,82070,-2070.0,2025-09,High (>10%)
O00718,2025-09-05,C1270,North,Office Chair,Furniture,6500,4300,3,0.0,150,19500,19500.0,13050,6450.0,2025-09,None
O00853,2025-09-05,C0710,South,Backpack,Accessories,1800,850,1,0.1,100,1800,1620.0,950,670.0,2025-09,Low (1-10%)
O00894,2025-09-05,C1726,West,Backpack,Accessories,1800,850,3,0.0,150,5400,5400.0,2700,2700.0,2025-09,None
O01053,2025-09-05,C0473,East,Desk,Furniture,9000,6300,2,0.1,70,18000,16200.0,12670,3530.0,2025-09,Low (1-10%)
O01328,2025-09-05,C2124,North,Laptop,Electronics,50000,41000,3,0.0,40,150000,150000.0,123040,26960.0,2025-09,None
O02317,2025-09-05,C1128,South,Laptop,Electronics,50000,41000,2,0.2,40,100000,80000.0,82040,-2040.0,2025-09,High (>10%)
O02359,2025-09-05,C1467,North,Notebook,Stationery,150,65,1,0.0,70,150,150.0,135,15.0,2025-09,None
O02434,2025-09-05,C1728,West,Keyboard,Electronics,1800,1000,3,0.2,100,5400,4320.0,3100,1220.0,2025-09,High (>10%)
O02671,2025-09-05,C2328,South,Pen Set,Stationery,250,110,4,0.1,150,1000,900.0,590,310.0,2025-09,Low (1-10%)
O02839,2025-09-05,C0524,East,Headphones,Electronics,2500,1350,3,0.2,40,7500,6000.0,4090,1910.0,2025-09,High (>10%)
O03162,2025-09-05,C0647,East,Backpack,Accessories,1800,850,4,0.05,100,7200,6840.0,3500,3340.0,2025-09,Low (1-10%)
O03351,2025-09-05,C0132,West,Headphones,Electronics,2500,1350,2,0.0,100,5000,5000.0,2800,2200.0,2025-09,None
O03597,2025-09-05,C0116,West,Keyboard,Electronics,1800,1000,1,0.1,70,1800,1620.0,1070,550.0,2025-09,Low (1-10%)
O03789,2025-09-05,C2273,East,Backpack,Accessories,1800,850,3,0.2,40,5400,4320.0,2590,1730.0,2025-09,High (>10%)
O05156,2025-09-05,C0651,West,Pen Set,Stationery,250,110,1,0.2,100,250,200.0,210,-10.0,2025-09,High (>10%)
O05193,2025-09-05,C2458,East,Office Chair,Furniture,6500,4300,4,0.0,40,26000,26000.0,17240,8760.0,2025-09,None
O05626,2025-09-05,C1467,North,Notebook,Stationery,150,65,2,0.2,40,300,240.0,170,70.0,2025-09,High (>10%)
O05953,2025-09-05,C0208,South,Headphones,Electronics,2500,1350,2,0.05,100,5000,4750.0,2800,1950.0,2025-09,Low (1-10%)
O05971,2025-09-05,C2440,East,Notebook,Stationery,150,65,3,0.3,40,450,315.0,235,80.0,2025-09,High (>10%)
O00097,2025-09-06,C0794,South,Headphones,Electronics,2500,1350,2,0.0,40,5000,5000.0,2740,2260.0,2025-09,None
O00223,2025-09-06,C1291,South,Notebook,Stationery,150,65,4,0.0,150,600,600.0,410,190.0,2025-09,None
O01018,2025-09-06,C1472,West,Office Chair,Furniture,6500,4300,1,0.05,150,6500,6175.0,4450,1725.0,2025-09,Low (1-10%)
O01201,2025-09-06,C1376,East,Backpack,Accessories,1800,850,2,0.1,40,3600,3240.0,1740,1500.0,2025-09,Low (1-10%)
O01546,2025-09-06,C1162,West,Desk,Furniture,9000,6300,3,0.2,40,27000,21600.0,18940,2660.0,2025-09,High (>10%)
O02415,2025-09-06,C0119,West,Keyboard,Electronics,1800,1000,2,0.0,100,3600,3600.0,2100,1500.0,2025-09,None
O02647,2025-09-06,C2420,South,Desk,Furniture,9000,6300,4,0.2,70,36000,28800.0,25270,3530.0,2025-09,High (>10%)
O02801,2025-09-06,C2339,East,Pen Set,Stationery,250,110,3,0.0,150,750,750.0,480,270.0,2025-09,None
O02913,2025-09-06,C1259,West,Office Chair,Furniture,6500,4300,1,0.05,150,6500,6175.0,4450,1725.0,2025-09,Low (1-10%)
O03056,2025-09-06,C1929,South,Office Chair,Furniture,6500,4300,1,0.05,100,6500,6175.0,4400,1775.0,2025-09,Low (1-10%)
O03161,2025-09-06,C0354,North,Laptop,Electronics,50000,41000,2,0.0,100,100000,100000.0,82100,17900.0,2025-09,None
O03307,2025-09-06,C2442,South,Keyboard,Electronics,1800,1000,3,0.2,100,5400,4320.0,3100,1220.0,2025-09,High (>10%)
O03474,2025-09-06,C1847,North,Backpack,Accessories,1800,850,3,0.0,100,5400,5400.0,2650,2750.0,2025-09,None
O03624,2025-09-06,C1472,South,Office Chair,Furniture,6500,4300,4,0.3,40,26000,18200.0,17240,960.0,2025-09,High (>10%)
O03756,2025-09-06,C1944,West,Keyboard,Electronics,1800,1000,1,0.3,40,1800,1260.0,1040,220.0,2025-09,High (>10%)
O04384,2025-09-06,C2126,North,Desk,Furniture,9000,6300,3,0.1,150,27000,24300.0,19050,5250.0,2025-09,Low (1-10%)
O04752,2025-09-06,C1442,South,Headphones,Electronics,2500,1350,3,0.1,70,7500,6750.0,4120,2630.0,2025-09,Low (1-10%)
O04802,2025-09-06,C1260,East,Desk,Furniture,9000,6300,4,0.1,150,36000,32400.0,25350,7050.0,2025-09,Low (1-10%)
O05466,2025-09-06,C0946,East,Desk,Furniture,9000,6300,4,0.2,70,36000,28800.0,25270,3530.0,2025-09,High (>10%)
O05490,2025-09-06,C1419,North,Keyboard,Electronics,1800,1000,2,0.0,100,3600,3600.0,2100,1500.0,2025-09,None
O05521,2025-09-06,C2281,South,Office Chair,Furniture,6500,4300,2,0.1,100,13000,11700.0,8700,3000.0,2025-09,Low (1-10%)
O05701,2025-09-06,C0685,West,Desk,Furniture,9000,6300,4,0.05,100,36000,34200.0,25300,8900.0,2025-09,Low (1-10%)
O05951,2025-09-06,C1904,East,Office Chair,Furniture,6500,4300,3,0.0,150,19500,19500.0,13050,6450.0,2025-09,None
O00251,2025-09-07,C0620,North,Headphones,Electronics,2500,1350,3,0.0,40,7500,7500.0,4090,3410.0,2025-09,None
O01408,2025-09-07,C0306,East,Pen Set,Stationery,250,110,4,0.0,150,1000,1000.0,590,410.0,2025-09,None
O01682,2025-09-07,C1756,West,Laptop,Electronics,50000,41000,3,0.2,70,150000,120000.0,123070,-3070.0,2025-09,High (>10%)
O02401,2025-09-07,C0226,West,Laptop,Electronics,50000,41000,2,0.0,70,100000,100000.0,82070,17930.0,2025-09,None
O02440,2025-09-07,C0490,West,Laptop,Electronics,50000,41000,3,0.0,40,150000,150000.0,123040,26960.0,2025-09,None
O02685,2025-09-07,C1580,West,Desk,Furniture,9000,6300,1,0.0,150,9000,9000.0,6450,2550.0,2025-09,None
O02893,2025-09-07,C1893,South,Keyboard,Electronics,1800,1000,4,0.0,150,7200,7200.0,4150,3050.0,2025-09,None
O03087,2025-09-07,C0633,East,Headphones,Electronics,2500,1350,2,0.1,100,5000,4500.0,2800,1700.0,2025-09,Low (1-10%)
O03104,2025-09-07,C1679,East,Office Chair,Furniture,6500,4300,3,0.0,40,19500,19500.0,12940,6560.0,2025-09,None
O03580,2025-09-07,C0598,South,Laptop,Electronics,50000,41000,1,0.0,100,50000,50000.0,41100,8900.0,2025-09,None
O03666,2025-09-07,C0226,South,Office Chair,Furniture,6500,4300,1,0.0,70,6500,6500.0,4370,2130.0,2025-09,None
O03818,2025-09-07,C1273,West,Pen Set,Stationery,250,110,2,0.2,40,500,400.0,260,140.0,2025-09,High (>10%)
O04950,2025-09-07,C0708,South,Keyboard,Electronics,1800,1000,2,0.2,100,3600,2880.0,2100,780.0,2025-09,High (>10%)
O05345,2025-09-07,C1516,South,Keyboard,Electronics,1800,1000,2,0.0,100,3600,3600.0,2100,1500.0,2025-09,None
O05531,2025-09-07,C1858,North,Desk,Furniture,9000,6300,2,0.1,100,18000,16200.0,12700,3500.0,2025-09,Low (1-10%)
O05985,2025-09-07,C2073,West,Headphones,Electronics,2500,1350,3,0.2,150,7500,6000.0,4200,1800.0,2025-09,High (>10%)
O00772,2025-09-08,C2194,East,Backpack,Accessories,1800,850,3,0.05,40,5400,5130.0,2590,2540.0,2025-09,Low (1-10%)
O01381,2025-09-08,C1473,East,Backpack,Accessories,1800,850,3,0.0,40,5400,5400.0,2590,2810.0,2025-09,None
O01583,2025-09-08,C1969,South,Desk,Furniture,9000,6300,2,0.0,150,18000,18000.0,12750,5250.0,2025-09,None
O01638,2025-09-08,C0309,West,Desk,Furniture,9000,6300,1,0.2,70,9000,7200.0,6370,830.0,2025-09,High (>10%)
O01674,2025-09-08,C0140,East,Pen Set,Stationery,250,110,1,0.0,40,250,250.0,150,100.0,2025-09,None
O01957,2025-09-08,C1893,West,Desk,Furniture,9000,6300,2,0.0,40,18000,18000.0,12640,5360.0,2025-09,None
O02198,2025-09-08,C0588,North,Pen Set,Stationery,250,110,2,0.0,70,500,500.0,290,210.0,2025-09,None
O02530,2025-09-08,C1407,East,Desk,Furniture,9000,6300,4,0.3,70,36000,25200.0,25270,-70.0,2025-09,High (>10%)
O03322,2025-09-08,C1057,South,Headphones,Electronics,2500,1350,1,0.05,40,2500,2375.0,1390,985.0,2025-09,Low (1-10%)
O03341,2025-09-08,C1330,South,Desk,Furniture,9000,6300,1,0.2,40,9000,7200.0,6340,860.0,2025-09,High (>10%)
O03715,2025-09-08,C0730,North,Notebook,Stationery,150,65,4,0.2,150,600,480.0,410,70.0,2025-09,High (>10%)
O04015,2025-09-08,C0546,North,Keyboard,Electronics,1800,1000,4,0.0,100,7200,7200.0,4100,3100.0,2025-09,None
O04219,2025-09-08,C0906,East,Desk,Furniture,9000,6300,2,0.0,40,18000,18000.0,12640,5360.0,2025-09,None
O04825,2025-09-08,C0897,North,Office Chair,Furniture,6500,4300,3,0.05,150,19500,18525.0,13050,5475.0,2025-09,Low (1-10%)
O04922,2025-09-08,C2299,South,Pen Set,Stationery,250,110,4,0.0,100,1000,1000.0,540,460.0,2025-09,None
O05145,2025-09-08,C2371,South,Notebook,Stationery,150,65,3,0.2,100,450,360.0,295,65.0,2025-09,High (>10%)
O05428,2025-09-08,C1790,North,Headphones,Electronics,2500,1350,3,0.0,150,7500,7500.0,4200,3300.0,2025-09,None
O05605,2025-09-08,C1848,West,Desk,Furniture,9000,6300,3,0.1,150,27000,24300.0,19050,5250.0,2025-09,Low (1-10%)
O05654,2025-09-08,C1804,East,Office Chair,Furniture,6500,4300,1,0.1,150,6500,5850.0,4450,1400.0,2025-09,Low (1-10%)
O00258,2025-09-09,C1338,West,Laptop,Electronics,50000,41000,1,0.1,40,50000,45000.0,41040,3960.0,2025-09,Low (1-10%)
O00547,2025-09-09,C2049,East,Office Chair,Furniture,6500,4300,1,0.0,100,6500,6500.0,4400,2100.0,2025-09,None
O00731,2025-09-09,C2255,North,Notebook,Stationery,150,65,1,0.2,150,150,120.0,215,-95.0,2025-09,High (>10%)
O00951,2025-09-09,C0019,North,Laptop,Electronics,50000,41000,2,0.2,70,100000,80000.0,82070,-2070.0,2025-09,High (>10%)
O01571,2025-09-09,C0213,South,Laptop,Electronics,50000,41000,3,0.3,70,150000,105000.0,123070,-18070.0,2025-09,High (>10%)
O02296,2025-09-09,C1910,West,Pen Set,Stationery,250,110,1,0.0,70,250,250.0,180,70.0,2025-09,None
O02463,2025-09-09,C0240,East,Office Chair,Furniture,6500,4300,4,0.1,40,26000,23400.0,17240,6160.0,2025-09,Low (1-10%)
O02600,2025-09-09,C1608,North,Office Chair,Furniture,6500,4300,2,0.1,70,13000,11700.0,8670,3030.0,2025-09,Low (1-10%)
O03276,2025-09-09,C2374,South,Backpack,Accessories,1800,850,4,0.2,70,7200,5760.0,3470,2290.0,2025-09,High (>10%)
O03947,2025-09-09,C1786,North,Laptop,Electronics,50000,41000,2,0.3,70,100000,70000.0,82070,-12070.0,2025-09,High (>10%)
O04194,2025-09-09,C0194,South,Laptop,Electronics,50000,41000,2,0.0,150,100000,100000.0,82150,17850.0,2025-09,None
O04798,2025-09-09,C2457,South,Laptop,Electronics,50000,41000,4,0.1,150,200000,180000.0,164150,15850.0,2025-09,Low (1-10%)
O05984,2025-09-09,C0452,East,Pen Set,Stationery,250,110,1,0.3,70,250,175.0,180,-5.0,2025-09,High (>10%)
O00267,2025-09-10,C0735,South,Office Chair,Furniture,6500,4300,3,0.05,100,19500,18525.0,13000,5525.0,2025-09,Low (1-10%)
O00332,2025-09-10,C1631,North,Keyboard,Electronics,1800,1000,1,0.2,40,1800,1440.0,1040,400.0,2025-09,High (>10%)
O00798,2025-09-10,C1393,North,Office Chair,Furniture,6500,4300,4,0.05,150,26000,24700.0,17350,7350.0,2025-09,Low (1-10%)
O00857,2025-09-10,C0325,East,Headphones,Electronics,2500,1350,1,0.1,100,2500,2250.0,1450,800.0,2025-09,Low (1-10%)
O00902,2025-09-10,C0739,North,Laptop,Electronics,50000,41000,2,0.0,150,100000,100000.0,82150,17850.0,2025-09,None
O01819,2025-09-10,C1653,North,Headphones,Electronics,2500,1350,2,0.2,100,5000,4000.0,2800,1200.0,2025-09,High (>10%)
O02712,2025-09-10,C0961,North,Laptop,Electronics,50000,41000,2,0.05,150,100000,95000.0,82150,12850.0,2025-09,Low (1-10%)
O03293,2025-09-10,C1174,North,Headphones,Electronics,2500,1350,3,0.0,40,7500,7500.0,4090,3410.0,2025-09,None
O03687,2025-09-10,C1142,East,Laptop,Electronics,50000,41000,2,0.2,100,100000,80000.0,82100,-2100.0,2025-09,High (>10%)
O03790,2025-09-10,C0959,North,Keyboard,Electronics,1800,1000,1,0.3,100,1800,1260.0,1100,160.0,2025-09,High (>10%)
O03900,2025-09-10,C2261,South,Backpack,Accessories,1800,850,1,0.2,40,1800,1440.0,890,550.0,2025-09,High (>10%)
O05339,2025-09-10,C0609,South,Office Chair,Furniture,6500,4300,2,0.2,40,13000,10400.0,8640,1760.0,2025-09,High (>10%)
O05553,2025-09-10,C1266,South,Notebook,Stationery,150,65,1,0.0,150,150,150.0,215,-65.0,2025-09,None
O05584,2025-09-10,C2138,East,Laptop,Electronics,50000,41000,1,0.05,150,50000,47500.0,41150,6350.0,2025-09,Low (1-10%)
O05882,2025-09-10,C0346,East,Backpack,Accessories,1800,850,3,0.0,40,5400,5400.0,2590,2810.0,2025-09,None
O00448,2025-09-11,C0365,South,Backpack,Accessories,1800,850,3,0.0,150,5400,5400.0,2700,2700.0,2025-09,None
O00665,2025-09-11,C0671,North,Desk,Furniture,9000,6300,2,0.05,40,18000,17100.0,12640,4460.0,2025-09,Low (1-10%)
O00734,2025-09-11,C1082,North,Pen Set,Stationery,250,110,4,0.3,40,1000,700.0,480,220.0,2025-09,High (>10%)
O01232,2025-09-11,C0314,East,Notebook,Stationery,150,65,4,0.2,70,600,480.0,330,150.0,2025-09,High (>10%)
O01926,2025-09-11,C1441,North,Headphones,Electronics,2500,1350,3,0.1,100,7500,6750.0,4150,2600.0,2025-09,Low (1-10%)
O02085,2025-09-11,C1012,South,Headphones,Electronics,2500,1350,4,0.3,70,10000,7000.0,5470,1530.0,2025-09,High (>10%)
O02136,2025-09-11,C2369,West,Notebook,Stationery,150,65,4,0.0,40,600,600.0,300,300.0,2025-09,None
O02705,2025-09-11,C1435,North,Laptop,Electronics,50000,41000,3,0.1,100,150000,135000.0,123100,11900.0,2025-09,Low (1-10%)
O03339,2025-09-11,C1593,East,Pen Set,Stationery,250,110,3,0.2,70,750,600.0,400,200.0,2025-09,High (>10%)
O03746,2025-09-11,C0654,North,Backpack,Accessories,1800,850,2,0.3,70,3600,2520.0,1770,750.0,2025-09,High (>10%)
O03776,2025-09-11,C0549,North,Headphones,Electronics,2500,1350,4,0.0,100,10000,10000.0,5500,4500.0,2025-09,None
O04403,2025-09-11,C0380,South,Office Chair,Furniture,6500,4300,2,0.1,70,13000,11700.0,8670,3030.0,2025-09,Low (1-10%)
O04629,2025-09-11,C2469,West,Pen Set,Stationery,250,110,1,0.05,70,250,237.5,180,57.5,2025-09,Low (1-10%)
O04674,2025-09-11,C2071,North,Pen Set,Stationery,250,110,4,0.1,150,1000,900.0,590,310.0,2025-09,Low (1-10%)
O05727,2025-09-11,C1004,South,Desk,Furniture,9000,6300,1,0.1,150,9000,8100.0,6450,1650.0,2025-09,Low (1-10%)
O05930,2025-09-11,C0922,South,Keyboard,Electronics,1800,1000,2,0.05,100,3600,3420.0,2100,1320.0,2025-09,Low (1-10%)
O00028,2025-09-12,C1566,Unknown,Pen Set,Stationery,250,110,4,0.0,40,1000,1000.0,480,520.0,2025-09,None
O00357,2025-09-12,C2431,West,Headphones,Electronics,2500,1350,1,0.0,70,2500,2500.0,1420,1080.0,2025-09,None
O00524,2025-09-12,C0347,South,Pen Set,Stationery,250,110,4,0.0,150,1000,1000.0,590,410.0,2025-09,None
O01580,2025-09-12,C2116,North,Desk,Furniture,9000,6300,4,0.0,150,36000,36000.0,25350,10650.0,2025-09,None
O02055,2025-09-12,C0200,South,Notebook,Stationery,150,65,1,0.2,100,150,120.0,165,-45.0,2025-09,High (>10%)
O04241,2025-09-12,C0928,North,Keyboard,Electronics,1800,1000,3,0.05,100,5400,5130.0,3100,2030.0,2025-09,Low (1-10%)
O04499,2025-09-12,C0093,North,Headphones,Electronics,2500,1350,1,0.1,150,2500,2250.0,1500,750.0,2025-09,Low (1-10%)
O04683,2025-09-12,C0534,North,Notebook,Stationery,150,65,2,0.05,150,300,285.0,280,5.0,2025-09,Low (1-10%)
O04693,2025-09-12,C0764,North,Backpack,Accessories,1800,850,1,0.1,100,1800,1620.0,950,670.0,2025-09,Low (1-10%)
O04764,2025-09-12,C1416,South,Headphones,Electronics,2500,1350,2,0.05,40,5000,4750.0,2740,2010.0,2025-09,Low (1-10%)
O05162,2025-09-12,C1461,East,Laptop,Electronics,50000,41000,1,0.05,150,50000,47500.0,41150,6350.0,2025-09,Low (1-10%)
O05332,2025-09-12,C1642,East,Pen Set,Stationery,250,110,1,0.3,70,250,175.0,180,-5.0,2025-09,High (>10%)
O05642,2025-09-12,C0961,East,Keyboard,Electronics,1800,1000,3,0.3,40,5400,3780.0,3040,740.0,2025-09,High (>10%)
O00388,2025-09-13,C1215,West,Pen Set,Stationery,250,110,2,0.05,150,500,475.0,370,105.0,2025-09,Low (1-10%)
O00424,2025-09-13,C1875,North,Desk,Furniture,9000,6300,1,0.05,150,9000,8550.0,6450,2100.0,2025-09,Low (1-10%)
O00689,2025-09-13,C1030,North,Office Chair,Furniture,6500,4300,4,0.1,100,26000,23400.0,17300,6100.0,2025-09,Low (1-10%)
O00784,2025-09-13,C1566,North,Laptop,Electronics,50000,41000,2,0.0,40,100000,100000.0,82040,17960.0,2025-09,None
O00895,2025-09-13,C1275,South,Notebook,Stationery,150,65,3,0.3,150,450,315.0,345,-30.0,2025-09,High (>10%)
O00970,2025-09-13,C2436,South,Laptop,Electronics,50000,41000,1,0.0,70,50000,50000.0,41070,8930.0,2025-09,None
O02366,2025-09-13,C1725,West,Laptop,Electronics,50000,41000,2,0.2,40,100000,80000.0,82040,-2040.0,2025-09,High (>10%)
O02422,2025-09-13,C1286,North,Pen Set,Stationery,250,110,3,0.1,40,750,675.0,370,305.0,2025-09,Low (1-10%)
O02560,2025-09-13,C1850,South,Desk,Furniture,9000,6300,1,0.05,100,9000,8550.0,6400,2150.0,2025-09,Low (1-10%)
O02717,2025-09-13,C0043,South,Office Chair,Furniture,6500,4300,2,0.05,150,13000,12350.0,8750,3600.0,2025-09,Low (1-10%)
O03210,2025-09-13,C2244,North,Headphones,Electronics,2500,1350,3,0.0,70,7500,7500.0,4120,3380.0,2025-09,None
O03769,2025-09-13,C0218,East,Pen Set,Stationery,250,110,2,0.3,40,500,350.0,260,90.0,2025-09,High (>10%)
O04829,2025-09-13,C0750,South,Backpack,Accessories,1800,850,3,0.05,150,5400,5130.0,2700,2430.0,2025-09,Low (1-10%)
O05791,2025-09-13,C1310,East,Notebook,Stationery,150,65,2,0.2,40,300,240.0,170,70.0,2025-09,High (>10%)
O01867,2025-09-14,C0678,North,Laptop,Electronics,50000,41000,4,0.2,100,200000,160000.0,164100,-4100.0,2025-09,High (>10%)
O02124,2025-09-14,C0031,North,Desk,Furniture,9000,6300,1,0.1,150,9000,8100.0,6450,1650.0,2025-09,Low (1-10%)
O02241,2025-09-14,C1909,West,Headphones,Electronics,2500,1350,3,0.2,40,7500,6000.0,4090,1910.0,2025-09,High (>10%)
O02547,2025-09-14,C2248,South,Pen Set,Stationery,250,110,2,0.1,70,500,450.0,290,160.0,2025-09,Low (1-10%)
O03077,2025-09-14,C0269,South,Laptop,Electronics,50000,41000,4,0.05,100,200000,190000.0,164100,25900.0,2025-09,Low (1-10%)
O03120,2025-09-14,C2234,South,Pen Set,Stationery,250,110,1,0.2,40,250,200.0,150,50.0,2025-09,High (>10%)
O03147,2025-09-14,C0538,South,Notebook,Stationery,150,65,2,0.0,40,300,300.0,170,130.0,2025-09,None
O03269,2025-09-14,C0903,North,Headphones,Electronics,2500,1350,4,0.3,40,10000,7000.0,5440,1560.0,2025-09,High (>10%)
O03357,2025-09-14,C0515,West,Laptop,Electronics,50000,41000,1,0.2,70,50000,40000.0,41070,-1070.0,2025-09,High (>10%)
O03648,2025-09-14,C0633,South,Desk,Furniture,9000,6300,4,0.0,150,36000,36000.0,25350,10650.0,2025-09,None
O03923,2025-09-14,C0716,North,Office Chair,Furniture,6500,4300,3,0.2,70,19500,15600.0,12970,2630.0,2025-09,High (>10%)
O03986,2025-09-14,C0235,East,Keyboard,Electronics,1800,1000,3,0.0,70,5400,5400.0,3070,2330.0,2025-09,None
O04018,2025-09-14,C2101,South,Headphones,Electronics,2500,1350,3,0.0,100,7500,7500.0,4150,3350.0,2025-09,None
O04115,2025-09-14,C0987,North,Keyboard,Electronics,1800,1000,2,0.1,150,3600,3240.0,2150,1090.0,2025-09,Low (1-10%)
O05805,2025-09-14,C0441,East,Keyboard,Electronics,1800,1000,2,0.05,150,3600,3420.0,2150,1270.0,2025-09,Low (1-10%)
O05843,2025-09-14,C1667,South,Desk,Furniture,9000,6300,1,0.1,100,9000,8100.0,6400,1700.0,2025-09,Low (1-10%)
O00072,2025-09-15,C2192,South,Headphones,Electronics,2500,1350,1,0.3,40,2500,1750.0,1390,360.0,2025-09,High (>10%)
O00207,2025-09-15,C0675,East,Pen Set,Stationery,250,110,3,0.2,150,750,600.0,480,120.0,2025-09,High (>10%)
O00550,2025-09-15,C0089,North,Notebook,Stationery,150,65,3,0.1,100,450,405.0,295,110.0,2025-09,Low (1-10%)
O00964,2025-09-15,C1164,West,Headphones,Electronics,2500,1350,1,0.0,70,2500,2500.0,1420,1080.0,2025-09,None
O01070,2025-09-15,C1122,North,Laptop,Electronics,50000,41000,4,0.1,100,200000,180000.0,164100,15900.0,2025-09,Low (1-10%)
O01554,2025-09-15,C0988,North,Desk,Furniture,9000,6300,1,0.0,40,9000,9000.0,6340,2660.0,2025-09,None
O01696,2025-09-15,C1044,North,Notebook,Stationery,150,65,1,0.0,40,150,150.0,105,45.0,2025-09,None
O01718,2025-09-15,C0538,East,Office Chair,Furniture,6500,4300,3,0.3,100,19500,13650.0,13000,650.0,2025-09,High (>10%)
O01806,2025-09-15,C1740,South,Laptop,Electronics,50000,41000,4,0.1,40,200000,180000.0,164040,15960.0,2025-09,Low (1-10%)
O02344,2025-09-15,C1364,North,Notebook,Stationery,150,65,1,0.0,70,150,150.0,135,15.0,2025-09,None
O02531,2025-09-15,C0385,South,Backpack,Accessories,1800,850,4,0.1,150,7200,6480.0,3550,2930.0,2025-09,Low (1-10%)
O02919,2025-09-15,C0888,West,Pen Set,Stationery,250,110,4,0.0,40,1000,1000.0,480,520.0,2025-09,None
O03093,2025-09-15,C1180,North,Notebook,Stationery,150,65,2,0.1,70,300,270.0,200,70.0,2025-09,Low (1-10%)
O04477,2025-09-15,C1432,South,Backpack,Accessories,1800,850,3,0.1,40,5400,4860.0,2590,2270.0,2025-09,Low (1-10%)
O05313,2025-09-15,C0378,West,Headphones,Electronics,2500,1350,4,0.0,100,10000,10000.0,5500,4500.0,2025-09,None
O05614,2025-09-15,C0060,North,Keyboard,Electronics,1800,1000,1,0.2,70,1800,1440.0,1070,370.0,2025-09,High (>10%)
O05693,2025-09-15,C1709,East,Backpack,Accessories,1800,850,1,0.1,150,1800,1620.0,1000,620.0,2025-09,Low (1-10%)
O00032,2025-09-16,C0147,West,Headphones,Electronics,2500,1350,4,0.3,150,10000,7000.0,5550,1450.0,2025-09,High (>10%)
O00646,2025-09-16,C2164,South,Keyboard,Electronics,1800,1000,2,0.05,100,3600,3420.0,2100,1320.0,2025-09,Low (1-10%)
O01024,2025-09-16,C0372,West,Pen Set,Stationery,250,110,3,0.1,100,750,675.0,430,245.0,2025-09,Low (1-10%)
O02278,2025-09-16,C1779,North,Laptop,Electronics,50000,41000,1,0.0,150,50000,50000.0,41150,8850.0,2025-09,None
O02469,2025-09-16,C1918,West,Laptop,Electronics,50000,41000,1,0.3,40,50000,35000.0,41040,-6040.0,2025-09,High (>10%)
O03540,2025-09-16,C1729,East,Pen Set,Stationery,250,110,1,0.0,70,250,250.0,180,70.0,2025-09,None
O03749,2025-09-16,C1153,South,Backpack,Accessories,1800,850,2,0.1,40,3600,3240.0,1740,1500.0,2025-09,Low (1-10%)
O04345,2025-09-16,C0585,North,Keyboard,Electronics,1800,1000,3,0.0,100,5400,5400.0,3100,2300.0,2025-09,None
O04687,2025-09-16,C2308,South,Backpack,Accessories,1800,850,1,0.05,150,1800,1710.0,1000,710.0,2025-09,Low (1-10%)
O05095,2025-09-16,C2267,North,Office Chair,Furniture,6500,4300,1,0.0,100,6500,6500.0,4400,2100.0,2025-09,None
O05220,2025-09-16,C0406,North,Keyboard,Electronics,1800,1000,2,0.05,70,3600,3420.0,2070,1350.0,2025-09,Low (1-10%)
O05554,2025-09-16,C1121,West,Notebook,Stationery,150,65,3,0.05,100,450,427.5,295,132.5,2025-09,Low (1-10%)
O05697,2025-09-16,C1920,North,Laptop,Electronics,50000,41000,2,0.1,70,100000,90000.0,82070,7930.0,2025-09,Low (1-10%)
O00215,2025-09-17,C0007,North,Notebook,Stationery,150,65,4,0.2,70,600,480.0,330,150.0,2025-09,High (>10%)
O00226,2025-09-17,C0653,West,Keyboard,Electronics,1800,1000,4,0.2,150,7200,5760.0,4150,1610.0,2025-09,High (>10%)
O00296,2025-09-17,C0816,South,Desk,Furniture,9000,6300,4,0.3,100,36000,25200.0,25300,-100.0,2025-09,High (>10%)
O00346,2025-09-17,C0981,South,Keyboard,Electronics,1800,1000,2,0.0,100,3600,3600.0,2100,1500.0,2025-09,None
O00548,2025-09-17,C0065,East,Desk,Furniture,9000,6300,3,0.2,70,27000,21600.0,18970,2630.0,2025-09,High (>10%)
O01122,2025-09-17,C1132,North,Laptop,Electronics,50000,41000,1,0.0,100,50000,50000.0,41100,8900.0,2025-09,None
O01458,2025-09-17,C1880,North,Office Chair,Furniture,6500,4300,4,0.3,100,26000,18200.0,17300,900.0,2025-09,High (>10%)
O01787,2025-09-17,C1895,East,Headphones,Electronics,2500,1350,3,0.05,40,7500,7125.0,4090,3035.0,2025-09,Low (1-10%)
O02214,2025-09-17,C1604,North,Laptop,Electronics,50000,41000,1,0.3,150,50000,35000.0,41150,-6150.0,2025-09,High (>10%)
O02721,2025-09-17,C1432,North,Notebook,Stationery,150,65,3,0.0,70,450,450.0,265,185.0,2025-09,None
O03453,2025-09-17,C2255,East,Office Chair,Furniture,6500,4300,3,0.1,70,19500,17550.0,12970,4580.0,2025-09,Low (1-10%)
O03575,2025-09-17,C2294,East,Backpack,Accessories,1800,850,1,0.2,150,1800,1440.0,1000,440.0,2025-09,High (>10%)
O03801,2025-09-17,C0896,West,Backpack,Accessories,1800,850,1,0.1,150,1800,1620.0,1000,620.0,2025-09,Low (1-10%)
O03810,2025-09-17,C2387,North,Desk,Furniture,9000,6300,2,0.05,70,18000,17100.0,12670,4430.0,2025-09,Low (1-10%)
O05224,2025-09-17,C1824,West,Pen Set,Stationery,250,110,3,0.2,150,750,600.0,480,120.0,2025-09,High (>10%)
O05276,2025-09-17,C0981,East,Headphones,Electronics,2500,1350,1,0.0,150,2500,2500.0,1500,1000.0,2025-09,None
O05767,2025-09-17,C0300,North,Keyboard,Electronics,1800,1000,2,0.05,100,3600,3420.0,2100,1320.0,2025-09,Low (1-10%)
O00328,2025-09-18,C1427,North,Laptop,Electronics,50000,41000,2,0.1,70,100000,90000.0,82070,7930.0,2025-09,Low (1-10%)
O00485,2025-09-18,C1066,East,Office Chair,Furniture,6500,4300,1,0.2,150,6500,5200.0,4450,750.0,2025-09,High (>10%)
O01075,2025-09-18,C2365,North,Office Chair,Furniture,6500,4300,3,0.0,40,19500,19500.0,12940,6560.0,2025-09,None
O01283,2025-09-18,C1772,South,Office Chair,Furniture,6500,4300,2,0.2,70,13000,10400.0,8670,1730.0,2025-09,High (>10%)
O01673,2025-09-18,C0653,North,Keyboard,Electronics,1800,1000,1,0.3,100,1800,1260.0,1100,160.0,2025-09,High (>10%)
O01766,2025-09-18,C0995,North,Backpack,Accessories,1800,850,2,0.2,150,3600,2880.0,1850,1030.0,2025-09,High (>10%)
O01908,2025-09-18,C1580,North,Headphones,Electronics,2500,1350,1,0.0,150,2500,2500.0,1500,1000.0,2025-09,None
O02333,2025-09-18,C0852,South,Keyboard,Electronics,1800,1000,2,0.05,150,3600,3420.0,2150,1270.0,2025-09,Low (1-10%)
O02349,2025-09-18,C2092,South,Headphones,Electronics,2500,1350,1,0.0,70,2500,2500.0,1420,1080.0,2025-09,None
O02453,2025-09-18,C1835,South,Laptop,Electronics,50000,41000,1,0.0,100,50000,50000.0,41100,8900.0,2025-09,None
O02604,2025-09-18,C1650,West,Desk,Furniture,9000,6300,3,0.3,100,27000,18900.0,19000,-100.0,2025-09,High (>10%)
O02825,2025-09-18,C1818,East,Desk,Furniture,9000,6300,4,0.05,70,36000,34200.0,25270,8930.0,2025-09,Low (1-10%)
O02967,2025-09-18,C0423,East,Headphones,Electronics,2500,1350,4,0.1,100,10000,9000.0,5500,3500.0,2025-09,Low (1-10%)
O03642,2025-09-18,C1621,South,Backpack,Accessories,1800,850,2,0.0,100,3600,3600.0,1800,1800.0,2025-09,None
O03799,2025-09-18,C2155,South,Laptop,Electronics,50000,41000,4,0.0,100,200000,200000.0,164100,35900.0,2025-09,None
O03920,2025-09-18,C2353,East,Desk,Furniture,9000,6300,1,0.3,40,9000,6300.0,6340,-40.0,2025-09,High (>10%)
O04281,2025-09-18,C0411,South,Office Chair,Furniture,6500,4300,4,0.2,150,26000,20800.0,17350,3450.0,2025-09,High (>10%)
O04470,2025-09-18,C2235,North,Notebook,Stationery,150,65,3,0.1,70,450,405.0,265,140.0,2025-09,Low (1-10%)
O05758,2025-09-18,C0430,West,Desk,Furniture,9000,6300,1,0.0,70,9000,9000.0,6370,2630.0,2025-09,None
O00073,2025-09-19,C1154,East,Office Chair,Furniture,6500,4300,3,0.05,40,19500,18525.0,12940,5585.0,2025-09,Low (1-10%)
O00479,2025-09-19,C1241,South,Notebook,Stationery,150,65,1,0.1,40,150,135.0,105,30.0,2025-09,Low (1-10%)
O00837,2025-09-19,C0299,North,Pen Set,Stationery,250,110,1,0.0,40,250,250.0,150,100.0,2025-09,None
O00994,2025-09-19,C1105,North,Office Chair,Furniture,6500,4300,3,0.2,40,19500,15600.0,12940,2660.0,2025-09,High (>10%)
O01421,2025-09-19,C0382,North,Backpack,Accessories,1800,850,3,0.2,100,5400,4320.0,2650,1670.0,2025-09,High (>10%)
O01492,2025-09-19,C0247,South,Office Chair,Furniture,6500,4300,1,0.2,150,6500,5200.0,4450,750.0,2025-09,High (>10%)
O01762,2025-09-19,C0158,East,Office Chair,Furniture,6500,4300,1,0.1,70,6500,5850.0,4370,1480.0,2025-09,Low (1-10%)
O01947,2025-09-19,C2111,West,Headphones,Electronics,2500,1350,4,0.1,150,10000,9000.0,5550,3450.0,2025-09,Low (1-10%)
O02002,2025-09-19,C1858,North,Laptop,Electronics,50000,41000,3,0.3,150,150000,105000.0,123150,-18150.0,2025-09,High (>10%)
O02100,2025-09-19,C0730,South,Headphones,Electronics,2500,1350,4,0.05,100,10000,9500.0,5500,4000.0,2025-09,Low (1-10%)
O02309,2025-09-19,C2274,North,Keyboard,Electronics,1800,1000,3,0.3,150,5400,3780.0,3150,630.0,2025-09,High (>10%)
O02739,2025-09-19,C2271,South,Office Chair,Furniture,6500,4300,1,0.2,40,6500,5200.0,4340,860.0,2025-09,High (>10%)
O03361,2025-09-19,C0956,North,Backpack,Accessories,1800,850,1,0.0,150,1800,1800.0,1000,800.0,2025-09,None
O03858,2025-09-19,C0012,North,Laptop,Electronics,50000,41000,1,0.0,40,50000,50000.0,41040,8960.0,2025-09,None
O04160,2025-09-19,C2473,North,Laptop,Electronics,50000,41000,1,0.1,40,50000,45000.0,41040,3960.0,2025-09,Low (1-10%)
O04342,2025-09-19,C2412,North,Office Chair,Furniture,6500,4300,3,0.3,70,19500,13650.0,12970,680.0,2025-09,High (>10%)
O05168,2025-09-19,C0005,East,Headphones,Electronics,2500,1350,2,0.1,40,5000,4500.0,2740,1760.0,2025-09,Low (1-10%)
O05170,2025-09-19,C2122,East,Laptop,Electronics,50000,41000,1,0.1,40,50000,45000.0,41040,3960.0,2025-09,Low (1-10%)
O05628,2025-09-19,C2407,South,Laptop,Electronics,50000,41000,2,0.0,40,100000,100000.0,82040,17960.0,2025-09,None
O05736,2025-09-19,C1016,North,Desk,Furniture,9000,6300,1,0.1,100,9000,8100.0,6400,1700.0,2025-09,Low (1-10%)
O00584,2025-09-20,C2322,West,Laptop,Electronics,50000,41000,1,0.3,40,50000,35000.0,41040,-6040.0,2025-09,High (>10%)
O00610,2025-09-20,C1807,South,Pen Set,Stationery,250,110,1,0.3,40,250,175.0,150,25.0,2025-09,High (>10%)
O01010,2025-09-20,C1933,South,Desk,Furniture,9000,6300,1,0.1,70,9000,8100.0,6370,1730.0,2025-09,Low (1-10%)
O01629,2025-09-20,C1818,West,Office Chair,Furniture,6500,4300,4,0.05,40,26000,24700.0,17240,7460.0,2025-09,Low (1-10%)
O01985,2025-09-20,C1908,East,Notebook,Stationery,150,65,2,0.1,150,300,270.0,280,-10.0,2025-09,Low (1-10%)
O01997,2025-09-20,C2224,South,Desk,Furniture,9000,6300,2,0.1,150,18000,16200.0,12750,3450.0,2025-09,Low (1-10%)
O02490,2025-09-20,C1164,East,Keyboard,Electronics,1800,1000,2,0.1,40,3600,3240.0,2040,1200.0,2025-09,Low (1-10%)
O02778,2025-09-20,C0087,South,Backpack,Accessories,1800,850,3,0.2,100,5400,4320.0,2650,1670.0,2025-09,High (>10%)
O03217,2025-09-20,C0993,South,Laptop,Electronics,50000,41000,2,0.0,100,100000,100000.0,82100,17900.0,2025-09,None
O04556,2025-09-20,C1869,North,Headphones,Electronics,2500,1350,2,0.05,70,5000,4750.0,2770,1980.0,2025-09,Low (1-10%)
O04675,2025-09-20,C0925,South,Pen Set,Stationery,250,110,2,0.0,40,500,500.0,260,240.0,2025-09,None
O05482,2025-09-20,C0022,East,Laptop,Electronics,50000,41000,1,0.2,70,50000,40000.0,41070,-1070.0,2025-09,High (>10%)
O05821,2025-09-20,C2126,North,Desk,Furniture,9000,6300,2,0.1,150,18000,16200.0,12750,3450.0,2025-09,Low (1-10%)
O00270,2025-09-21,C0823,West,Desk,Furniture,9000,6300,3,0.1,150,27000,24300.0,19050,5250.0,2025-09,Low (1-10%)
O01168,2025-09-21,C0446,West,Office Chair,Furniture,6500,4300,1,0.05,100,6500,6175.0,4400,1775.0,2025-09,Low (1-10%)
O01449,2025-09-21,C0811,North,Notebook,Stationery,150,65,2,0.3,70,300,210.0,200,10.0,2025-09,High (>10%)
O01650,2025-09-21,C1436,North,Pen Set,Stationery,250,110,2,0.0,150,500,500.0,370,130.0,2025-09,None
O02040,2025-09-21,C1384,West,Office Chair,Furniture,6500,4300,4,0.05,150,26000,24700.0,17350,7350.0,2025-09,Low (1-10%)
O03227,2025-09-21,C0956,North,Desk,Furniture,9000,6300,3,0.1,70,27000,24300.0,18970,5330.0,2025-09,Low (1-10%)
O03635,2025-09-21,C0863,North,Backpack,Accessories,1800,850,2,0.0,70,3600,3600.0,1770,1830.0,2025-09,None
O04756,2025-09-21,C2092,West,Desk,Furniture,9000,6300,4,0.1,100,36000,32400.0,25300,7100.0,2025-09,Low (1-10%)
O05159,2025-09-21,C0023,East,Headphones,Electronics,2500,1350,1,0.0,150,2500,2500.0,1500,1000.0,2025-09,None
O05646,2025-09-21,C1601,West,Laptop,Electronics,50000,41000,2,0.05,70,100000,95000.0,82070,12930.0,2025-09,Low (1-10%)
O00148,2025-09-22,C0458,South,Headphones,Electronics,2500,1350,3,0.2,150,7500,6000.0,4200,1800.0,2025-09,High (>10%)
O00751,2025-09-22,C1607,West,Backpack,Accessories,1800,850,2,0.05,150,3600,3420.0,1850,1570.0,2025-09,Low (1-10%)
O00819,2025-09-22,C0326,South,Notebook,Stationery,150,65,2,0.1,40,300,270.0,170,100.0,2025-09,Low (1-10%)
O01476,2025-09-22,C1493,North,Keyboard,Electronics,1800,1000,4,0.2,40,7200,5760.0,4040,1720.0,2025-09,High (>10%)
O02362,2025-09-22,C0648,South,Pen Set,Stationery,250,110,4,0.05,70,1000,950.0,510,440.0,2025-09,Low (1-10%)
O02384,2025-09-22,C0678,South,Office Chair,Furniture,6500,4300,1,0.2,40,6500,5200.0,4340,860.0,2025-09,High (>10%)
O02754,2025-09-22,C0199,South,Notebook,Stationery,150,65,1,0.1,70,150,135.0,135,0.0,2025-09,Low (1-10%)
O02757,2025-09-22,C1068,West,Backpack,Accessories,1800,850,2,0.2,70,3600,2880.0,1770,1110.0,2025-09,High (>10%)
O03054,2025-09-22,C1952,South,Keyboard,Electronics,1800,1000,1,0.1,150,1800,1620.0,1150,470.0,2025-09,Low (1-10%)
O03098,2025-09-22,C0281,North,Keyboard,Electronics,1800,1000,1,0.05,40,1800,1710.0,1040,670.0,2025-09,Low (1-10%)
O03116,2025-09-22,C0804,South,Office Chair,Furniture,6500,4300,3,0.0,100,19500,19500.0,13000,6500.0,2025-09,None
O03876,2025-09-22,C0573,South,Desk,Furniture,9000,6300,3,0.3,100,27000,18900.0,19000,-100.0,2025-09,High (>10%)
O04123,2025-09-22,C0391,South,Backpack,Accessories,1800,850,4,0.2,150,7200,5760.0,3550,2210.0,2025-09,High (>10%)
O04606,2025-09-22,C0548,East,Office Chair,Furniture,6500,4300,3,0.1,40,19500,17550.0,12940,4610.0,2025-09,Low (1-10%)
O04694,2025-09-22,C1568,North,Pen Set,Stationery,250,110,3,0.0,70,750,750.0,400,350.0,2025-09,None
O05263,2025-09-22,C0834,North,Desk,Furniture,9000,6300,4,0.05,70,36000,34200.0,25270,8930.0,2025-09,Low (1-10%)
O05558,2025-09-22,C2166,West,Keyboard,Electronics,1800,1000,1,0.05,70,1800,1710.0,1070,640.0,2025-09,Low (1-10%)
O00374,2025-09-23,C1799,West,Keyboard,Electronics,1800,1000,1,0.05,150,1800,1710.0,1150,560.0,2025-09,Low (1-10%)
O00585,2025-09-23,C2142,West,Office Chair,Furniture,6500,4300,3,0.05,70,19500,18525.0,12970,5555.0,2025-09,Low (1-10%)
O00861,2025-09-23,C2317,North,Backpack,Accessories,1800,850,1,0.1,100,1800,1620.0,950,670.0,2025-09,Low (1-10%)
O01157,2025-09-23,C1036,South,Laptop,Electronics,50000,41000,1,0.1,70,50000,45000.0,41070,3930.0,2025-09,Low (1-10%)
O01245,2025-09-23,C0623,South,Backpack,Accessories,1800,850,2,0.1,40,3600,3240.0,1740,1500.0,2025-09,Low (1-10%)
O01367,2025-09-23,C0099,West,Keyboard,Electronics,1800,1000,1,0.0,150,1800,1800.0,1150,650.0,2025-09,None
O02216,2025-09-23,C1421,North,Office Chair,Furniture,6500,4300,3,0.05,150,19500,18525.0,13050,5475.0,2025-09,Low (1-10%)
O02609,2025-09-23,C0852,North,Desk,Furniture,9000,6300,3,0.0,40,27000,27000.0,18940,8060.0,2025-09,None
O02697,2025-09-23,C1408,East,Headphones,Electronics,2500,1350,3,0.05,150,7500,7125.0,4200,2925.0,2025-09,Low (1-10%)
O03380,2025-09-23,C0922,North,Office Chair,Furniture,6500,4300,3,0.3,150,19500,13650.0,13050,600.0,2025-09,High (>10%)
O03386,2025-09-23,C1021,South,Headphones,Electronics,2500,1350,3,0.0,70,7500,7500.0,4120,3380.0,2025-09,None
O03845,2025-09-23,C2137,North,Backpack,Accessories,1800,850,2,0.1,150,3600,3240.0,1850,1390.0,2025-09,Low (1-10%)
O04028,2025-09-23,C0904,South,Office Chair,Furniture,6500,4300,3,0.05,150,19500,18525.0,13050,5475.0,2025-09,Low (1-10%)
O04473,2025-09-23,C2466,North,Office Chair,Furniture,6500,4300,3,0.05,100,19500,18525.0,13000,5525.0,2025-09,Low (1-10%)
O04830,2025-09-23,C0223,North,Office Chair,Furniture,6500,4300,3,0.0,70,19500,19500.0,12970,6530.0,2025-09,None
O05612,2025-09-23,C1375,South,Headphones,Electronics,2500,1350,4,0.0,40,10000,10000.0,5440,4560.0,2025-09,None
O05655,2025-09-23,C1306,North,Headphones,Electronics,2500,1350,1,0.1,150,2500,2250.0,1500,750.0,2025-09,Low (1-10%)
O00795,2025-09-24,C1160,North,Office Chair,Furniture,6500,4300,2,0.0,100,13000,13000.0,8700,4300.0,2025-09,None
O00929,2025-09-24,C0106,West,Office Chair,Furniture,6500,4300,1,0.2,40,6500,5200.0,4340,860.0,2025-09,High (>10%)
O01434,2025-09-24,C1850,South,Desk,Furniture,9000,6300,1,0.0,150,9000,9000.0,6450,2550.0,2025-09,None
O01471,2025-09-24,C1532,North,Backpack,Accessories,1800,850,4,0.05,70,7200,6840.0,3470,3370.0,2025-09,Low (1-10%)
O02166,2025-09-24,C1988,South,Backpack,Accessories,1800,850,3,0.2,100,5400,4320.0,2650,1670.0,2025-09,High (>10%)
O02262,2025-09-24,C1127,West,Backpack,Accessories,1800,850,1,0.0,40,1800,1800.0,890,910.0,2025-09,None
O02523,2025-09-24,C1225,West,Headphones,Electronics,2500,1350,3,0.05,40,7500,7125.0,4090,3035.0,2025-09,Low (1-10%)
O02690,2025-09-24,C0786,East,Backpack,Accessories,1800,850,3,0.1,70,5400,4860.0,2620,2240.0,2025-09,Low (1-10%)
O02755,2025-09-24,C2398,East,Backpack,Accessories,1800,850,2,0.1,40,3600,3240.0,1740,1500.0,2025-09,Low (1-10%)
O02921,2025-09-24,C1360,East,Keyboard,Electronics,1800,1000,2,0.1,150,3600,3240.0,2150,1090.0,2025-09,Low (1-10%)
O03186,2025-09-24,C2053,South,Backpack,Accessories,1800,850,2,0.05,70,3600,3420.0,1770,1650.0,2025-09,Low (1-10%)
O03383,2025-09-24,C0208,East,Backpack,Accessories,1800,850,3,0.0,100,5400,5400.0,2650,2750.0,2025-09,None
O03612,2025-09-24,C1716,North,Notebook,Stationery,150,65,4,0.0,70,600,600.0,330,270.0,2025-09,None
O03615,2025-09-24,C1729,North,Pen Set,Stationery,250,110,3,0.05,150,750,712.5,480,232.5,2025-09,Low (1-10%)
O03704,2025-09-24,C2100,East,Backpack,Accessories,1800,850,3,0.1,70,5400,4860.0,2620,2240.0,2025-09,Low (1-10%)
O04057,2025-09-24,C0833,North,Pen Set,Stationery,250,110,1,0.3,150,250,175.0,260,-85.0,2025-09,High (>10%)
O04375,2025-09-24,C1671,West,Keyboard,Electronics,1800,1000,3,0.0,70,5400,5400.0,3070,2330.0,2025-09,None
O04560,2025-09-24,C0804,East,Notebook,Stationery,150,65,1,0.3,40,150,105.0,105,0.0,2025-09,High (>10%)
O04812,2025-09-24,C2064,East,Headphones,Electronics,2500,1350,3,0.1,150,7500,6750.0,4200,2550.0,2025-09,Low (1-10%)
O05061,2025-09-24,C1496,North,Desk,Furniture,9000,6300,3,0.05,150,27000,25650.0,19050,6600.0,2025-09,Low (1-10%)
O05855,2025-09-24,C1809,West,Office Chair,Furniture,6500,4300,2,0.0,150,13000,13000.0,8750,4250.0,2025-09,None
O00138,2025-09-25,C0723,East,Laptop,Electronics,50000,41000,1,0.3,40,50000,35000.0,41040,-6040.0,2025-09,High (>10%)
O00259,2025-09-25,C0096,South,Headphones,Electronics,2500,1350,1,0.05,40,2500,2375.0,1390,985.0,2025-09,Low (1-10%)
O01083,2025-09-25,C0464,North,Backpack,Accessories,1800,850,2,0.1,40,3600,3240.0,1740,1500.0,2025-09,Low (1-10%)
O01420,2025-09-25,C0394,East,Office Chair,Furniture,6500,4300,1,0.2,40,6500,5200.0,4340,860.0,2025-09,High (>10%)
O01694,2025-09-25,C0555,North,Office Chair,Furniture,6500,4300,2,0.1,150,13000,11700.0,8750,2950.0,2025-09,Low (1-10%)
O02049,2025-09-25,C1488,South,Pen Set,Stationery,250,110,3,0.0,150,750,750.0,480,270.0,2025-09,None
O02466,2025-09-25,C0492,East,Headphones,Electronics,2500,1350,1,0.1,100,2500,2250.0,1450,800.0,2025-09,Low (1-10%)
O02899,2025-09-25,C0852,South,Pen Set,Stationery,250,110,2,0.1,70,500,450.0,290,160.0,2025-09,Low (1-10%)
O03041,2025-09-25,C2213,North,Office Chair,Furniture,6500,4300,3,0.1,70,19500,17550.0,12970,4580.0,2025-09,Low (1-10%)
O03050,2025-09-25,C0474,East,Notebook,Stationery,150,65,2,0.0,40,300,300.0,170,130.0,2025-09,None
O04332,2025-09-25,C1681,South,Keyboard,Electronics,1800,1000,3,0.05,150,5400,5130.0,3150,1980.0,2025-09,Low (1-10%)
O04533,2025-09-25,C1525,North,Notebook,Stationery,150,65,1,0.2,150,150,120.0,215,-95.0,2025-09,High (>10%)
O04870,2025-09-25,C1908,West,Notebook,Stationery,150,65,2,0.2,150,300,240.0,280,-40.0,2025-09,High (>10%)
O05027,2025-09-25,C0738,South,Keyboard,Electronics,1800,1000,3,0.0,150,5400,5400.0,3150,2250.0,2025-09,None
O05305,2025-09-25,C2163,West,Headphones,Electronics,2500,1350,3,0.0,100,7500,7500.0,4150,3350.0,2025-09,None
O00294,2025-09-26,C1934,North,Keyboard,Electronics,1800,1000,4,0.05,70,7200,6840.0,4070,2770.0,2025-09,Low (1-10%)
O01803,2025-09-26,C1950,South,Office Chair,Furniture,6500,4300,3,0.1,70,19500,17550.0,12970,4580.0,2025-09,Low (1-10%)
O04755,2025-09-26,C0481,North,Headphones,Electronics,2500,1350,1,0.0,40,2500,2500.0,1390,1110.0,2025-09,None
O04807,2025-09-26,C1301,North,Office Chair,Furniture,6500,4300,4,0.3,40,26000,18200.0,17240,960.0,2025-09,High (>10%)
O04897,2025-09-26,C0741,South,Pen Set,Stationery,250,110,2,0.05,100,500,475.0,320,155.0,2025-09,Low (1-10%)
O05137,2025-09-26,C2070,South,Office Chair,Furniture,6500,4300,3,0.1,40,19500,17550.0,12940,4610.0,2025-09,Low (1-10%)
O05254,2025-09-26,C0756,North,Desk,Furniture,9000,6300,2,0.1,40,18000,16200.0,12640,3560.0,2025-09,Low (1-10%)
O05441,2025-09-26,C1152,North,Desk,Furniture,9000,6300,3,0.05,40,27000,25650.0,18940,6710.0,2025-09,Low (1-10%)
O05607,2025-09-26,C2431,North,Office Chair,Furniture,6500,4300,3,0.05,100,19500,18525.0,13000,5525.0,2025-09,Low (1-10%)
O05728,2025-09-26,C1490,North,Laptop,Electronics,50000,41000,3,0.0,100,150000,150000.0,123100,26900.0,2025-09,None
O00355,2025-09-27,C1479,East,Backpack,Accessories,1800,850,3,0.05,40,5400,5130.0,2590,2540.0,2025-09,Low (1-10%)
O00634,2025-09-27,C1329,South,Office Chair,Furniture,6500,4300,3,0.0,150,19500,19500.0,13050,6450.0,2025-09,None
O01345,2025-09-27,C1597,South,Headphones,Electronics,2500,1350,4,0.1,150,10000,9000.0,5550,3450.0,2025-09,Low (1-10%)
O01362,2025-09-27,C1652,South,Laptop,Electronics,50000,41000,3,0.3,100,150000,105000.0,123100,-18100.0,2025-09,High (>10%)
O02135,2025-09-27,C1306,West,Office Chair,Furniture,6500,4300,1,0.1,100,6500,5850.0,4400,1450.0,2025-09,Low (1-10%)
O03368,2025-09-27,C2127,North,Keyboard,Electronics,1800,1000,3,0.05,70,5400,5130.0,3070,2060.0,2025-09,Low (1-10%)
O03537,2025-09-27,C0655,North,Laptop,Electronics,50000,41000,4,0.05,40,200000,190000.0,164040,25960.0,2025-09,Low (1-10%)
O04888,2025-09-27,C1032,West,Desk,Furniture,9000,6300,3,0.0,40,27000,27000.0,18940,8060.0,2025-09,None
O05169,2025-09-27,C1326,South,Keyboard,Electronics,1800,1000,2,0.0,150,3600,3600.0,2150,1450.0,2025-09,None
O05572,2025-09-27,C0578,South,Notebook,Stationery,150,65,1,0.2,100,150,120.0,165,-45.0,2025-09,High (>10%)
O05945,2025-09-27,C2411,West,Keyboard,Electronics,1800,1000,4,0.1,70,7200,6480.0,4070,2410.0,2025-09,Low (1-10%)
O00044,2025-09-28,C2234,East,Keyboard,Electronics,1800,1000,4,0.0,40,7200,7200.0,4040,3160.0,2025-09,None
O00407,2025-09-28,C1231,South,Office Chair,Furniture,6500,4300,3,0.05,40,19500,18525.0,12940,5585.0,2025-09,Low (1-10%)
O00683,2025-09-28,C2490,West,Backpack,Accessories,1800,850,1,0.0,150,1800,1800.0,1000,800.0,2025-09,None
O00790,2025-09-28,C1503,West,Laptop,Electronics,50000,41000,1,0.2,70,50000,40000.0,41070,-1070.0,2025-09,High (>10%)
O02123,2025-09-28,C2169,East,Desk,Furniture,9000,6300,4,0.3,40,36000,25200.0,25240,-40.0,2025-09,High (>10%)
O02656,2025-09-28,C1072,South,Desk,Furniture,9000,6300,3,0.05,100,27000,25650.0,19000,6650.0,2025-09,Low (1-10%)
O02720,2025-09-28,C1640,West,Headphones,Electronics,2500,1350,4,0.0,40,10000,10000.0,5440,4560.0,2025-09,None
O03668,2025-09-28,C1733,East,Headphones,Electronics,2500,1350,4,0.1,70,10000,9000.0,5470,3530.0,2025-09,Low (1-10%)
O03904,2025-09-28,C1535,West,Laptop,Electronics,50000,41000,4,0.3,150,200000,140000.0,164150,-24150.0,2025-09,High (>10%)
O04581,2025-09-28,C2454,South,Headphones,Electronics,2500,1350,4,0.0,100,10000,10000.0,5500,4500.0,2025-09,None
O04601,2025-09-28,C2485,East,Backpack,Accessories,1800,850,1,0.2,70,1800,1440.0,920,520.0,2025-09,High (>10%)
O04928,2025-09-28,C2110,South,Desk,Furniture,9000,6300,1,0.1,150,9000,8100.0,6450,1650.0,2025-09,Low (1-10%)
O05321,2025-09-28,C0797,South,Keyboard,Electronics,1800,1000,3,0.1,40,5400,4860.0,3040,1820.0,2025-09,Low (1-10%)
O05777,2025-09-28,C2071,East,Office Chair,Furniture,6500,4300,3,0.0,40,19500,19500.0,12940,6560.0,2025-09,None
O01013,2025-09-29,C2248,North,Headphones,Electronics,2500,1350,2,0.1,150,5000,4500.0,2850,1650.0,2025-09,Low (1-10%)
O01195,2025-09-29,C2242,North,Desk,Furniture,9000,6300,3,0.3,100,27000,18900.0,19000,-100.0,2025-09,High (>10%)
O01503,2025-09-29,C1092,North,Headphones,Electronics,2500,1350,1,0.1,150,2500,2250.0,1500,750.0,2025-09,Low (1-10%)
O01793,2025-09-29,C2082,South,Keyboard,Electronics,1800,1000,1,0.3,100,1800,1260.0,1100,160.0,2025-09,High (>10%)
O01895,2025-09-29,C2304,East,Headphones,Electronics,2500,1350,4,0.1,150,10000,9000.0,5550,3450.0,2025-09,Low (1-10%)
O02419,2025-09-29,C0888,West,Keyboard,Electronics,1800,1000,2,0.0,70,3600,3600.0,2070,1530.0,2025-09,None
O02461,2025-09-29,C2400,South,Keyboard,Electronics,1800,1000,4,0.2,70,7200,5760.0,4070,1690.0,2025-09,High (>10%)
O02730,2025-09-29,C0461,North,Office Chair,Furniture,6500,4300,2,0.05,70,13000,12350.0,8670,3680.0,2025-09,Low (1-10%)
O02826,2025-09-29,C0238,North,Pen Set,Stationery,250,110,3,0.0,150,750,750.0,480,270.0,2025-09,None
O03167,2025-09-29,C2251,South,Notebook,Stationery,150,65,1,0.0,100,150,150.0,165,-15.0,2025-09,None
O04209,2025-09-29,C0565,South,Headphones,Electronics,2500,1350,4,0.0,100,10000,10000.0,5500,4500.0,2025-09,None
O04287,2025-09-29,C1703,West,Notebook,Stationery,150,65,1,0.2,40,150,120.0,105,15.0,2025-09,High (>10%)
O04349,2025-09-29,C0485,East,Pen Set,Stationery,250,110,4,0.2,40,1000,800.0,480,320.0,2025-09,High (>10%)
O04381,2025-09-29,C0474,North,Backpack,Accessories,1800,850,2,0.05,70,3600,3420.0,1770,1650.0,2025-09,Low (1-10%)
O04385,2025-09-29,C0115,East,Office Chair,Furniture,6500,4300,4,0.3,100,26000,18200.0,17300,900.0,2025-09,High (>10%)
O04419,2025-09-29,C0722,North,Notebook,Stationery,150,65,4,0.0,100,600,600.0,360,240.0,2025-09,None
O04557,2025-09-29,C1930,South,Headphones,Electronics,2500,1350,4,0.1,100,10000,9000.0,5500,3500.0,2025-09,Low (1-10%)
O04664,2025-09-29,C1600,South,Office Chair,Furniture,6500,4300,2,0.05,150,13000,12350.0,8750,3600.0,2025-09,Low (1-10%)
O05079,2025-09-29,C0361,South,Pen Set,Stationery,250,110,1,0.05,70,250,237.5,180,57.5,2025-09,Low (1-10%)
O05526,2025-09-29,C0675,East,Laptop,Electronics,50000,41000,4,0.05,150,200000,190000.0,164150,25850.0,2025-09,Low (1-10%)
O00008,2025-09-30,C0392,South,Notebook,Stationery,150,65,4,0.05,40,600,570.0,300,270.0,2025-09,Low (1-10%)
O00177,2025-09-30,C2127,South,Notebook,Stationery,150,65,1,0.0,100,150,150.0,165,-15.0,2025-09,None
O00432,2025-09-30,C0389,North,Notebook,Stationery,150,65,2,0.1,40,300,270.0,170,100.0,2025-09,Low (1-10%)
O00869,2025-09-30,C1302,North,Office Chair,Furniture,6500,4300,3,0.0,100,19500,19500.0,13000,6500.0,2025-09,None
O00976,2025-09-30,C1648,North,Headphones,Electronics,2500,1350,3,0.0,100,7500,7500.0,4150,3350.0,2025-09,None
O01158,2025-09-30,C2423,West,Pen Set,Stationery,250,110,3,0.2,70,750,600.0,400,200.0,2025-09,High (>10%)
O01177,2025-09-30,C2126,North,Keyboard,Electronics,1800,1000,3,0.1,100,5400,4860.0,3100,1760.0,2025-09,Low (1-10%)
O01401,2025-09-30,C2287,West,Pen Set,Stationery,250,110,2,0.1,70,500,450.0,290,160.0,2025-09,Low (1-10%)
O01855,2025-09-30,C1291,West,Laptop,Electronics,50000,41000,4,0.0,70,200000,200000.0,164070,35930.0,2025-09,None
O02183,2025-09-30,C1783,East,Desk,Furniture,9000,6300,4,0.2,70,36000,28800.0,25270,3530.0,2025-09,High (>10%)
O02410,2025-09-30,C1517,North,Laptop,Electronics,50000,41000,3,0.05,100,150000,142500.0,123100,19400.0,2025-09,Low (1-10%)
O02445,2025-09-30,C0396,North,Desk,Furniture,9000,6300,3,0.0,100,27000,27000.0,19000,8000.0,2025-09,None
O02804,2025-09-30,C0637,East,Laptop,Electronics,50000,41000,2,0.1,150,100000,90000.0,82150,7850.0,2025-09,Low (1-10%)
O02869,2025-09-30,C2200,North,Pen Set,Stationery,250,110,2,0.0,100,500,500.0,320,180.0,2025-09,None
O02987,2025-09-30,C0225,North,Notebook,Stationery,150,65,4,0.1,150,600,540.0,410,130.0,2025-09,Low (1-10%)
O03112,2025-09-30,C2299,South,Pen Set,Stationery,250,110,1,0.1,100,250,225.0,210,15.0,2025-09,Low (1-10%)
O03211,2025-09-30,C0042,West,Backpack,Accessories,1800,850,1,0.1,70,1800,1620.0,920,700.0,2025-09,Low (1-10%)
O03445,2025-09-30,C0642,South,Backpack,Accessories,1800,850,4,0.1,150,7200,6480.0,3550,2930.0,2025-09,Low (1-10%)
O03472,2025-09-30,C0992,North,Notebook,Stationery,150,65,4,0.1,150,600,540.0,410,130.0,2025-09,Low (1-10%)
O03699,2025-09-30,C0110,East,Keyboard,Electronics,1800,1000,2,0.1,70,3600,3240.0,2070,1170.0,2025-09,Low (1-10%)
O04336,2025-09-30,C2441,South,Office Chair,Furniture,6500,4300,1,0.05,100,6500,6175.0,4400,1775.0,2025-09,Low (1-10%)
O04906,2025-09-30,C0383,West,Notebook,Stationery,150,65,4,0.1,40,600,540.0,300,240.0,2025-09,Low (1-10%)
O04980,2025-09-30,C1772,West,Desk,Furniture,9000,6300,3,0.0,40,27000,27000.0,18940,8060.0,2025-09,None
O05320,2025-09-30,C1065,South,Headphones,Electronics,2500,1350,1,0.05,150,2500,2375.0,1500,875.0,2025-09,Low (1-10%)
O05367,2025-09-30,C0772,West,Laptop,Electronics,50000,41000,1,0.3,70,50000,35000.0,41070,-6070.0,2025-09,High (>10%)
O05540,2025-09-30,C0198,East,Backpack,Accessories,1800,850,3,0.1,150,5400,4860.0,2700,2160.0,2025-09,Low (1-10%)
O05846,2025-09-30,C0018,North,Headphones,Electronics,2500,1350,4,0.1,70,10000,9000.0,5470,3530.0,2025-09,Low (1-10%)
O00090,2025-10-01,C1322,South,Pen Set,Stationery,250,110,3,0.05,150,750,712.5,480,232.5,2025-10,Low (1-10%)
O00972,2025-10-01,C2222,North,Office Chair,Furniture,6500,4300,4,0.0,70,26000,26000.0,17270,8730.0,2025-10,None
O00995,2025-10-01,C0633,South,Desk,Furniture,9000,6300,1,0.05,70,9000,8550.0,6370,2180.0,2025-10,Low (1-10%)
O03576,2025-10-01,C2117,South,Notebook,Stationery,150,65,1,0.0,40,150,150.0,105,45.0,2025-10,None
O03834,2025-10-01,C2213,North,Notebook,Stationery,150,65,2,0.0,100,300,300.0,230,70.0,2025-10,None
O04177,2025-10-01,C1441,South,Keyboard,Electronics,1800,1000,4,0.2,150,7200,5760.0,4150,1610.0,2025-10,High (>10%)
O04225,2025-10-01,C2269,South,Pen Set,Stationery,250,110,3,0.0,100,750,750.0,430,320.0,2025-10,None
O04397,2025-10-01,C1143,North,Keyboard,Electronics,1800,1000,4,0.1,100,7200,6480.0,4100,2380.0,2025-10,Low (1-10%)
O04696,2025-10-01,C0353,South,Pen Set,Stationery,250,110,2,0.05,40,500,475.0,260,215.0,2025-10,Low (1-10%)
O05390,2025-10-01,C1982,North,Pen Set,Stationery,250,110,2,0.2,100,500,400.0,320,80.0,2025-10,High (>10%)
O05469,2025-10-01,C2400,South,Desk,Furniture,9000,6300,2,0.2,150,18000,14400.0,12750,1650.0,2025-10,High (>10%)
O05515,2025-10-01,C1229,South,Desk,Furniture,9000,6300,2,0.0,70,18000,18000.0,12670,5330.0,2025-10,None
O00020,2025-10-02,C2144,West,Office Chair,Furniture,6500,4300,2,0.1,150,13000,11700.0,8750,2950.0,2025-10,Low (1-10%)
O00930,2025-10-02,C1390,South,Desk,Furniture,9000,6300,4,0.05,40,36000,34200.0,25240,8960.0,2025-10,Low (1-10%)
O01390,2025-10-02,C1141,North,Backpack,Accessories,1800,850,4,0.05,100,7200,6840.0,3500,3340.0,2025-10,Low (1-10%)
O01508,2025-10-02,C2275,North,Office Chair,Furniture,6500,4300,3,0.1,100,19500,17550.0,13000,4550.0,2025-10,Low (1-10%)
O01907,2025-10-02,C2211,East,Keyboard,Electronics,1800,1000,3,0.1,100,5400,4860.0,3100,1760.0,2025-10,Low (1-10%)
O02089,2025-10-02,C0248,West,Keyboard,Electronics,1800,1000,1,0.05,70,1800,1710.0,1070,640.0,2025-10,Low (1-10%)
O02125,2025-10-02,C0175,West,Notebook,Stationery,150,65,3,0.2,100,450,360.0,295,65.0,2025-10,High (>10%)
O02412,2025-10-02,C1006,North,Laptop,Electronics,50000,41000,3,0.0,40,150000,150000.0,123040,26960.0,2025-10,None
O03021,2025-10-02,C0324,North,Keyboard,Electronics,1800,1000,4,0.1,150,7200,6480.0,4150,2330.0,2025-10,Low (1-10%)
O03245,2025-10-02,C1138,West,Notebook,Stationery,150,65,1,0.1,70,150,135.0,135,0.0,2025-10,Low (1-10%)
O03297,2025-10-02,C2446,West,Headphones,Electronics,2500,1350,4,0.05,40,10000,9500.0,5440,4060.0,2025-10,Low (1-10%)
O04226,2025-10-02,C2367,South,Headphones,Electronics,2500,1350,1,0.0,150,2500,2500.0,1500,1000.0,2025-10,None
O04398,2025-10-02,C1120,South,Keyboard,Electronics,1800,1000,2,0.2,150,3600,2880.0,2150,730.0,2025-10,High (>10%)
O04510,2025-10-02,C1720,West,Backpack,Accessories,1800,850,3,0.2,150,5400,4320.0,2700,1620.0,2025-10,High (>10%)
O04605,2025-10-02,C2349,North,Headphones,Electronics,2500,1350,1,0.0,40,2500,2500.0,1390,1110.0,2025-10,None
O04695,2025-10-02,C1858,North,Notebook,Stationery,150,65,2,0.1,100,300,270.0,230,40.0,2025-10,Low (1-10%)
O04704,2025-10-02,C2207,South,Pen Set,Stationery,250,110,3,0.1,70,750,675.0,400,275.0,2025-10,Low (1-10%)
O04927,2025-10-02,C0887,South,Office Chair,Furniture,6500,4300,2,0.0,150,13000,13000.0,8750,4250.0,2025-10,None
O05072,2025-10-02,C0577,East,Desk,Furniture,9000,6300,4,0.3,40,36000,25200.0,25240,-40.0,2025-10,High (>10%)
O05160,2025-10-02,C0393,West,Backpack,Accessories,1800,850,2,0.0,150,3600,3600.0,1850,1750.0,2025-10,None
O05508,2025-10-02,C2073,North,Laptop,Electronics,50000,41000,2,0.05,70,100000,95000.0,82070,12930.0,2025-10,Low (1-10%)
O01032,2025-10-03,C1174,East,Headphones,Electronics,2500,1350,2,0.2,70,5000,4000.0,2770,1230.0,2025-10,High (>10%)
O01263,2025-10-03,C1522,North,Office Chair,Furniture,6500,4300,3,0.1,150,19500,17550.0,13050,4500.0,2025-10,Low (1-10%)
O01292,2025-10-03,C0250,East,Pen Set,Stationery,250,110,1,0.2,150,250,200.0,260,-60.0,2025-10,High (>10%)
O01428,2025-10-03,C1576,West,Backpack,Accessories,1800,850,3,0.1,150,5400,4860.0,2700,2160.0,2025-10,Low (1-10%)
O02084,2025-10-03,C0494,East,Notebook,Stationery,150,65,2,0.0,70,300,300.0,200,100.0,2025-10,None
O02639,2025-10-03,C1669,West,Headphones,Electronics,2500,1350,1,0.0,70,2500,2500.0,1420,1080.0,2025-10,None
O02723,2025-10-03,C1808,South,Laptop,Electronics,50000,41000,4,0.0,100,200000,200000.0,164100,35900.0,2025-10,None
O03134,2025-10-03,C0092,West,Laptop,Electronics,50000,41000,1,0.1,40,50000,45000.0,41040,3960.0,2025-10,Low (1-10%)
O03473,2025-10-03,C1383,North,Notebook,Stationery,150,65,4,0.3,70,600,420.0,330,90.0,2025-10,High (>10%)
O03557,2025-10-03,C1659,North,Notebook,Stationery,150,65,3,0.0,70,450,450.0,265,185.0,2025-10,None
O03585,2025-10-03,C2137,East,Pen Set,Stationery,250,110,1,0.0,40,250,250.0,150,100.0,2025-10,None
O04029,2025-10-03,C0557,North,Notebook,Stationery,150,65,1,0.2,100,150,120.0,165,-45.0,2025-10,High (>10%)
O04817,2025-10-03,C2161,South,Pen Set,Stationery,250,110,3,0.0,100,750,750.0,430,320.0,2025-10,None
O05131,2025-10-03,C1150,West,Keyboard,Electronics,1800,1000,2,0.2,150,3600,2880.0,2150,730.0,2025-10,High (>10%)
O05358,2025-10-03,C1941,West,Notebook,Stationery,150,65,3,0.1,40,450,405.0,235,170.0,2025-10,Low (1-10%)
O05620,2025-10-03,C2202,North,Headphones,Electronics,2500,1350,4,0.1,100,10000,9000.0,5500,3500.0,2025-10,Low (1-10%)
O05954,2025-10-03,C0080,South,Notebook,Stationery,150,65,3,0.3,150,450,315.0,345,-30.0,2025-10,High (>10%)
O00019,2025-10-04,C0240,East,Pen Set,Stationery,250,110,2,0.1,150,500,450.0,370,80.0,2025-10,Low (1-10%)
O00594,2025-10-04,C2012,East,Backpack,Accessories,1800,850,1,0.0,100,1800,1800.0,950,850.0,2025-10,None
O00896,2025-10-04,C1172,West,Desk,Furniture,9000,6300,2,0.05,150,18000,17100.0,12750,4350.0,2025-10,Low (1-10%)
O00996,2025-10-04,C1181,South,Notebook,Stationery,150,65,2,0.2,40,300,240.0,170,70.0,2025-10,High (>10%)
O01424,2025-10-04,C2141,North,Notebook,Stationery,150,65,2,0.3,150,300,210.0,280,-70.0,2025-10,High (>10%)
O01460,2025-10-04,C1445,East,Desk,Furniture,9000,6300,4,0.05,70,36000,34200.0,25270,8930.0,2025-10,Low (1-10%)
O01505,2025-10-04,C0072,East,Desk,Furniture,9000,6300,1,0.3,40,9000,6300.0,6340,-40.0,2025-10,High (>10%)
O01558,2025-10-04,C0888,North,Pen Set,Stationery,250,110,3,0.2,100,750,600.0,430,170.0,2025-10,High (>10%)
O01805,2025-10-04,C1793,South,Headphones,Electronics,2500,1350,4,0.0,150,10000,10000.0,5550,4450.0,2025-10,None
O02277,2025-10-04,C0674,North,Headphones,Electronics,2500,1350,2,0.05,150,5000,4750.0,2850,1900.0,2025-10,Low (1-10%)
O02540,2025-10-04,C0895,West,Office Chair,Furniture,6500,4300,4,0.0,100,26000,26000.0,17300,8700.0,2025-10,None
O02796,2025-10-04,C0799,East,Backpack,Accessories,1800,850,3,0.05,100,5400,5130.0,2650,2480.0,2025-10,Low (1-10%)
O02819,2025-10-04,C1302,North,Headphones,Electronics,2500,1350,1,0.1,70,2500,2250.0,1420,830.0,2025-10,Low (1-10%)
O03018,2025-10-04,C1554,West,Headphones,Electronics,2500,1350,3,0.2,150,7500,6000.0,4200,1800.0,2025-10,High (>10%)
O03600,2025-10-04,C0678,South,Desk,Furniture,9000,6300,2,0.2,70,18000,14400.0,12670,1730.0,2025-10,High (>10%)
O03862,2025-10-04,C0741,West,Notebook,Stationery,150,65,4,0.2,40,600,480.0,300,180.0,2025-10,High (>10%)
O04184,2025-10-04,C0163,North,Pen Set,Stationery,250,110,4,0.0,150,1000,1000.0,590,410.0,2025-10,None
O04552,2025-10-04,C0929,West,Laptop,Electronics,50000,41000,3,0.1,150,150000,135000.0,123150,11850.0,2025-10,Low (1-10%)
O05373,2025-10-04,C1014,West,Keyboard,Electronics,1800,1000,2,0.05,150,3600,3420.0,2150,1270.0,2025-10,Low (1-10%)
O05408,2025-10-04,C0860,East,Pen Set,Stationery,250,110,1,0.05,70,250,237.5,180,57.5,2025-10,Low (1-10%)
O05503,2025-10-04,C1139,South,Laptop,Electronics,50000,41000,4,0.0,150,200000,200000.0,164150,35850.0,2025-10,None
O05581,2025-10-04,C2008,East,Desk,Furniture,9000,6300,4,0.0,70,36000,36000.0,25270,10730.0,2025-10,None
O00170,2025-10-05,C0240,South,Laptop,Electronics,50000,41000,2,0.2,70,100000,80000.0,82070,-2070.0,2025-10,High (>10%)
O00208,2025-10-05,C2088,South,Backpack,Accessories,1800,850,1,0.3,70,1800,1260.0,920,340.0,2025-10,High (>10%)
O00272,2025-10-05,C0618,East,Laptop,Electronics,50000,41000,3,0.3,70,150000,105000.0,123070,-18070.0,2025-10,High (>10%)
O00363,2025-10-05,C2435,East,Headphones,Electronics,2500,1350,1,0.0,150,2500,2500.0,1500,1000.0,2025-10,None
O00391,2025-10-05,C0267,East,Notebook,Stationery,150,65,4,0.0,100,600,600.0,360,240.0,2025-10,None
O00402,2025-10-05,C1265,East,Pen Set,Stationery,250,110,1,0.05,150,250,237.5,260,-22.5,2025-10,Low (1-10%)
O00446,2025-10-05,C1413,North,Notebook,Stationery,150,65,3,0.0,150,450,450.0,345,105.0,2025-10,None
O00883,2025-10-05,C1749,East,Office Chair,Furniture,6500,4300,4,0.05,150,26000,24700.0,17350,7350.0,2025-10,Low (1-10%)
O01371,2025-10-05,C0798,North,Backpack,Accessories,1800,850,3,0.1,150,5400,4860.0,2700,2160.0,2025-10,Low (1-10%)
O01677,2025-10-05,C0871,South,Headphones,Electronics,2500,1350,4,0.1,150,10000,9000.0,5550,3450.0,2025-10,Low (1-10%)
O02784,2025-10-05,C0036,East,Pen Set,Stationery,250,110,4,0.05,100,1000,950.0,540,410.0,2025-10,Low (1-10%)
O03366,2025-10-05,C1130,West,Notebook,Stationery,150,65,2,0.2,100,300,240.0,230,10.0,2025-10,High (>10%)
O03765,2025-10-05,C0258,South,Office Chair,Furniture,6500,4300,4,0.2,40,26000,20800.0,17240,3560.0,2025-10,High (>10%)
O04469,2025-10-05,C2290,North,Backpack,Accessories,1800,850,4,0.0,40,7200,7200.0,3440,3760.0,2025-10,None
O04561,2025-10-05,C1304,North,Office Chair,Furniture,6500,4300,1,0.2,70,6500,5200.0,4370,830.0,2025-10,High (>10%)
O04879,2025-10-05,C0467,West,Notebook,Stationery,150,65,2,0.3,100,300,210.0,230,-20.0,2025-10,High (>10%)
O04961,2025-10-05,C0261,West,Office Chair,Furniture,6500,4300,3,0.1,100,19500,17550.0,13000,4550.0,2025-10,Low (1-10%)
O05506,2025-10-05,C1973,East,Pen Set,Stationery,250,110,4,0.2,100,1000,800.0,540,260.0,2025-10,High (>10%)
O05606,2025-10-05,C0320,West,Laptop,Electronics,50000,41000,2,0.0,40,100000,100000.0,82040,17960.0,2025-10,None
O00026,2025-10-06,C0026,Unknown,Notebook,Stationery,150,65,4,0.3,150,600,420.0,410,10.0,2025-10,High (>10%)
O00235,2025-10-06,C1668,North,Office Chair,Furniture,6500,4300,3,0.1,150,19500,17550.0,13050,4500.0,2025-10,Low (1-10%)
O00536,2025-10-06,C2003,South,Headphones,Electronics,2500,1350,1,0.0,100,2500,2500.0,1450,1050.0,2025-10,None
O01142,2025-10-06,C1749,West,Keyboard,Electronics,1800,1000,2,0.3,100,3600,2520.0,2100,420.0,2025-10,High (>10%)
O01301,2025-10-06,C1856,North,Pen Set,Stationery,250,110,4,0.1,100,1000,900.0,540,360.0,2025-10,Low (1-10%)
O01309,2025-10-06,C0728,East,Office Chair,Furniture,6500,4300,4,0.1,100,26000,23400.0,17300,6100.0,2025-10,Low (1-10%)
O01497,2025-10-06,C1930,South,Desk,Furniture,9000,6300,2,0.0,100,18000,18000.0,12700,5300.0,2025-10,None
O02421,2025-10-06,C1439,East,Keyboard,Electronics,1800,1000,3,0.1,40,5400,4860.0,3040,1820.0,2025-10,Low (1-10%)
O02587,2025-10-06,C1992,East,Keyboard,Electronics,1800,1000,4,0.0,150,7200,7200.0,4150,3050.0,2025-10,None
O03038,2025-10-06,C0907,South,Headphones,Electronics,2500,1350,2,0.2,70,5000,4000.0,2770,1230.0,2025-10,High (>10%)
O03405,2025-10-06,C2478,West,Office Chair,Furniture,6500,4300,4,0.0,100,26000,26000.0,17300,8700.0,2025-10,None
O04080,2025-10-06,C2093,West,Pen Set,Stationery,250,110,3,0.2,150,750,600.0,480,120.0,2025-10,High (>10%)
O04427,2025-10-06,C2083,West,Keyboard,Electronics,1800,1000,4,0.2,150,7200,5760.0,4150,1610.0,2025-10,High (>10%)
O04590,2025-10-06,C1721,South,Keyboard,Electronics,1800,1000,1,0.05,150,1800,1710.0,1150,560.0,2025-10,Low (1-10%)
O04639,2025-10-06,C1920,West,Desk,Furniture,9000,6300,4,0.05,150,36000,34200.0,25350,8850.0,2025-10,Low (1-10%)
O04699,2025-10-06,C0031,North,Keyboard,Electronics,1800,1000,4,0.0,40,7200,7200.0,4040,3160.0,2025-10,None
O04845,2025-10-06,C1318,East,Pen Set,Stationery,250,110,4,0.1,40,1000,900.0,480,420.0,2025-10,Low (1-10%)
O05442,2025-10-06,C2007,East,Desk,Furniture,9000,6300,3,0.0,150,27000,27000.0,19050,7950.0,2025-10,None
O00086,2025-10-07,C1949,North,Notebook,Stationery,150,65,1,0.0,100,150,150.0,165,-15.0,2025-10,None
O01040,2025-10-07,C0760,South,Pen Set,Stationery,250,110,4,0.2,150,1000,800.0,590,210.0,2025-10,High (>10%)
O01162,2025-10-07,C2052,South,Office Chair,Furniture,6500,4300,1,0.2,100,6500,5200.0,4400,800.0,2025-10,High (>10%)
O02184,2025-10-07,C1435,West,Notebook,Stationery,150,65,4,0.3,40,600,420.0,300,120.0,2025-10,High (>10%)
O02694,2025-10-07,C0850,North,Office Chair,Furniture,6500,4300,2,0.2,40,13000,10400.0,8640,1760.0,2025-10,High (>10%)
O02977,2025-10-07,C1173,North,Office Chair,Furniture,6500,4300,3,0.0,40,19500,19500.0,12940,6560.0,2025-10,None
O02979,2025-10-07,C0318,North,Keyboard,Electronics,1800,1000,2,0.05,70,3600,3420.0,2070,1350.0,2025-10,Low (1-10%)
O04006,2025-10-07,C0696,South,Backpack,Accessories,1800,850,1,0.1,40,1800,1620.0,890,730.0,2025-10,Low (1-10%)
O04236,2025-10-07,C0834,North,Laptop,Electronics,50000,41000,1,0.05,70,50000,47500.0,41070,6430.0,2025-10,Low (1-10%)
O04662,2025-10-07,C0480,South,Desk,Furniture,9000,6300,2,0.1,150,18000,16200.0,12750,3450.0,2025-10,Low (1-10%)
O05097,2025-10-07,C2298,West,Desk,Furniture,9000,6300,3,0.2,40,27000,21600.0,18940,2660.0,2025-10,High (>10%)
O05467,2025-10-07,C1861,North,Laptop,Electronics,50000,41000,2,0.05,100,100000,95000.0,82100,12900.0,2025-10,Low (1-10%)
O05819,2025-10-07,C1760,South,Office Chair,Furniture,6500,4300,3,0.1,100,19500,17550.0,13000,4550.0,2025-10,Low (1-10%)
O05993,2025-10-07,C0303,North,Pen Set,Stationery,250,110,1,0.2,70,250,200.0,180,20.0,2025-10,High (>10%)
O00033,2025-10-08,C2477,South,Laptop,Electronics,50000,41000,4,0.0,150,200000,200000.0,164150,35850.0,2025-10,None
O01642,2025-10-08,C1646,West,Laptop,Electronics,50000,41000,4,0.05,100,200000,190000.0,164100,25900.0,2025-10,Low (1-10%)
O02141,2025-10-08,C0232,South,Notebook,Stationery,150,65,3,0.0,70,450,450.0,265,185.0,2025-10,None
O02230,2025-10-08,C2017,East,Backpack,Accessories,1800,850,1,0.05,40,1800,1710.0,890,820.0,2025-10,Low (1-10%)
O03114,2025-10-08,C0748,North,Backpack,Accessories,1800,850,1,0.1,100,1800,1620.0,950,670.0,2025-10,Low (1-10%)
O03172,2025-10-08,C0944,West,Backpack,Accessories,1800,850,1,0.2,150,1800,1440.0,1000,440.0,2025-10,High (>10%)
O03451,2025-10-08,C2377,North,Office Chair,Furniture,6500,4300,3,0.0,40,19500,19500.0,12940,6560.0,2025-10,None
O03957,2025-10-08,C1040,North,Desk,Furniture,9000,6300,1,0.1,40,9000,8100.0,6340,1760.0,2025-10,Low (1-10%)
O03963,2025-10-08,C0368,West,Notebook,Stationery,150,65,1,0.0,70,150,150.0,135,15.0,2025-10,None
O04075,2025-10-08,C0113,North,Keyboard,Electronics,1800,1000,1,0.1,150,1800,1620.0,1150,470.0,2025-10,Low (1-10%)
O04299,2025-10-08,C2240,South,Laptop,Electronics,50000,41000,3,0.0,100,150000,150000.0,123100,26900.0,2025-10,None
O04657,2025-10-08,C1636,West,Headphones,Electronics,2500,1350,4,0.0,70,10000,10000.0,5470,4530.0,2025-10,None
O05256,2025-10-08,C2264,West,Keyboard,Electronics,1800,1000,4,0.1,70,7200,6480.0,4070,2410.0,2025-10,Low (1-10%)
O05293,2025-10-08,C1587,South,Keyboard,Electronics,1800,1000,2,0.2,40,3600,2880.0,2040,840.0,2025-10,High (>10%)
O05378,2025-10-08,C0080,East,Keyboard,Electronics,1800,1000,4,0.05,70,7200,6840.0,4070,2770.0,2025-10,Low (1-10%)
O01211,2025-10-09,C0197,North,Desk,Furniture,9000,6300,4,0.2,100,36000,28800.0,25300,3500.0,2025-10,High (>10%)
O02065,2025-10-09,C0668,North,Desk,Furniture,9000,6300,4,0.05,40,36000,34200.0,25240,8960.0,2025-10,Low (1-10%)
O02226,2025-10-09,C1698,North,Desk,Furniture,9000,6300,4,0.2,100,36000,28800.0,25300,3500.0,2025-10,High (>10%)
O02363,2025-10-09,C2101,West,Backpack,Accessories,1800,850,1,0.3,70,1800,1260.0,920,340.0,2025-10,High (>10%)
O02617,2025-10-09,C1931,South,Backpack,Accessories,1800,850,4,0.05,70,7200,6840.0,3470,3370.0,2025-10,Low (1-10%)
O03000,2025-10-09,C0061,East,Notebook,Stationery,150,65,2,0.0,150,300,300.0,280,20.0,2025-10,None
O03005,2025-10-09,C1431,North,Notebook,Stationery,150,65,4,0.1,70,600,540.0,330,210.0,2025-10,Low (1-10%)
O03062,2025-10-09,C0278,East,Keyboard,Electronics,1800,1000,3,0.05,40,5400,5130.0,3040,2090.0,2025-10,Low (1-10%)
O03559,2025-10-09,C1317,East,Headphones,Electronics,2500,1350,4,0.1,150,10000,9000.0,5550,3450.0,2025-10,Low (1-10%)
O04107,2025-10-09,C1882,West,Laptop,Electronics,50000,41000,1,0.1,70,50000,45000.0,41070,3930.0,2025-10,Low (1-10%)
O05422,2025-10-09,C1798,South,Backpack,Accessories,1800,850,4,0.0,40,7200,7200.0,3440,3760.0,2025-10,None
O05453,2025-10-09,C2186,North,Pen Set,Stationery,250,110,2,0.0,40,500,500.0,260,240.0,2025-10,None
O05590,2025-10-09,C1399,South,Pen Set,Stationery,250,110,3,0.05,70,750,712.5,400,312.5,2025-10,Low (1-10%)
O05615,2025-10-09,C0064,West,Desk,Furniture,9000,6300,4,0.2,100,36000,28800.0,25300,3500.0,2025-10,High (>10%)
O05899,2025-10-09,C1097,North,Notebook,Stationery,150,65,3,0.0,40,450,450.0,235,215.0,2025-10,None
O00012,2025-10-10,C1247,East,Backpack,Accessories,1800,850,1,0.2,70,1800,1440.0,920,520.0,2025-10,High (>10%)
O00159,2025-10-10,C0269,North,Desk,Furniture,9000,6300,3,0.3,150,27000,18900.0,19050,-150.0,2025-10,High (>10%)
O00698,2025-10-10,C1238,South,Desk,Furniture,9000,6300,2,0.1,40,18000,16200.0,12640,3560.0,2025-10,Low (1-10%)
O01267,2025-10-10,C1623,South,Laptop,Electronics,50000,41000,2,0.3,150,100000,70000.0,82150,-12150.0,2025-10,High (>10%)
O01839,2025-10-10,C1757,North,Headphones,Electronics,2500,1350,1,0.1,40,2500,2250.0,1390,860.0,2025-10,Low (1-10%)
O02468,2025-10-10,C0935,South,Notebook,Stationery,150,65,2,0.0,100,300,300.0,230,70.0,2025-10,None
O02809,2025-10-10,C0554,North,Pen Set,Stationery,250,110,1,0.0,40,250,250.0,150,100.0,2025-10,None
O02832,2025-10-10,C2089,North,Pen Set,Stationery,250,110,3,0.0,100,750,750.0,430,320.0,2025-10,None
O03046,2025-10-10,C1156,East,Backpack,Accessories,1800,850,4,0.2,100,7200,5760.0,3500,2260.0,2025-10,High (>10%)
O03369,2025-10-10,C1981,South,Office Chair,Furniture,6500,4300,1,0.05,70,6500,6175.0,4370,1805.0,2025-10,Low (1-10%)
O03379,2025-10-10,C1016,East,Pen Set,Stationery,250,110,4,0.05,100,1000,950.0,540,410.0,2025-10,Low (1-10%)
O03449,2025-10-10,C1994,West,Desk,Furniture,9000,6300,3,0.2,100,27000,21600.0,19000,2600.0,2025-10,High (>10%)
O03459,2025-10-10,C0915,West,Pen Set,Stationery,250,110,3,0.1,40,750,675.0,370,305.0,2025-10,Low (1-10%)
O03728,2025-10-10,C1250,East,Desk,Furniture,9000,6300,1,0.3,70,9000,6300.0,6370,-70.0,2025-10,High (>10%)
O04014,2025-10-10,C1364,North,Office Chair,Furniture,6500,4300,4,0.0,150,26000,26000.0,17350,8650.0,2025-10,None
O04295,2025-10-10,C2456,North,Backpack,Accessories,1800,850,1,0.0,150,1800,1800.0,1000,800.0,2025-10,None
O04824,2025-10-10,C1251,West,Backpack,Accessories,1800,850,4,0.3,70,7200,5040.0,3470,1570.0,2025-10,High (>10%)
O04973,2025-10-10,C1285,North,Pen Set,Stationery,250,110,2,0.1,150,500,450.0,370,80.0,2025-10,Low (1-10%)
O05451,2025-10-10,C1103,West,Keyboard,Electronics,1800,1000,3,0.1,100,5400,4860.0,3100,1760.0,2025-10,Low (1-10%)
O05934,2025-10-10,C1264,North,Keyboard,Electronics,1800,1000,4,0.1,70,7200,6480.0,4070,2410.0,2025-10,Low (1-10%)
O00278,2025-10-11,C0458,North,Pen Set,Stationery,250,110,4,0.1,70,1000,900.0,510,390.0,2025-10,Low (1-10%)
O00321,2025-10-11,C0381,East,Keyboard,Electronics,1800,1000,4,0.2,150,7200,5760.0,4150,1610.0,2025-10,High (>10%)
O01253,2025-10-11,C2476,West,Laptop,Electronics,50000,41000,3,0.1,100,150000,135000.0,123100,11900.0,2025-10,Low (1-10%)
O02763,2025-10-11,C1541,North,Keyboard,Electronics,1800,1000,2,0.0,40,3600,3600.0,2040,1560.0,2025-10,None
O02974,2025-10-11,C0661,South,Backpack,Accessories,1800,850,3,0.05,100,5400,5130.0,2650,2480.0,2025-10,Low (1-10%)
O03023,2025-10-11,C1754,South,Office Chair,Furniture,6500,4300,3,0.0,100,19500,19500.0,13000,6500.0,2025-10,None
O03400,2025-10-11,C1445,South,Notebook,Stationery,150,65,4,0.0,100,600,600.0,360,240.0,2025-10,None
O03700,2025-10-11,C1758,South,Pen Set,Stationery,250,110,2,0.05,150,500,475.0,370,105.0,2025-10,Low (1-10%)
O04672,2025-10-11,C1713,West,Notebook,Stationery,150,65,4,0.05,70,600,570.0,330,240.0,2025-10,Low (1-10%)
O05417,2025-10-11,C1509,West,Keyboard,Electronics,1800,1000,2,0.0,70,3600,3600.0,2070,1530.0,2025-10,None
O05792,2025-10-11,C0300,East,Laptop,Electronics,50000,41000,4,0.0,100,200000,200000.0,164100,35900.0,2025-10,None
O05836,2025-10-11,C0549,South,Pen Set,Stationery,250,110,2,0.05,40,500,475.0,260,215.0,2025-10,Low (1-10%)
O01178,2025-10-12,C2160,East,Headphones,Electronics,2500,1350,1,0.0,40,2500,2500.0,1390,1110.0,2025-10,None
O01451,2025-10-12,C0073,South,Keyboard,Electronics,1800,1000,2,0.2,150,3600,2880.0,2150,730.0,2025-10,High (>10%)
O01596,2025-10-12,C0476,South,Headphones,Electronics,2500,1350,3,0.2,100,7500,6000.0,4150,1850.0,2025-10,High (>10%)
O02735,2025-10-12,C2089,West,Office Chair,Furniture,6500,4300,3,0.0,70,19500,19500.0,12970,6530.0,2025-10,None
O02800,2025-10-12,C1924,North,Office Chair,Furniture,6500,4300,3,0.05,100,19500,18525.0,13000,5525.0,2025-10,Low (1-10%)
O02803,2025-10-12,C0891,East,Backpack,Accessories,1800,850,4,0.3,40,7200,5040.0,3440,1600.0,2025-10,High (>10%)
O03486,2025-10-12,C2041,East,Laptop,Electronics,50000,41000,4,0.1,40,200000,180000.0,164040,15960.0,2025-10,Low (1-10%)
O03873,2025-10-12,C0348,North,Pen Set,Stationery,250,110,4,0.05,100,1000,950.0,540,410.0,2025-10,Low (1-10%)
O04257,2025-10-12,C0533,South,Keyboard,Electronics,1800,1000,2,0.1,100,3600,3240.0,2100,1140.0,2025-10,Low (1-10%)
O04709,2025-10-12,C1309,West,Pen Set,Stationery,250,110,4,0.0,150,1000,1000.0,590,410.0,2025-10,None
O04772,2025-10-12,C0965,South,Pen Set,Stationery,250,110,1,0.0,150,250,250.0,260,-10.0,2025-10,None
O05623,2025-10-12,C0959,West,Headphones,Electronics,2500,1350,3,0.0,40,7500,7500.0,4090,3410.0,2025-10,None
O00108,2025-10-13,C0564,South,Notebook,Stationery,150,65,3,0.05,40,450,427.5,235,192.5,2025-10,Low (1-10%)
O00168,2025-10-13,C0209,North,Headphones,Electronics,2500,1350,4,0.1,40,10000,9000.0,5440,3560.0,2025-10,Low (1-10%)
O00317,2025-10-13,C0671,West,Notebook,Stationery,150,65,1,0.0,150,150,150.0,215,-65.0,2025-10,None
O00912,2025-10-13,C1867,East,Headphones,Electronics,2500,1350,4,0.05,150,10000,9500.0,5550,3950.0,2025-10,Low (1-10%)
O02263,2025-10-13,C1080,South,Laptop,Electronics,50000,41000,3,0.0,70,150000,150000.0,123070,26930.0,2025-10,None
O02482,2025-10-13,C1423,East,Pen Set,Stationery,250,110,3,0.05,150,750,712.5,480,232.5,2025-10,Low (1-10%)
O02567,2025-10-13,C1926,South,Pen Set,Stationery,250,110,4,0.1,100,1000,900.0,540,360.0,2025-10,Low (1-10%)
O02627,2025-10-13,C1807,North,Backpack,Accessories,1800,850,3,0.0,150,5400,5400.0,2700,2700.0,2025-10,None
O03896,2025-10-13,C1035,South,Backpack,Accessories,1800,850,2,0.2,100,3600,2880.0,1800,1080.0,2025-10,High (>10%)
O04067,2025-10-13,C2004,West,Pen Set,Stationery,250,110,1,0.2,70,250,200.0,180,20.0,2025-10,High (>10%)
O04571,2025-10-13,C1588,South,Notebook,Stationery,150,65,3,0.05,70,450,427.5,265,162.5,2025-10,Low (1-10%)
O04766,2025-10-13,C0271,East,Headphones,Electronics,2500,1350,4,0.1,70,10000,9000.0,5470,3530.0,2025-10,Low (1-10%)
O05319,2025-10-13,C2106,East,Pen Set,Stationery,250,110,1,0.0,70,250,250.0,180,70.0,2025-10,None
O05807,2025-10-13,C1743,South,Office Chair,Furniture,6500,4300,3,0.2,100,19500,15600.0,13000,2600.0,2025-10,High (>10%)
O00627,2025-10-14,C2218,North,Keyboard,Electronics,1800,1000,2,0.05,100,3600,3420.0,2100,1320.0,2025-10,Low (1-10%)
O01133,2025-10-14,C1795,South,Pen Set,Stationery,250,110,3,0.1,150,750,675.0,480,195.0,2025-10,Low (1-10%)
O01351,2025-10-14,C0109,North,Laptop,Electronics,50000,41000,1,0.0,100,50000,50000.0,41100,8900.0,2025-10,None
O01665,2025-10-14,C0303,North,Desk,Furniture,9000,6300,4,0.0,150,36000,36000.0,25350,10650.0,2025-10,None
O02297,2025-10-14,C0881,East,Headphones,Electronics,2500,1350,3,0.0,40,7500,7500.0,4090,3410.0,2025-10,None
O03659,2025-10-14,C1443,West,Keyboard,Electronics,1800,1000,3,0.1,70,5400,4860.0,3070,1790.0,2025-10,Low (1-10%)
O04035,2025-10-14,C0446,North,Office Chair,Furniture,6500,4300,4,0.05,70,26000,24700.0,17270,7430.0,2025-10,Low (1-10%)
O04174,2025-10-14,C2349,South,Keyboard,Electronics,1800,1000,2,0.0,40,3600,3600.0,2040,1560.0,2025-10,None
O04574,2025-10-14,C1003,East,Backpack,Accessories,1800,850,3,0.05,70,5400,5130.0,2620,2510.0,2025-10,Low (1-10%)
O04736,2025-10-14,C1893,West,Office Chair,Furniture,6500,4300,1,0.1,70,6500,5850.0,4370,1480.0,2025-10,Low (1-10%)
O04846,2025-10-14,C1640,North,Pen Set,Stationery,250,110,2,0.1,100,500,450.0,320,130.0,2025-10,Low (1-10%)
O05018,2025-10-14,C2366,North,Desk,Furniture,9000,6300,4,0.1,100,36000,32400.0,25300,7100.0,2025-10,Low (1-10%)
O05225,2025-10-14,C1759,South,Desk,Furniture,9000,6300,2,0.0,40,18000,18000.0,12640,5360.0,2025-10,None
O05286,2025-10-14,C0144,North,Desk,Furniture,9000,6300,3,0.0,40,27000,27000.0,18940,8060.0,2025-10,None
O05700,2025-10-14,C2442,South,Office Chair,Furniture,6500,4300,3,0.05,70,19500,18525.0,12970,5555.0,2025-10,Low (1-10%)
O05766,2025-10-14,C1586,West,Desk,Furniture,9000,6300,3,0.2,150,27000,21600.0,19050,2550.0,2025-10,High (>10%)
O00451,2025-10-15,C1633,West,Backpack,Accessories,1800,850,2,0.0,40,3600,3600.0,1740,1860.0,2025-10,None
O00487,2025-10-15,C0419,East,Keyboard,Electronics,1800,1000,2,0.2,70,3600,2880.0,2070,810.0,2025-10,High (>10%)
O00821,2025-10-15,C1054,West,Laptop,Electronics,50000,41000,1,0.0,40,50000,50000.0,41040,8960.0,2025-10,None
O00836,2025-10-15,C0508,North,Pen Set,Stationery,250,110,4,0.1,70,1000,900.0,510,390.0,2025-10,Low (1-10%)
O01387,2025-10-15,C2206,East,Desk,Furniture,9000,6300,1,0.1,70,9000,8100.0,6370,1730.0,2025-10,Low (1-10%)
O01615,2025-10-15,C0220,South,Laptop,Electronics,50000,41000,1,0.05,40,50000,47500.0,41040,6460.0,2025-10,Low (1-10%)
O02636,2025-10-15,C2428,South,Laptop,Electronics,50000,41000,3,0.1,40,150000,135000.0,123040,11960.0,2025-10,Low (1-10%)
O03007,2025-10-15,C0918,North,Desk,Furniture,9000,6300,2,0.0,100,18000,18000.0,12700,5300.0,2025-10,None
O03359,2025-10-15,C1299,West,Headphones,Electronics,2500,1350,4,0.0,150,10000,10000.0,5550,4450.0,2025-10,None
O03551,2025-10-15,C2198,South,Office Chair,Furniture,6500,4300,1,0.0,100,6500,6500.0,4400,2100.0,2025-10,None
O03658,2025-10-15,C2011,East,Backpack,Accessories,1800,850,4,0.05,150,7200,6840.0,3550,3290.0,2025-10,Low (1-10%)
O03866,2025-10-15,C0176,West,Pen Set,Stationery,250,110,2,0.0,70,500,500.0,290,210.0,2025-10,None
O04053,2025-10-15,C1799,North,Pen Set,Stationery,250,110,1,0.05,70,250,237.5,180,57.5,2025-10,Low (1-10%)
O04947,2025-10-15,C1982,West,Keyboard,Electronics,1800,1000,3,0.05,40,5400,5130.0,3040,2090.0,2025-10,Low (1-10%)
O05486,2025-10-15,C0426,East,Headphones,Electronics,2500,1350,1,0.1,40,2500,2250.0,1390,860.0,2025-10,Low (1-10%)
O05577,2025-10-15,C1064,East,Desk,Furniture,9000,6300,2,0.05,100,18000,17100.0,12700,4400.0,2025-10,Low (1-10%)
O00062,2025-10-16,C0922,West,Notebook,Stationery,150,65,4,0.0,100,600,600.0,360,240.0,2025-10,None
O00099,2025-10-16,C1088,South,Notebook,Stationery,150,65,4,0.2,150,600,480.0,410,70.0,2025-10,High (>10%)
O00247,2025-10-16,C0442,South,Pen Set,Stationery,250,110,2,0.1,150,500,450.0,370,80.0,2025-10,Low (1-10%)
O00426,2025-10-16,C0955,West,Headphones,Electronics,2500,1350,3,0.0,70,7500,7500.0,4120,3380.0,2025-10,None
O00639,2025-10-16,C1605,East,Pen Set,Stationery,250,110,2,0.1,40,500,450.0,260,190.0,2025-10,Low (1-10%)
O00924,2025-10-16,C1848,North,Headphones,Electronics,2500,1350,3,0.0,40,7500,7500.0,4090,3410.0,2025-10,None
O00977,2025-10-16,C1148,East,Laptop,Electronics,50000,41000,2,0.0,100,100000,100000.0,82100,17900.0,2025-10,None
O01350,2025-10-16,C1708,West,Desk,Furniture,9000,6300,1,0.2,70,9000,7200.0,6370,830.0,2025-10,High (>10%)
O01532,2025-10-16,C1608,North,Laptop,Electronics,50000,41000,2,0.2,40,100000,80000.0,82040,-2040.0,2025-10,High (>10%)
O01863,2025-10-16,C1036,South,Pen Set,Stationery,250,110,3,0.2,40,750,600.0,370,230.0,2025-10,High (>10%)
O02132,2025-10-16,C2026,North,Backpack,Accessories,1800,850,4,0.1,100,7200,6480.0,3500,2980.0,2025-10,Low (1-10%)
O02350,2025-10-16,C0896,West,Desk,Furniture,9000,6300,4,0.0,40,36000,36000.0,25240,10760.0,2025-10,None
O02966,2025-10-16,C1376,North,Desk,Furniture,9000,6300,3,0.1,40,27000,24300.0,18940,5360.0,2025-10,Low (1-10%)
O03164,2025-10-16,C2118,East,Keyboard,Electronics,1800,1000,4,0.0,40,7200,7200.0,4040,3160.0,2025-10,None
O03311,2025-10-16,C0518,West,Desk,Furniture,9000,6300,3,0.3,70,27000,18900.0,18970,-70.0,2025-10,High (>10%)
O05184,2025-10-16,C0109,South,Backpack,Accessories,1800,850,2,0.2,40,3600,2880.0,1740,1140.0,2025-10,High (>10%)
O00920,2025-10-17,C1783,West,Notebook,Stationery,150,65,2,0.05,100,300,285.0,230,55.0,2025-10,Low (1-10%)
O00932,2025-10-17,C2139,East,Notebook,Stationery,150,65,1,0.1,100,150,135.0,165,-30.0,2025-10,Low (1-10%)
O00939,2025-10-17,C1958,East,Office Chair,Furniture,6500,4300,1,0.0,150,6500,6500.0,4450,2050.0,2025-10,None
O00945,2025-10-17,C1913,South,Headphones,Electronics,2500,1350,3,0.05,150,7500,7125.0,4200,2925.0,2025-10,Low (1-10%)
O01164,2025-10-17,C1505,South,Desk,Furniture,9000,6300,1,0.0,40,9000,9000.0,6340,2660.0,2025-10,None
O01479,2025-10-17,C0985,North,Headphones,Electronics,2500,1350,1,0.0,100,2500,2500.0,1450,1050.0,2025-10,None
O01550,2025-10-17,C1291,South,Laptop,Electronics,50000,41000,2,0.0,150,100000,100000.0,82150,17850.0,2025-10,None
O02538,2025-10-17,C2283,North,Office Chair,Furniture,6500,4300,4,0.05,100,26000,24700.0,17300,7400.0,2025-10,Low (1-10%)
O03013,2025-10-17,C0906,West,Laptop,Electronics,50000,41000,4,0.2,70,200000,160000.0,164070,-4070.0,2025-10,High (>10%)
O03422,2025-10-17,C1088,North,Pen Set,Stationery,250,110,1,0.1,150,250,225.0,260,-35.0,2025-10,Low (1-10%)
O03753,2025-10-17,C0092,South,Backpack,Accessories,1800,850,4,0.2,40,7200,5760.0,3440,2320.0,2025-10,High (>10%)
O03800,2025-10-17,C0763,East,Laptop,Electronics,50000,41000,2,0.05,70,100000,95000.0,82070,12930.0,2025-10,Low (1-10%)
O04643,2025-10-17,C0075,South,Backpack,Accessories,1800,850,1,0.05,100,1800,1710.0,950,760.0,2025-10,Low (1-10%)
O05632,2025-10-17,C0784,North,Desk,Furniture,9000,6300,3,0.1,40,27000,24300.0,18940,5360.0,2025-10,Low (1-10%)
O05660,2025-10-17,C2376,North,Notebook,Stationery,150,65,2,0.1,100,300,270.0,230,40.0,2025-10,Low (1-10%)
O00694,2025-10-18,C2387,North,Backpack,Accessories,1800,850,2,0.05,100,3600,3420.0,1800,1620.0,2025-10,Low (1-10%)
O01072,2025-10-18,C0430,West,Headphones,Electronics,2500,1350,1,0.3,40,2500,1750.0,1390,360.0,2025-10,High (>10%)
O01478,2025-10-18,C1982,South,Office Chair,Furniture,6500,4300,1,0.1,100,6500,5850.0,4400,1450.0,2025-10,Low (1-10%)
O01678,2025-10-18,C2459,East,Office Chair,Furniture,6500,4300,4,0.1,100,26000,23400.0,17300,6100.0,2025-10,Low (1-10%)
O02050,2025-10-18,C0252,North,Notebook,Stationery,150,65,4,0.1,100,600,540.0,360,180.0,2025-10,Low (1-10%)
O02280,2025-10-18,C0391,South,Notebook,Stationery,150,65,4,0.2,150,600,480.0,410,70.0,2025-10,High (>10%)
O02285,2025-10-18,C0623,West,Notebook,Stationery,150,65,4,0.1,100,600,540.0,360,180.0,2025-10,Low (1-10%)
O02677,2025-10-18,C0076,North,Backpack,Accessories,1800,850,1,0.3,100,1800,1260.0,950,310.0,2025-10,High (>10%)
O03387,2025-10-18,C2388,North,Pen Set,Stationery,250,110,1,0.2,40,250,200.0,150,50.0,2025-10,High (>10%)
O04249,2025-10-18,C2346,West,Backpack,Accessories,1800,850,1,0.3,150,1800,1260.0,1000,260.0,2025-10,High (>10%)
O04727,2025-10-18,C1072,South,Laptop,Electronics,50000,41000,4,0.0,70,200000,200000.0,164070,35930.0,2025-10,None
O04934,2025-10-18,C0975,South,Pen Set,Stationery,250,110,1,0.1,150,250,225.0,260,-35.0,2025-10,Low (1-10%)
O05284,2025-10-18,C2475,East,Pen Set,Stationery,250,110,4,0.2,150,1000,800.0,590,210.0,2025-10,High (>10%)
O05315,2025-10-18,C1646,West,Office Chair,Furniture,6500,4300,2,0.2,40,13000,10400.0,8640,1760.0,2025-10,High (>10%)
O05837,2025-10-18,C0492,South,Backpack,Accessories,1800,850,1,0.05,100,1800,1710.0,950,760.0,2025-10,Low (1-10%)
O00179,2025-10-19,C0087,East,Backpack,Accessories,1800,850,1,0.2,100,1800,1440.0,950,490.0,2025-10,High (>10%)
O00645,2025-10-19,C1842,West,Pen Set,Stationery,250,110,2,0.1,40,500,450.0,260,190.0,2025-10,Low (1-10%)
O01049,2025-10-19,C0252,West,Notebook,Stationery,150,65,2,0.05,70,300,285.0,200,85.0,2025-10,Low (1-10%)
O01112,2025-10-19,C0953,North,Headphones,Electronics,2500,1350,3,0.05,150,7500,7125.0,4200,2925.0,2025-10,Low (1-10%)
O01452,2025-10-19,C0974,West,Laptop,Electronics,50000,41000,1,0.0,40,50000,50000.0,41040,8960.0,2025-10,None
O01620,2025-10-19,C1971,East,Backpack,Accessories,1800,850,1,0.1,40,1800,1620.0,890,730.0,2025-10,Low (1-10%)
O01879,2025-10-19,C2187,South,Notebook,Stationery,150,65,2,0.0,100,300,300.0,230,70.0,2025-10,None
O02015,2025-10-19,C0298,West,Notebook,Stationery,150,65,2,0.0,150,300,300.0,280,20.0,2025-10,None
O02244,2025-10-19,C0017,East,Laptop,Electronics,50000,41000,4,0.1,150,200000,180000.0,164150,15850.0,2025-10,Low (1-10%)
O02258,2025-10-19,C2129,South,Notebook,Stationery,150,65,2,0.05,100,300,285.0,230,55.0,2025-10,Low (1-10%)
O02624,2025-10-19,C0701,East,Backpack,Accessories,1800,850,4,0.1,100,7200,6480.0,3500,2980.0,2025-10,Low (1-10%)
O02802,2025-10-19,C1344,South,Office Chair,Furniture,6500,4300,4,0.3,70,26000,18200.0,17270,930.0,2025-10,High (>10%)
O03821,2025-10-19,C2360,North,Headphones,Electronics,2500,1350,1,0.0,70,2500,2500.0,1420,1080.0,2025-10,None
O03967,2025-10-19,C0998,South,Pen Set,Stationery,250,110,3,0.1,40,750,675.0,370,305.0,2025-10,Low (1-10%)
O04451,2025-10-19,C1033,South,Pen Set,Stationery,250,110,4,0.0,100,1000,1000.0,540,460.0,2025-10,None
O05316,2025-10-19,C1228,North,Desk,Furniture,9000,6300,2,0.05,150,18000,17100.0,12750,4350.0,2025-10,Low (1-10%)
O05603,2025-10-19,C2378,South,Laptop,Electronics,50000,41000,3,0.1,100,150000,135000.0,123100,11900.0,2025-10,Low (1-10%)
O05808,2025-10-19,C0862,North,Backpack,Accessories,1800,850,1,0.05,40,1800,1710.0,890,820.0,2025-10,Low (1-10%)
O05834,2025-10-19,C1339,North,Headphones,Electronics,2500,1350,3,0.0,40,7500,7500.0,4090,3410.0,2025-10,None
O05885,2025-10-19,C0761,West,Headphones,Electronics,2500,1350,1,0.2,70,2500,2000.0,1420,580.0,2025-10,High (>10%)
O05940,2025-10-19,C1336,North,Headphones,Electronics,2500,1350,1,0.05,70,2500,2375.0,1420,955.0,2025-10,Low (1-10%)
O00123,2025-10-20,C2200,West,Notebook,Stationery,150,65,3,0.1,40,450,405.0,235,170.0,2025-10,Low (1-10%)
O00245,2025-10-20,C0332,South,Notebook,Stationery,150,65,1,0.0,100,150,150.0,165,-15.0,2025-10,None
O00339,2025-10-20,C0023,South,Headphones,Electronics,2500,1350,2,0.2,150,5000,4000.0,2850,1150.0,2025-10,High (>10%)
O00496,2025-10-20,C2409,North,Office Chair,Furniture,6500,4300,2,0.1,150,13000,11700.0,8750,2950.0,2025-10,Low (1-10%)
O00648,2025-10-20,C0275,South,Desk,Furniture,9000,6300,1,0.2,40,9000,7200.0,6340,860.0,2025-10,High (>10%)
O01172,2025-10-20,C0644,South,Notebook,Stationery,150,65,3,0.1,150,450,405.0,345,60.0,2025-10,Low (1-10%)
O01436,2025-10-20,C2102,West,Laptop,Electronics,50000,41000,4,0.2,70,200000,160000.0,164070,-4070.0,2025-10,High (>10%)
O01639,2025-10-20,C0063,South,Headphones,Electronics,2500,1350,4,0.05,150,10000,9500.0,5550,3950.0,2025-10,Low (1-10%)
O02120,2025-10-20,C1017,East,Notebook,Stationery,150,65,2,0.0,40,300,300.0,170,130.0,2025-10,None
O02500,2025-10-20,C1503,South,Backpack,Accessories,1800,850,4,0.0,150,7200,7200.0,3550,3650.0,2025-10,None
O02865,2025-10-20,C1835,South,Laptop,Electronics,50000,41000,2,0.0,150,100000,100000.0,82150,17850.0,2025-10,None
O03304,2025-10-20,C0557,South,Keyboard,Electronics,1800,1000,4,0.3,150,7200,5040.0,4150,890.0,2025-10,High (>10%)
O03892,2025-10-20,C0628,West,Backpack,Accessories,1800,850,4,0.2,70,7200,5760.0,3470,2290.0,2025-10,High (>10%)
O03897,2025-10-20,C2204,North,Desk,Furniture,9000,6300,1,0.0,40,9000,9000.0,6340,2660.0,2025-10,None
O04462,2025-10-20,C0578,South,Keyboard,Electronics,1800,1000,1,0.1,40,1800,1620.0,1040,580.0,2025-10,Low (1-10%)
O05450,2025-10-20,C1267,East,Headphones,Electronics,2500,1350,2,0.1,70,5000,4500.0,2770,1730.0,2025-10,Low (1-10%)
O05542,2025-10-20,C0258,West,Headphones,Electronics,2500,1350,4,0.0,100,10000,10000.0,5500,4500.0,2025-10,None
O05913,2025-10-20,C0539,East,Notebook,Stationery,150,65,2,0.1,150,300,270.0,280,-10.0,2025-10,Low (1-10%)
O00512,2025-10-21,C2300,South,Notebook,Stationery,150,65,1,0.1,100,150,135.0,165,-30.0,2025-10,Low (1-10%)
O01182,2025-10-21,C0636,East,Backpack,Accessories,1800,850,3,0.1,70,5400,4860.0,2620,2240.0,2025-10,Low (1-10%)
O01278,2025-10-21,C1985,South,Pen Set,Stationery,250,110,2,0.05,150,500,475.0,370,105.0,2025-10,Low (1-10%)
O01487,2025-10-21,C1908,North,Headphones,Electronics,2500,1350,4,0.1,40,10000,9000.0,5440,3560.0,2025-10,Low (1-10%)
O01529,2025-10-21,C1650,North,Laptop,Electronics,50000,41000,3,0.1,150,150000,135000.0,123150,11850.0,2025-10,Low (1-10%)
O01657,2025-10-21,C1817,East,Pen Set,Stationery,250,110,2,0.1,70,500,450.0,290,160.0,2025-10,Low (1-10%)
O01714,2025-10-21,C0584,North,Notebook,Stationery,150,65,4,0.0,100,600,600.0,360,240.0,2025-10,None
O02863,2025-10-21,C1438,West,Pen Set,Stationery,250,110,4,0.0,70,1000,1000.0,510,490.0,2025-10,None
O02873,2025-10-21,C2491,East,Pen Set,Stationery,250,110,1,0.05,40,250,237.5,150,87.5,2025-10,Low (1-10%)
O03454,2025-10-21,C0295,East,Keyboard,Electronics,1800,1000,4,0.05,70,7200,6840.0,4070,2770.0,2025-10,Low (1-10%)
O04508,2025-10-21,C2084,West,Desk,Furniture,9000,6300,1,0.2,100,9000,7200.0,6400,800.0,2025-10,High (>10%)
O00307,2025-10-22,C2337,West,Keyboard,Electronics,1800,1000,4,0.1,70,7200,6480.0,4070,2410.0,2025-10,Low (1-10%)
O00452,2025-10-22,C0284,North,Backpack,Accessories,1800,850,2,0.3,100,3600,2520.0,1800,720.0,2025-10,High (>10%)
O00623,2025-10-22,C0810,West,Headphones,Electronics,2500,1350,4,0.0,150,10000,10000.0,5550,4450.0,2025-10,None
O00677,2025-10-22,C1151,South,Desk,Furniture,9000,6300,1,0.1,100,9000,8100.0,6400,1700.0,2025-10,Low (1-10%)
O00953,2025-10-22,C2263,West,Desk,Furniture,9000,6300,1,0.3,100,9000,6300.0,6400,-100.0,2025-10,High (>10%)
O01186,2025-10-22,C1088,North,Keyboard,Electronics,1800,1000,3,0.1,100,5400,4860.0,3100,1760.0,2025-10,Low (1-10%)
O02255,2025-10-22,C2004,South,Keyboard,Electronics,1800,1000,1,0.0,70,1800,1800.0,1070,730.0,2025-10,None
O02372,2025-10-22,C1007,South,Pen Set,Stationery,250,110,1,0.0,150,250,250.0,260,-10.0,2025-10,None
O02404,2025-10-22,C0860,North,Desk,Furniture,9000,6300,3,0.0,150,27000,27000.0,19050,7950.0,2025-10,None
O02475,2025-10-22,C1323,North,Laptop,Electronics,50000,41000,2,0.2,40,100000,80000.0,82040,-2040.0,2025-10,High (>10%)
O02546,2025-10-22,C0053,East,Office Chair,Furniture,6500,4300,1,0.05,150,6500,6175.0,4450,1725.0,2025-10,Low (1-10%)
O03706,2025-10-22,C1454,West,Desk,Furniture,9000,6300,1,0.0,150,9000,9000.0,6450,2550.0,2025-10,None
O03721,2025-10-22,C1882,North,Notebook,Stationery,150,65,1,0.2,70,150,120.0,135,-15.0,2025-10,High (>10%)
O04101,2025-10-22,C2255,North,Laptop,Electronics,50000,41000,1,0.2,100,50000,40000.0,41100,-1100.0,2025-10,High (>10%)
O04763,2025-10-22,C0318,North,Laptop,Electronics,50000,41000,1,0.2,100,50000,40000.0,41100,-1100.0,2025-10,High (>10%)
O05413,2025-10-22,C1456,North,Desk,Furniture,9000,6300,3,0.1,150,27000,24300.0,19050,5250.0,2025-10,Low (1-10%)
O00515,2025-10-23,C2065,North,Backpack,Accessories,1800,850,1,0.05,40,1800,1710.0,890,820.0,2025-10,Low (1-10%)
O01016,2025-10-23,C0117,North,Pen Set,Stationery,250,110,3,0.05,40,750,712.5,370,342.5,2025-10,Low (1-10%)
O01039,2025-10-23,C0852,South,Office Chair,Furniture,6500,4300,3,0.1,70,19500,17550.0,12970,4580.0,2025-10,Low (1-10%)
O01437,2025-10-23,C1313,North,Office Chair,Furniture,6500,4300,1,0.1,150,6500,5850.0,4450,1400.0,2025-10,Low (1-10%)
O01557,2025-10-23,C0505,South,Backpack,Accessories,1800,850,1,0.0,70,1800,1800.0,920,880.0,2025-10,None
O01723,2025-10-23,C2079,North,Notebook,Stationery,150,65,2,0.05,100,300,285.0,230,55.0,2025-10,Low (1-10%)
O01804,2025-10-23,C1318,North,Keyboard,Electronics,1800,1000,2,0.1,40,3600,3240.0,2040,1200.0,2025-10,Low (1-10%)
O02590,2025-10-23,C1616,North,Keyboard,Electronics,1800,1000,2,0.0,150,3600,3600.0,2150,1450.0,2025-10,None
O03229,2025-10-23,C0691,West,Notebook,Stationery,150,65,4,0.0,40,600,600.0,300,300.0,2025-10,None
O03334,2025-10-23,C1930,South,Pen Set,Stationery,250,110,3,0.3,100,750,525.0,430,95.0,2025-10,High (>10%)
O03943,2025-10-23,C0522,East,Backpack,Accessories,1800,850,2,0.05,70,3600,3420.0,1770,1650.0,2025-10,Low (1-10%)
O04095,2025-10-23,C0585,South,Backpack,Accessories,1800,850,4,0.2,150,7200,5760.0,3550,2210.0,2025-10,High (>10%)
O04932,2025-10-23,C1260,South,Notebook,Stationery,150,65,3,0.2,150,450,360.0,345,15.0,2025-10,High (>10%)
O05060,2025-10-23,C0662,North,Notebook,Stationery,150,65,2,0.2,70,300,240.0,200,40.0,2025-10,High (>10%)
O00237,2025-10-24,C1333,South,Notebook,Stationery,150,65,3,0.1,150,450,405.0,345,60.0,2025-10,Low (1-10%)
O00405,2025-10-24,C0775,East,Office Chair,Furniture,6500,4300,4,0.0,150,26000,26000.0,17350,8650.0,2025-10,None
O00444,2025-10-24,C0540,North,Office Chair,Furniture,6500,4300,3,0.1,100,19500,17550.0,13000,4550.0,2025-10,Low (1-10%)
O00812,2025-10-24,C1811,South,Backpack,Accessories,1800,850,4,0.2,40,7200,5760.0,3440,2320.0,2025-10,High (>10%)
O00903,2025-10-24,C0137,East,Headphones,Electronics,2500,1350,3,0.0,40,7500,7500.0,4090,3410.0,2025-10,None
O01077,2025-10-24,C0087,South,Notebook,Stationery,150,65,1,0.05,40,150,142.5,105,37.5,2025-10,Low (1-10%)
O01132,2025-10-24,C1726,North,Notebook,Stationery,150,65,4,0.2,40,600,480.0,300,180.0,2025-10,High (>10%)
O01814,2025-10-24,C1864,East,Office Chair,Furniture,6500,4300,3,0.0,70,19500,19500.0,12970,6530.0,2025-10,None
O01825,2025-10-24,C1432,North,Pen Set,Stationery,250,110,4,0.0,70,1000,1000.0,510,490.0,2025-10,None
O02035,2025-10-24,C1316,West,Backpack,Accessories,1800,850,4,0.1,40,7200,6480.0,3440,3040.0,2025-10,Low (1-10%)
O02069,2025-10-24,C1330,South,Keyboard,Electronics,1800,1000,1,0.05,40,1800,1710.0,1040,670.0,2025-10,Low (1-10%)
O02635,2025-10-24,C0064,South,Laptop,Electronics,50000,41000,3,0.0,150,150000,150000.0,123150,26850.0,2025-10,None
O02680,2025-10-24,C2255,South,Keyboard,Electronics,1800,1000,1,0.05,70,1800,1710.0,1070,640.0,2025-10,Low (1-10%)
O03128,2025-10-24,C1100,East,Backpack,Accessories,1800,850,3,0.1,70,5400,4860.0,2620,2240.0,2025-10,Low (1-10%)
O03413,2025-10-24,C0487,West,Headphones,Electronics,2500,1350,2,0.2,70,5000,4000.0,2770,1230.0,2025-10,High (>10%)
O03958,2025-10-24,C2258,South,Notebook,Stationery,150,65,4,0.1,150,600,540.0,410,130.0,2025-10,Low (1-10%)
O04235,2025-10-24,C1995,East,Keyboard,Electronics,1800,1000,1,0.1,100,1800,1620.0,1100,520.0,2025-10,Low (1-10%)
O04865,2025-10-24,C1131,North,Backpack,Accessories,1800,850,4,0.05,70,7200,6840.0,3470,3370.0,2025-10,Low (1-10%)
O04884,2025-10-24,C0770,South,Headphones,Electronics,2500,1350,1,0.0,100,2500,2500.0,1450,1050.0,2025-10,None
O05143,2025-10-24,C1802,East,Notebook,Stationery,150,65,1,0.05,70,150,142.5,135,7.5,2025-10,Low (1-10%)
O05573,2025-10-24,C0588,North,Headphones,Electronics,2500,1350,2,0.2,100,5000,4000.0,2800,1200.0,2025-10,High (>10%)
O05578,2025-10-24,C0822,North,Backpack,Accessories,1800,850,4,0.0,40,7200,7200.0,3440,3760.0,2025-10,None
O00146,2025-10-25,C0033,East,Pen Set,Stationery,250,110,1,0.0,40,250,250.0,150,100.0,2025-10,None
O00365,2025-10-25,C0970,East,Laptop,Electronics,50000,41000,3,0.0,150,150000,150000.0,123150,26850.0,2025-10,None
O00811,2025-10-25,C0295,South,Laptop,Electronics,50000,41000,4,0.2,40,200000,160000.0,164040,-4040.0,2025-10,High (>10%)
O00941,2025-10-25,C1998,West,Notebook,Stationery,150,65,3,0.05,40,450,427.5,235,192.5,2025-10,Low (1-10%)
O00992,2025-10-25,C0031,South,Desk,Furniture,9000,6300,3,0.1,100,27000,24300.0,19000,5300.0,2025-10,Low (1-10%)
O01286,2025-10-25,C0516,North,Laptop,Electronics,50000,41000,2,0.2,70,100000,80000.0,82070,-2070.0,2025-10,High (>10%)
O01417,2025-10-25,C1460,South,Notebook,Stationery,150,65,3,0.05,150,450,427.5,345,82.5,2025-10,Low (1-10%)
O01759,2025-10-25,C2428,West,Desk,Furniture,9000,6300,4,0.1,70,36000,32400.0,25270,7130.0,2025-10,Low (1-10%)
O02151,2025-10-25,C0987,North,Keyboard,Electronics,1800,1000,4,0.05,150,7200,6840.0,4150,2690.0,2025-10,Low (1-10%)
O02536,2025-10-25,C1573,North,Backpack,Accessories,1800,850,1,0.05,100,1800,1710.0,950,760.0,2025-10,Low (1-10%)
O03509,2025-10-25,C2306,West,Laptop,Electronics,50000,41000,2,0.2,150,100000,80000.0,82150,-2150.0,2025-10,High (>10%)
O03583,2025-10-25,C0053,East,Headphones,Electronics,2500,1350,3,0.3,150,7500,5250.0,4200,1050.0,2025-10,High (>10%)
O03610,2025-10-25,C0558,West,Notebook,Stationery,150,65,1,0.05,100,150,142.5,165,-22.5,2025-10,Low (1-10%)
O03832,2025-10-25,C2451,South,Headphones,Electronics,2500,1350,2,0.3,40,5000,3500.0,2740,760.0,2025-10,High (>10%)
O04019,2025-10-25,C0371,South,Headphones,Electronics,2500,1350,2,0.2,150,5000,4000.0,2850,1150.0,2025-10,High (>10%)
O05065,2025-10-25,C2282,South,Desk,Furniture,9000,6300,1,0.0,100,9000,9000.0,6400,2600.0,2025-10,None
O05541,2025-10-25,C2380,West,Keyboard,Electronics,1800,1000,4,0.3,70,7200,5040.0,4070,970.0,2025-10,High (>10%)
O05576,2025-10-25,C1649,North,Desk,Furniture,9000,6300,1,0.2,70,9000,7200.0,6370,830.0,2025-10,High (>10%)
O05621,2025-10-25,C2492,East,Laptop,Electronics,50000,41000,3,0.0,150,150000,150000.0,123150,26850.0,2025-10,None
O05888,2025-10-25,C1913,West,Headphones,Electronics,2500,1350,1,0.05,70,2500,2375.0,1420,955.0,2025-10,Low (1-10%)
O05996,2025-10-25,C1161,West,Headphones,Electronics,2500,1350,3,0.0,100,7500,7500.0,4150,3350.0,2025-10,None
O00437,2025-10-26,C0942,North,Desk,Furniture,9000,6300,3,0.0,150,27000,27000.0,19050,7950.0,2025-10,None
O01548,2025-10-26,C2443,South,Pen Set,Stationery,250,110,1,0.1,40,250,225.0,150,75.0,2025-10,Low (1-10%)
O01747,2025-10-26,C0311,South,Backpack,Accessories,1800,850,3,0.1,100,5400,4860.0,2650,2210.0,2025-10,Low (1-10%)
O02137,2025-10-26,C0877,West,Desk,Furniture,9000,6300,2,0.0,150,18000,18000.0,12750,5250.0,2025-10,None
O02528,2025-10-26,C0057,East,Backpack,Accessories,1800,850,1,0.0,150,1800,1800.0,1000,800.0,2025-10,None
O02649,2025-10-26,C2044,South,Backpack,Accessories,1800,850,1,0.1,100,1800,1620.0,950,670.0,2025-10,Low (1-10%)
O03677,2025-10-26,C0844,North,Keyboard,Electronics,1800,1000,3,0.2,100,5400,4320.0,3100,1220.0,2025-10,High (>10%)
O04110,2025-10-26,C2340,North,Keyboard,Electronics,1800,1000,2,0.2,100,3600,2880.0,2100,780.0,2025-10,High (>10%)
O04181,2025-10-26,C0360,South,Notebook,Stationery,150,65,1,0.3,70,150,105.0,135,-30.0,2025-10,High (>10%)
O04203,2025-10-26,C1838,South,Keyboard,Electronics,1800,1000,1,0.0,150,1800,1800.0,1150,650.0,2025-10,None
O04720,2025-10-26,C0402,North,Headphones,Electronics,2500,1350,4,0.05,150,10000,9500.0,5550,3950.0,2025-10,Low (1-10%)
O04820,2025-10-26,C1703,West,Backpack,Accessories,1800,850,3,0.05,100,5400,5130.0,2650,2480.0,2025-10,Low (1-10%)
O04856,2025-10-26,C0585,South,Notebook,Stationery,150,65,1,0.05,70,150,142.5,135,7.5,2025-10,Low (1-10%)
O04886,2025-10-26,C0804,South,Headphones,Electronics,2500,1350,3,0.1,150,7500,6750.0,4200,2550.0,2025-10,Low (1-10%)
O05856,2025-10-26,C2408,East,Desk,Furniture,9000,6300,4,0.05,40,36000,34200.0,25240,8960.0,2025-10,Low (1-10%)
O06000,2025-10-26,C1606,West,Laptop,Electronics,50000,41000,2,0.05,150,100000,95000.0,82150,12850.0,2025-10,Low (1-10%)
O00169,2025-10-27,C2356,North,Keyboard,Electronics,1800,1000,3,0.2,100,5400,4320.0,3100,1220.0,2025-10,High (>10%)
O00552,2025-10-27,C1818,North,Office Chair,Furniture,6500,4300,4,0.05,100,26000,24700.0,17300,7400.0,2025-10,Low (1-10%)
O00684,2025-10-27,C2264,North,Backpack,Accessories,1800,850,4,0.1,40,7200,6480.0,3440,3040.0,2025-10,Low (1-10%)
O00860,2025-10-27,C0342,South,Pen Set,Stationery,250,110,4,0.2,150,1000,800.0,590,210.0,2025-10,High (>10%)
O00900,2025-10-27,C1902,West,Desk,Furniture,9000,6300,2,0.1,150,18000,16200.0,12750,3450.0,2025-10,Low (1-10%)
O01154,2025-10-27,C1109,South,Backpack,Accessories,1800,850,4,0.1,70,7200,6480.0,3470,3010.0,2025-10,Low (1-10%)
O01450,2025-10-27,C1060,North,Laptop,Electronics,50000,41000,4,0.3,70,200000,140000.0,164070,-24070.0,2025-10,High (>10%)
O01820,2025-10-27,C0926,South,Keyboard,Electronics,1800,1000,2,0.3,40,3600,2520.0,2040,480.0,2025-10,High (>10%)
O01885,2025-10-27,C1269,West,Desk,Furniture,9000,6300,1,0.05,150,9000,8550.0,6450,2100.0,2025-10,Low (1-10%)
O02075,2025-10-27,C2016,West,Notebook,Stationery,150,65,2,0.0,100,300,300.0,230,70.0,2025-10,None
O02080,2025-10-27,C2317,East,Headphones,Electronics,2500,1350,1,0.0,40,2500,2500.0,1390,1110.0,2025-10,None
O02601,2025-10-27,C0526,West,Pen Set,Stationery,250,110,3,0.1,70,750,675.0,400,275.0,2025-10,Low (1-10%)
O02628,2025-10-27,C1546,West,Laptop,Electronics,50000,41000,4,0.3,40,200000,140000.0,164040,-24040.0,2025-10,High (>10%)
O03154,2025-10-27,C2257,South,Pen Set,Stationery,250,110,1,0.0,150,250,250.0,260,-10.0,2025-10,None
O03323,2025-10-27,C0418,North,Pen Set,Stationery,250,110,3,0.1,100,750,675.0,430,245.0,2025-10,Low (1-10%)
O04500,2025-10-27,C0131,East,Keyboard,Electronics,1800,1000,4,0.05,40,7200,6840.0,4040,2800.0,2025-10,Low (1-10%)
O04975,2025-10-27,C1925,North,Pen Set,Stationery,250,110,2,0.3,40,500,350.0,260,90.0,2025-10,High (>10%)
O05291,2025-10-27,C2423,West,Pen Set,Stationery,250,110,3,0.05,40,750,712.5,370,342.5,2025-10,Low (1-10%)
O05529,2025-10-27,C2096,North,Laptop,Electronics,50000,41000,3,0.1,100,150000,135000.0,123100,11900.0,2025-10,Low (1-10%)
O05582,2025-10-27,C2214,South,Pen Set,Stationery,250,110,4,0.0,100,1000,1000.0,540,460.0,2025-10,None
O05712,2025-10-27,C0461,East,Backpack,Accessories,1800,850,2,0.05,40,3600,3420.0,1740,1680.0,2025-10,Low (1-10%)
O05854,2025-10-27,C1872,North,Notebook,Stationery,150,65,2,0.05,100,300,285.0,230,55.0,2025-10,Low (1-10%)
O01274,2025-10-28,C0306,South,Notebook,Stationery,150,65,3,0.0,70,450,450.0,265,185.0,2025-10,None
O02449,2025-10-28,C1279,East,Pen Set,Stationery,250,110,3,0.2,70,750,600.0,400,200.0,2025-10,High (>10%)
O02642,2025-10-28,C0119,North,Office Chair,Furniture,6500,4300,4,0.3,150,26000,18200.0,17350,850.0,2025-10,High (>10%)
O02777,2025-10-28,C1197,North,Desk,Furniture,9000,6300,1,0.1,40,9000,8100.0,6340,1760.0,2025-10,Low (1-10%)
O02920,2025-10-28,C1633,South,Office Chair,Furniture,6500,4300,2,0.05,150,13000,12350.0,8750,3600.0,2025-10,Low (1-10%)
O03679,2025-10-28,C0778,North,Desk,Furniture,9000,6300,2,0.0,40,18000,18000.0,12640,5360.0,2025-10,None
O04215,2025-10-28,C2381,West,Notebook,Stationery,150,65,3,0.0,70,450,450.0,265,185.0,2025-10,None
O04745,2025-10-28,C0683,South,Notebook,Stationery,150,65,4,0.3,100,600,420.0,360,60.0,2025-10,High (>10%)
O05295,2025-10-28,C0326,South,Backpack,Accessories,1800,850,4,0.0,40,7200,7200.0,3440,3760.0,2025-10,None
O05402,2025-10-28,C0691,North,Notebook,Stationery,150,65,4,0.2,40,600,480.0,300,180.0,2025-10,High (>10%)
O05665,2025-10-28,C1372,North,Desk,Furniture,9000,6300,2,0.0,70,18000,18000.0,12670,5330.0,2025-10,None
O05809,2025-10-28,C0842,South,Office Chair,Furniture,6500,4300,3,0.0,40,19500,19500.0,12940,6560.0,2025-10,None
O05847,2025-10-28,C0184,North,Laptop,Electronics,50000,41000,3,0.0,100,150000,150000.0,123100,26900.0,2025-10,None
O00105,2025-10-29,C0137,East,Pen Set,Stationery,250,110,4,0.0,40,1000,1000.0,480,520.0,2025-10,None
O00290,2025-10-29,C1531,North,Office Chair,Furniture,6500,4300,2,0.2,70,13000,10400.0,8670,1730.0,2025-10,High (>10%)
O00367,2025-10-29,C1543,East,Office Chair,Furniture,6500,4300,4,0.3,150,26000,18200.0,17350,850.0,2025-10,High (>10%)
O00954,2025-10-29,C1976,South,Office Chair,Furniture,6500,4300,2,0.0,100,13000,13000.0,8700,4300.0,2025-10,None
O01587,2025-10-29,C1656,East,Pen Set,Stationery,250,110,1,0.0,70,250,250.0,180,70.0,2025-10,None
O03145,2025-10-29,C1519,South,Pen Set,Stationery,250,110,3,0.2,40,750,600.0,370,230.0,2025-10,High (>10%)
O03672,2025-10-29,C0844,West,Laptop,Electronics,50000,41000,2,0.05,100,100000,95000.0,82100,12900.0,2025-10,Low (1-10%)
O04210,2025-10-29,C1748,West,Desk,Furniture,9000,6300,1,0.2,40,9000,7200.0,6340,860.0,2025-10,High (>10%)
O04517,2025-10-29,C1662,South,Keyboard,Electronics,1800,1000,4,0.1,150,7200,6480.0,4150,2330.0,2025-10,Low (1-10%)
O04546,2025-10-29,C2437,West,Pen Set,Stationery,250,110,2,0.1,70,500,450.0,290,160.0,2025-10,Low (1-10%)
O04785,2025-10-29,C0912,West,Pen Set,Stationery,250,110,3,0.05,40,750,712.5,370,342.5,2025-10,Low (1-10%)
O04894,2025-10-29,C1085,South,Laptop,Electronics,50000,41000,2,0.1,150,100000,90000.0,82150,7850.0,2025-10,Low (1-10%)
O05434,2025-10-29,C0488,West,Desk,Furniture,9000,6300,2,0.1,150,18000,16200.0,12750,3450.0,2025-10,Low (1-10%)
O05734,2025-10-29,C0226,East,Office Chair,Furniture,6500,4300,2,0.05,100,13000,12350.0,8700,3650.0,2025-10,Low (1-10%)
O05966,2025-10-29,C1597,East,Laptop,Electronics,50000,41000,4,0.1,40,200000,180000.0,164040,15960.0,2025-10,Low (1-10%)
O00002,2025-10-30,C1139,North,Pen Set,Stationery,250,110,2,0.2,150,500,400.0,370,30.0,2025-10,High (>10%)
O00693,2025-10-30,C2418,East,Backpack,Accessories,1800,850,1,0.1,70,1800,1620.0,920,700.0,2025-10,Low (1-10%)
O01856,2025-10-30,C2281,North,Pen Set,Stationery,250,110,3,0.0,100,750,750.0,430,320.0,2025-10,None
O02110,2025-10-30,C0313,South,Keyboard,Electronics,1800,1000,2,0.0,40,3600,3600.0,2040,1560.0,2025-10,None
O02224,2025-10-30,C1461,South,Office Chair,Furniture,6500,4300,3,0.2,70,19500,15600.0,12970,2630.0,2025-10,High (>10%)
O02484,2025-10-30,C0725,East,Keyboard,Electronics,1800,1000,4,0.05,100,7200,6840.0,4100,2740.0,2025-10,Low (1-10%)
O02874,2025-10-30,C0224,North,Headphones,Electronics,2500,1350,2,0.0,40,5000,5000.0,2740,2260.0,2025-10,None
O02958,2025-10-30,C1062,North,Office Chair,Furniture,6500,4300,3,0.05,40,19500,18525.0,12940,5585.0,2025-10,Low (1-10%)
O03527,2025-10-30,C1695,East,Headphones,Electronics,2500,1350,3,0.05,70,7500,7125.0,4120,3005.0,2025-10,Low (1-10%)
O03773,2025-10-30,C1981,East,Desk,Furniture,9000,6300,3,0.05,40,27000,25650.0,18940,6710.0,2025-10,Low (1-10%)
O04198,2025-10-30,C1131,West,Laptop,Electronics,50000,41000,4,0.0,100,200000,200000.0,164100,35900.0,2025-10,None
O04678,2025-10-30,C1001,South,Desk,Furniture,9000,6300,3,0.05,100,27000,25650.0,19000,6650.0,2025-10,Low (1-10%)
O04738,2025-10-30,C0836,South,Keyboard,Electronics,1800,1000,3,0.0,40,5400,5400.0,3040,2360.0,2025-10,None
O04760,2025-10-30,C1058,South,Notebook,Stationery,150,65,2,0.05,150,300,285.0,280,5.0,2025-10,Low (1-10%)
O04874,2025-10-30,C1052,West,Desk,Furniture,9000,6300,2,0.2,40,18000,14400.0,12640,1760.0,2025-10,High (>10%)
O01432,2025-10-31,C2098,East,Headphones,Electronics,2500,1350,2,0.3,100,5000,3500.0,2800,700.0,2025-10,High (>10%)
O01777,2025-10-31,C1989,West,Keyboard,Electronics,1800,1000,3,0.05,100,5400,5130.0,3100,2030.0,2025-10,Low (1-10%)
O01889,2025-10-31,C2403,South,Laptop,Electronics,50000,41000,3,0.0,70,150000,150000.0,123070,26930.0,2025-10,None
O02700,2025-10-31,C0326,West,Laptop,Electronics,50000,41000,2,0.1,150,100000,90000.0,82150,7850.0,2025-10,Low (1-10%)
O02866,2025-10-31,C1789,South,Laptop,Electronics,50000,41000,4,0.0,70,200000,200000.0,164070,35930.0,2025-10,None
O04096,2025-10-31,C2445,South,Desk,Furniture,9000,6300,4,0.1,150,36000,32400.0,25350,7050.0,2025-10,Low (1-10%)
O04179,2025-10-31,C0586,North,Office Chair,Furniture,6500,4300,3,0.0,100,19500,19500.0,13000,6500.0,2025-10,None
O05340,2025-10-31,C2224,South,Office Chair,Furniture,6500,4300,3,0.2,70,19500,15600.0,12970,2630.0,2025-10,High (>10%)
O05371,2025-10-31,C1839,East,Pen Set,Stationery,250,110,1,0.0,150,250,250.0,260,-10.0,2025-10,None
O05539,2025-10-31,C1559,West,Pen Set,Stationery,250,110,3,0.2,100,750,600.0,430,170.0,2025-10,High (>10%)
O05616,2025-10-31,C1972,North,Notebook,Stationery,150,65,4,0.1,70,600,540.0,330,210.0,2025-10,Low (1-10%)
O05907,2025-10-31,C0442,East,Office Chair,Furniture,6500,4300,1,0.2,70,6500,5200.0,4370,830.0,2025-10,High (>10%)
O00804,2025-11-01,C0520,East,Backpack,Accessories,1800,850,2,0.05,40,3600,3420.0,1740,1680.0,2025-11,Low (1-10%)
O01248,2025-11-01,C1070,South,Office Chair,Furniture,6500,4300,3,0.1,100,19500,17550.0,13000,4550.0,2025-11,Low (1-10%)
O01533,2025-11-01,C0061,South,Backpack,Accessories,1800,850,2,0.1,40,3600,3240.0,1740,1500.0,2025-11,Low (1-10%)
O03157,2025-11-01,C1787,West,Pen Set,Stationery,250,110,1,0.0,70,250,250.0,180,70.0,2025-11,None
O04185,2025-11-01,C0263,South,Laptop,Electronics,50000,41000,1,0.3,100,50000,35000.0,41100,-6100.0,2025-11,High (>10%)
O04292,2025-11-01,C1459,South,Backpack,Accessories,1800,850,4,0.1,70,7200,6480.0,3470,3010.0,2025-11,Low (1-10%)
O04405,2025-11-01,C2120,North,Keyboard,Electronics,1800,1000,1,0.05,100,1800,1710.0,1100,610.0,2025-11,Low (1-10%)
O04529,2025-11-01,C2320,East,Office Chair,Furniture,6500,4300,2,0.0,40,13000,13000.0,8640,4360.0,2025-11,None
O04599,2025-11-01,C0271,South,Backpack,Accessories,1800,850,4,0.1,40,7200,6480.0,3440,3040.0,2025-11,Low (1-10%)
O05405,2025-11-01,C1244,West,Laptop,Electronics,50000,41000,2,0.05,70,100000,95000.0,82070,12930.0,2025-11,Low (1-10%)
O05802,2025-11-01,C0472,East,Office Chair,Furniture,6500,4300,2,0.0,70,13000,13000.0,8670,4330.0,2025-11,None
O05957,2025-11-01,C1804,North,Headphones,Electronics,2500,1350,2,0.05,40,5000,4750.0,2740,2010.0,2025-11,Low (1-10%)
O00441,2025-11-02,C1014,South,Backpack,Accessories,1800,850,3,0.3,100,5400,3780.0,2650,1130.0,2025-11,High (>10%)
O00966,2025-11-02,C2172,North,Desk,Furniture,9000,6300,3,0.3,70,27000,18900.0,18970,-70.0,2025-11,High (>10%)
O01058,2025-11-02,C1283,South,Pen Set,Stationery,250,110,3,0.05,70,750,712.5,400,312.5,2025-11,Low (1-10%)
O01138,2025-11-02,C1542,East,Keyboard,Electronics,1800,1000,2,0.2,40,3600,2880.0,2040,840.0,2025-11,High (>10%)
O01564,2025-11-02,C0961,North,Backpack,Accessories,1800,850,3,0.05,40,5400,5130.0,2590,2540.0,2025-11,Low (1-10%)
O02186,2025-11-02,C2093,South,Keyboard,Electronics,1800,1000,1,0.2,70,1800,1440.0,1070,370.0,2025-11,High (>10%)
O02388,2025-11-02,C1232,East,Backpack,Accessories,1800,850,4,0.0,150,7200,7200.0,3550,3650.0,2025-11,None
O03653,2025-11-02,C2304,North,Office Chair,Furniture,6500,4300,3,0.0,100,19500,19500.0,13000,6500.0,2025-11,None
O04220,2025-11-02,C1506,South,Headphones,Electronics,2500,1350,3,0.05,40,7500,7125.0,4090,3035.0,2025-11,Low (1-10%)
O04343,2025-11-02,C1757,North,Office Chair,Furniture,6500,4300,2,0.0,150,13000,13000.0,8750,4250.0,2025-11,None
O04346,2025-11-02,C1481,West,Desk,Furniture,9000,6300,2,0.2,150,18000,14400.0,12750,1650.0,2025-11,High (>10%)
O04987,2025-11-02,C0010,North,Backpack,Accessories,1800,850,1,0.0,70,1800,1800.0,920,880.0,2025-11,None
O05067,2025-11-02,C2434,West,Desk,Furniture,9000,6300,3,0.05,100,27000,25650.0,19000,6650.0,2025-11,Low (1-10%)
O05236,2025-11-02,C1715,South,Pen Set,Stationery,250,110,1,0.0,150,250,250.0,260,-10.0,2025-11,None
O05535,2025-11-02,C2298,West,Laptop,Electronics,50000,41000,3,0.2,100,150000,120000.0,123100,-3100.0,2025-11,High (>10%)
O05880,2025-11-02,C2335,East,Laptop,Electronics,50000,41000,4,0.3,100,200000,140000.0,164100,-24100.0,2025-11,High (>10%)
O00529,2025-11-03,C1802,West,Backpack,Accessories,1800,850,2,0.1,70,3600,3240.0,1770,1470.0,2025-11,Low (1-10%)
O00571,2025-11-03,C0488,North,Backpack,Accessories,1800,850,3,0.2,70,5400,4320.0,2620,1700.0,2025-11,High (>10%)
O01623,2025-11-03,C1583,West,Backpack,Accessories,1800,850,1,0.2,150,1800,1440.0,1000,440.0,2025-11,High (>10%)
O01640,2025-11-03,C2423,South,Keyboard,Electronics,1800,1000,3,0.1,150,5400,4860.0,3150,1710.0,2025-11,Low (1-10%)
O01789,2025-11-03,C0557,North,Office Chair,Furniture,6500,4300,1,0.1,150,6500,5850.0,4450,1400.0,2025-11,Low (1-10%)
O01987,2025-11-03,C0628,North,Pen Set,Stationery,250,110,2,0.2,150,500,400.0,370,30.0,2025-11,High (>10%)
O02658,2025-11-03,C0692,East,Keyboard,Electronics,1800,1000,1,0.05,40,1800,1710.0,1040,670.0,2025-11,Low (1-10%)
O02670,2025-11-03,C0973,East,Backpack,Accessories,1800,850,3,0.05,150,5400,5130.0,2700,2430.0,2025-11,Low (1-10%)
O03057,2025-11-03,C1790,South,Pen Set,Stationery,250,110,3,0.2,150,750,600.0,480,120.0,2025-11,High (>10%)
O04017,2025-11-03,C1012,East,Keyboard,Electronics,1800,1000,1,0.0,70,1800,1800.0,1070,730.0,2025-11,None
O04044,2025-11-03,C0660,East,Laptop,Electronics,50000,41000,1,0.0,40,50000,50000.0,41040,8960.0,2025-11,None
O05070,2025-11-03,C1849,East,Backpack,Accessories,1800,850,1,0.1,100,1800,1620.0,950,670.0,2025-11,Low (1-10%)
O05361,2025-11-03,C0470,North,Notebook,Stationery,150,65,1,0.0,40,150,150.0,105,45.0,2025-11,None
O05416,2025-11-03,C0098,South,Headphones,Electronics,2500,1350,1,0.0,100,2500,2500.0,1450,1050.0,2025-11,None
O05796,2025-11-03,C0757,East,Headphones,Electronics,2500,1350,1,0.1,40,2500,2250.0,1390,860.0,2025-11,Low (1-10%)
O00117,2025-11-04,C0593,North,Laptop,Electronics,50000,41000,4,0.0,100,200000,200000.0,164100,35900.0,2025-11,None
O00274,2025-11-04,C2393,East,Backpack,Accessories,1800,850,1,0.05,40,1800,1710.0,890,820.0,2025-11,Low (1-10%)
O01045,2025-11-04,C0893,South,Notebook,Stationery,150,65,3,0.0,40,450,450.0,235,215.0,2025-11,None
O01237,2025-11-04,C2352,West,Laptop,Electronics,50000,41000,1,0.1,40,50000,45000.0,41040,3960.0,2025-11,Low (1-10%)
O01743,2025-11-04,C0946,North,Office Chair,Furniture,6500,4300,2,0.0,70,13000,13000.0,8670,4330.0,2025-11,None
O01783,2025-11-04,C1188,North,Laptop,Electronics,50000,41000,4,0.0,40,200000,200000.0,164040,35960.0,2025-11,None
O02513,2025-11-04,C0790,South,Backpack,Accessories,1800,850,3,0.1,100,5400,4860.0,2650,2210.0,2025-11,Low (1-10%)
O02770,2025-11-04,C0298,North,Backpack,Accessories,1800,850,2,0.2,100,3600,2880.0,1800,1080.0,2025-11,High (>10%)
O02902,2025-11-04,C0600,South,Pen Set,Stationery,250,110,4,0.1,40,1000,900.0,480,420.0,2025-11,Low (1-10%)
O03151,2025-11-04,C2314,North,Notebook,Stationery,150,65,2,0.1,40,300,270.0,170,100.0,2025-11,Low (1-10%)
O03411,2025-11-04,C1926,East,Laptop,Electronics,50000,41000,4,0.3,100,200000,140000.0,164100,-24100.0,2025-11,High (>10%)
O03598,2025-11-04,C0949,South,Desk,Furniture,9000,6300,2,0.05,70,18000,17100.0,12670,4430.0,2025-11,Low (1-10%)
O03657,2025-11-04,C1007,North,Desk,Furniture,9000,6300,1,0.0,70,9000,9000.0,6370,2630.0,2025-11,None
O03777,2025-11-04,C0667,South,Desk,Furniture,9000,6300,4,0.0,70,36000,36000.0,25270,10730.0,2025-11,None
O04161,2025-11-04,C1509,North,Office Chair,Furniture,6500,4300,1,0.0,70,6500,6500.0,4370,2130.0,2025-11,None
O04280,2025-11-04,C0809,South,Pen Set,Stationery,250,110,1,0.3,150,250,175.0,260,-85.0,2025-11,High (>10%)
O05064,2025-11-04,C0096,South,Notebook,Stationery,150,65,4,0.2,70,600,480.0,330,150.0,2025-11,High (>10%)
O05545,2025-11-04,C1391,North,Headphones,Electronics,2500,1350,3,0.2,150,7500,6000.0,4200,1800.0,2025-11,High (>10%)
O05713,2025-11-04,C0743,West,Office Chair,Furniture,6500,4300,1,0.1,70,6500,5850.0,4370,1480.0,2025-11,Low (1-10%)
O05778,2025-11-04,C1943,North,Laptop,Electronics,50000,41000,4,0.1,70,200000,180000.0,164070,15930.0,2025-11,Low (1-10%)
O01343,2025-11-05,C0613,North,Laptop,Electronics,50000,41000,4,0.05,70,200000,190000.0,164070,25930.0,2025-11,Low (1-10%)
O01707,2025-11-05,C1162,West,Backpack,Accessories,1800,850,3,0.1,100,5400,4860.0,2650,2210.0,2025-11,Low (1-10%)
O02510,2025-11-05,C1345,South,Laptop,Electronics,50000,41000,1,0.05,70,50000,47500.0,41070,6430.0,2025-11,Low (1-10%)
O03302,2025-11-05,C2050,South,Keyboard,Electronics,1800,1000,2,0.05,150,3600,3420.0,2150,1270.0,2025-11,Low (1-10%)
O03772,2025-11-05,C0900,North,Keyboard,Electronics,1800,1000,2,0.05,40,3600,3420.0,2040,1380.0,2025-11,Low (1-10%)
O05644,2025-11-05,C1001,East,Notebook,Stationery,150,65,1,0.0,100,150,150.0,165,-15.0,2025-11,None
O00411,2025-11-06,C2110,South,Headphones,Electronics,2500,1350,4,0.2,40,10000,8000.0,5440,2560.0,2025-11,High (>10%)
O00652,2025-11-06,C0461,West,Notebook,Stationery,150,65,2,0.2,100,300,240.0,230,10.0,2025-11,High (>10%)
O00656,2025-11-06,C1448,West,Desk,Furniture,9000,6300,1,0.1,150,9000,8100.0,6450,1650.0,2025-11,Low (1-10%)
O01035,2025-11-06,C2264,West,Laptop,Electronics,50000,41000,1,0.3,40,50000,35000.0,41040,-6040.0,2025-11,High (>10%)
O01995,2025-11-06,C1319,West,Pen Set,Stationery,250,110,4,0.2,40,1000,800.0,480,320.0,2025-11,High (>10%)
O02076,2025-11-06,C1847,South,Office Chair,Furniture,6500,4300,2,0.3,150,13000,9100.0,8750,350.0,2025-11,High (>10%)
O02405,2025-11-06,C2198,East,Office Chair,Furniture,6500,4300,3,0.05,150,19500,18525.0,13050,5475.0,2025-11,Low (1-10%)
O02799,2025-11-06,C0496,North,Notebook,Stationery,150,65,2,0.1,40,300,270.0,170,100.0,2025-11,Low (1-10%)
O03150,2025-11-06,C0022,South,Laptop,Electronics,50000,41000,4,0.0,70,200000,200000.0,164070,35930.0,2025-11,None
O03299,2025-11-06,C2429,North,Desk,Furniture,9000,6300,4,0.1,100,36000,32400.0,25300,7100.0,2025-11,Low (1-10%)
O03853,2025-11-06,C0713,North,Laptop,Electronics,50000,41000,3,0.0,70,150000,150000.0,123070,26930.0,2025-11,None
O04689,2025-11-06,C1380,South,Laptop,Electronics,50000,41000,1,0.0,70,50000,50000.0,41070,8930.0,2025-11,None
O04725,2025-11-06,C1247,West,Keyboard,Electronics,1800,1000,2,0.3,100,3600,2520.0,2100,420.0,2025-11,High (>10%)
O05001,2025-11-06,C2299,South,Headphones,Electronics,2500,1350,4,0.2,100,10000,8000.0,5500,2500.0,2025-11,High (>10%)
O05149,2025-11-06,C1104,East,Keyboard,Electronics,1800,1000,4,0.1,100,7200,6480.0,4100,2380.0,2025-11,Low (1-10%)
O05703,2025-11-06,C0481,South,Keyboard,Electronics,1800,1000,1,0.1,150,1800,1620.0,1150,470.0,2025-11,Low (1-10%)
O05783,2025-11-06,C0204,South,Backpack,Accessories,1800,850,2,0.0,70,3600,3600.0,1770,1830.0,2025-11,None
O05788,2025-11-06,C0612,West,Desk,Furniture,9000,6300,1,0.3,100,9000,6300.0,6400,-100.0,2025-11,High (>10%)
O00055,2025-11-07,C1817,West,Office Chair,Furniture,6500,4300,3,0.0,70,19500,19500.0,12970,6530.0,2025-11,None
O00186,2025-11-07,C1541,West,Office Chair,Furniture,6500,4300,1,0.0,100,6500,6500.0,4400,2100.0,2025-11,None
O00793,2025-11-07,C1151,North,Notebook,Stationery,150,65,1,0.1,100,150,135.0,165,-30.0,2025-11,Low (1-10%)
O00801,2025-11-07,C2194,North,Laptop,Electronics,50000,41000,3,0.0,100,150000,150000.0,123100,26900.0,2025-11,None
O00840,2025-11-07,C1728,West,Backpack,Accessories,1800,850,1,0.1,150,1800,1620.0,1000,620.0,2025-11,Low (1-10%)
O01100,2025-11-07,C0700,North,Office Chair,Furniture,6500,4300,3,0.0,150,19500,19500.0,13050,6450.0,2025-11,None
O01446,2025-11-07,C1046,North,Laptop,Electronics,50000,41000,4,0.1,40,200000,180000.0,164040,15960.0,2025-11,Low (1-10%)
O01776,2025-11-07,C0661,South,Headphones,Electronics,2500,1350,1,0.0,150,2500,2500.0,1500,1000.0,2025-11,None
O02006,2025-11-07,C1497,North,Headphones,Electronics,2500,1350,1,0.05,150,2500,2375.0,1500,875.0,2025-11,Low (1-10%)
O02112,2025-11-07,C0958,South,Notebook,Stationery,150,65,4,0.05,150,600,570.0,410,160.0,2025-11,Low (1-10%)
O02984,2025-11-07,C2500,North,Pen Set,Stationery,250,110,1,0.1,100,250,225.0,210,15.0,2025-11,Low (1-10%)
O03048,2025-11-07,C0418,South,Pen Set,Stationery,250,110,1,0.1,100,250,225.0,210,15.0,2025-11,Low (1-10%)
O03166,2025-11-07,C0402,North,Office Chair,Furniture,6500,4300,1,0.05,70,6500,6175.0,4370,1805.0,2025-11,Low (1-10%)
O03181,2025-11-07,C0096,South,Headphones,Electronics,2500,1350,4,0.1,70,10000,9000.0,5470,3530.0,2025-11,Low (1-10%)
O03254,2025-11-07,C2370,North,Keyboard,Electronics,1800,1000,2,0.05,70,3600,3420.0,2070,1350.0,2025-11,Low (1-10%)
O03433,2025-11-07,C0066,North,Headphones,Electronics,2500,1350,4,0.0,70,10000,10000.0,5470,4530.0,2025-11,None
O04063,2025-11-07,C1728,South,Notebook,Stationery,150,65,2,0.05,40,300,285.0,170,115.0,2025-11,Low (1-10%)
O04064,2025-11-07,C0913,West,Desk,Furniture,9000,6300,1,0.0,70,9000,9000.0,6370,2630.0,2025-11,None
O04645,2025-11-07,C2329,North,Laptop,Electronics,50000,41000,4,0.1,70,200000,180000.0,164070,15930.0,2025-11,Low (1-10%)
O05158,2025-11-07,C1555,West,Laptop,Electronics,50000,41000,3,0.05,100,150000,142500.0,123100,19400.0,2025-11,Low (1-10%)
O00315,2025-11-08,C1279,North,Headphones,Electronics,2500,1350,4,0.0,150,10000,10000.0,5550,4450.0,2025-11,None
O00431,2025-11-08,C0691,South,Laptop,Electronics,50000,41000,2,0.1,70,100000,90000.0,82070,7930.0,2025-11,Low (1-10%)
O01000,2025-11-08,C1466,South,Desk,Furniture,9000,6300,1,0.1,40,9000,8100.0,6340,1760.0,2025-11,Low (1-10%)
O01430,2025-11-08,C1567,East,Pen Set,Stationery,250,110,3,0.3,100,750,525.0,430,95.0,2025-11,High (>10%)
O02494,2025-11-08,C2198,North,Desk,Furniture,9000,6300,3,0.3,150,27000,18900.0,19050,-150.0,2025-11,High (>10%)
O02638,2025-11-08,C1147,East,Notebook,Stationery,150,65,2,0.0,150,300,300.0,280,20.0,2025-11,None
O03273,2025-11-08,C1746,North,Notebook,Stationery,150,65,1,0.2,40,150,120.0,105,15.0,2025-11,High (>10%)
O03388,2025-11-08,C0562,South,Notebook,Stationery,150,65,1,0.1,150,150,135.0,215,-80.0,2025-11,Low (1-10%)
O04547,2025-11-08,C1791,West,Desk,Furniture,9000,6300,4,0.0,70,36000,36000.0,25270,10730.0,2025-11,None
O05051,2025-11-08,C0132,South,Office Chair,Furniture,6500,4300,3,0.05,70,19500,18525.0,12970,5555.0,2025-11,Low (1-10%)
O05369,2025-11-08,C1123,West,Notebook,Stationery,150,65,3,0.3,100,450,315.0,295,20.0,2025-11,High (>10%)
O05398,2025-11-08,C0414,North,Office Chair,Furniture,6500,4300,3,0.1,70,19500,17550.0,12970,4580.0,2025-11,Low (1-10%)
O05865,2025-11-08,C0038,North,Backpack,Accessories,1800,850,1,0.3,40,1800,1260.0,890,370.0,2025-11,High (>10%)
O00746,2025-11-09,C2434,West,Keyboard,Electronics,1800,1000,4,0.3,70,7200,5040.0,4070,970.0,2025-11,High (>10%)
O00986,2025-11-09,C2123,West,Notebook,Stationery,150,65,4,0.05,70,600,570.0,330,240.0,2025-11,Low (1-10%)
O01453,2025-11-09,C0801,West,Laptop,Electronics,50000,41000,4,0.1,150,200000,180000.0,164150,15850.0,2025-11,Low (1-10%)
O01486,2025-11-09,C0152,East,Pen Set,Stationery,250,110,4,0.2,150,1000,800.0,590,210.0,2025-11,High (>10%)
O01899,2025-11-09,C2093,North,Notebook,Stationery,150,65,2,0.0,100,300,300.0,230,70.0,2025-11,None
O02276,2025-11-09,C0582,South,Office Chair,Furniture,6500,4300,1,0.0,100,6500,6500.0,4400,2100.0,2025-11,None
O02556,2025-11-09,C1642,South,Laptop,Electronics,50000,41000,4,0.1,150,200000,180000.0,164150,15850.0,2025-11,Low (1-10%)
O02998,2025-11-09,C1655,South,Keyboard,Electronics,1800,1000,4,0.2,100,7200,5760.0,4100,1660.0,2025-11,High (>10%)
O03067,2025-11-09,C1737,North,Pen Set,Stationery,250,110,2,0.0,40,500,500.0,260,240.0,2025-11,None
O03214,2025-11-09,C1947,West,Backpack,Accessories,1800,850,4,0.0,100,7200,7200.0,3500,3700.0,2025-11,None
O03347,2025-11-09,C1522,North,Desk,Furniture,9000,6300,2,0.1,100,18000,16200.0,12700,3500.0,2025-11,Low (1-10%)
O03378,2025-11-09,C0936,West,Desk,Furniture,9000,6300,3,0.0,70,27000,27000.0,18970,8030.0,2025-11,None
O03984,2025-11-09,C2361,East,Notebook,Stationery,150,65,2,0.2,100,300,240.0,230,10.0,2025-11,High (>10%)
O04033,2025-11-09,C1282,North,Keyboard,Electronics,1800,1000,4,0.2,150,7200,5760.0,4150,1610.0,2025-11,High (>10%)
O04169,2025-11-09,C1935,South,Desk,Furniture,9000,6300,2,0.3,40,18000,12600.0,12640,-40.0,2025-11,High (>10%)
O04277,2025-11-09,C1093,South,Laptop,Electronics,50000,41000,4,0.05,70,200000,190000.0,164070,25930.0,2025-11,Low (1-10%)
O04577,2025-11-09,C0170,South,Laptop,Electronics,50000,41000,1,0.05,40,50000,47500.0,41040,6460.0,2025-11,Low (1-10%)
O05269,2025-11-09,C1155,East,Notebook,Stationery,150,65,1,0.05,100,150,142.5,165,-22.5,2025-11,Low (1-10%)
O05388,2025-11-09,C0089,South,Backpack,Accessories,1800,850,3,0.05,150,5400,5130.0,2700,2430.0,2025-11,Low (1-10%)
O00056,2025-11-10,C0292,West,Laptop,Electronics,50000,41000,2,0.0,100,100000,100000.0,82100,17900.0,2025-11,None
O00298,2025-11-10,C2297,West,Office Chair,Furniture,6500,4300,2,0.05,40,13000,12350.0,8640,3710.0,2025-11,Low (1-10%)
O01300,2025-11-10,C0779,West,Laptop,Electronics,50000,41000,1,0.2,150,50000,40000.0,41150,-1150.0,2025-11,High (>10%)
O01501,2025-11-10,C0467,South,Desk,Furniture,9000,6300,2,0.3,40,18000,12600.0,12640,-40.0,2025-11,High (>10%)
O02326,2025-11-10,C1427,South,Pen Set,Stationery,250,110,3,0.2,150,750,600.0,480,120.0,2025-11,High (>10%)
O02713,2025-11-10,C2066,North,Backpack,Accessories,1800,850,2,0.05,150,3600,3420.0,1850,1570.0,2025-11,Low (1-10%)
O03015,2025-11-10,C1688,South,Office Chair,Furniture,6500,4300,4,0.2,40,26000,20800.0,17240,3560.0,2025-11,High (>10%)
O03025,2025-11-10,C0772,East,Keyboard,Electronics,1800,1000,4,0.1,150,7200,6480.0,4150,2330.0,2025-11,Low (1-10%)
O03729,2025-11-10,C0228,South,Keyboard,Electronics,1800,1000,2,0.1,70,3600,3240.0,2070,1170.0,2025-11,Low (1-10%)
O03770,2025-11-10,C0150,North,Keyboard,Electronics,1800,1000,3,0.1,150,5400,4860.0,3150,1710.0,2025-11,Low (1-10%)
O03882,2025-11-10,C0420,East,Headphones,Electronics,2500,1350,4,0.05,100,10000,9500.0,5500,4000.0,2025-11,Low (1-10%)
O03914,2025-11-10,C0900,West,Desk,Furniture,9000,6300,1,0.2,100,9000,7200.0,6400,800.0,2025-11,High (>10%)
O04213,2025-11-10,C1905,South,Office Chair,Furniture,6500,4300,3,0.0,40,19500,19500.0,12940,6560.0,2025-11,None
O04548,2025-11-10,C1816,North,Pen Set,Stationery,250,110,3,0.0,150,750,750.0,480,270.0,2025-11,None
O05921,2025-11-10,C1032,South,Headphones,Electronics,2500,1350,1,0.0,70,2500,2500.0,1420,1080.0,2025-11,None
O00597,2025-11-11,C1911,North,Desk,Furniture,9000,6300,3,0.0,70,27000,27000.0,18970,8030.0,2025-11,None
O00721,2025-11-11,C1416,East,Headphones,Electronics,2500,1350,4,0.3,150,10000,7000.0,5550,1450.0,2025-11,High (>10%)
O00842,2025-11-11,C0854,North,Notebook,Stationery,150,65,3,0.05,150,450,427.5,345,82.5,2025-11,Low (1-10%)
O01134,2025-11-11,C1439,West,Pen Set,Stationery,250,110,3,0.1,100,750,675.0,430,245.0,2025-11,Low (1-10%)
O01495,2025-11-11,C0219,West,Office Chair,Furniture,6500,4300,1,0.3,100,6500,4550.0,4400,150.0,2025-11,High (>10%)
O01683,2025-11-11,C1275,West,Laptop,Electronics,50000,41000,4,0.1,100,200000,180000.0,164100,15900.0,2025-11,Low (1-10%)
O02548,2025-11-11,C0599,South,Desk,Furniture,9000,6300,3,0.05,70,27000,25650.0,18970,6680.0,2025-11,Low (1-10%)
O03113,2025-11-11,C0060,East,Laptop,Electronics,50000,41000,3,0.05,40,150000,142500.0,123040,19460.0,2025-11,Low (1-10%)
O03523,2025-11-11,C1839,West,Pen Set,Stationery,250,110,2,0.05,150,500,475.0,370,105.0,2025-11,Low (1-10%)
O04200,2025-11-11,C2329,South,Headphones,Electronics,2500,1350,4,0.2,40,10000,8000.0,5440,2560.0,2025-11,High (>10%)
O04491,2025-11-11,C0899,North,Headphones,Electronics,2500,1350,4,0.1,70,10000,9000.0,5470,3530.0,2025-11,Low (1-10%)
O04586,2025-11-11,C1148,West,Desk,Furniture,9000,6300,4,0.1,40,36000,32400.0,25240,7160.0,2025-11,Low (1-10%)
O04990,2025-11-11,C1513,North,Backpack,Accessories,1800,850,3,0.05,150,5400,5130.0,2700,2430.0,2025-11,Low (1-10%)
O05148,2025-11-11,C1001,West,Pen Set,Stationery,250,110,4,0.2,70,1000,800.0,510,290.0,2025-11,High (>10%)
O05563,2025-11-11,C1003,West,Pen Set,Stationery,250,110,2,0.05,100,500,475.0,320,155.0,2025-11,Low (1-10%)
O05998,2025-11-11,C2433,North,Backpack,Accessories,1800,850,4,0.2,40,7200,5760.0,3440,2320.0,2025-11,High (>10%)
O00111,2025-11-12,C0912,West,Keyboard,Electronics,1800,1000,3,0.1,70,5400,4860.0,3070,1790.0,2025-11,Low (1-10%)
O00376,2025-11-12,C0657,North,Laptop,Electronics,50000,41000,4,0.1,100,200000,180000.0,164100,15900.0,2025-11,Low (1-10%)
O00727,2025-11-12,C1081,North,Notebook,Stationery,150,65,1,0.1,70,150,135.0,135,0.0,2025-11,Low (1-10%)
O00791,2025-11-12,C0167,North,Laptop,Electronics,50000,41000,2,0.05,70,100000,95000.0,82070,12930.0,2025-11,Low (1-10%)
O01102,2025-11-12,C2159,East,Office Chair,Furniture,6500,4300,3,0.05,40,19500,18525.0,12940,5585.0,2025-11,Low (1-10%)
O01826,2025-11-12,C1667,East,Backpack,Accessories,1800,850,2,0.1,70,3600,3240.0,1770,1470.0,2025-11,Low (1-10%)
O01843,2025-11-12,C0412,North,Pen Set,Stationery,250,110,2,0.3,70,500,350.0,290,60.0,2025-11,High (>10%)
O02236,2025-11-12,C1726,South,Pen Set,Stationery,250,110,4,0.1,100,1000,900.0,540,360.0,2025-11,Low (1-10%)
O02931,2025-11-12,C0882,West,Headphones,Electronics,2500,1350,4,0.2,40,10000,8000.0,5440,2560.0,2025-11,High (>10%)
O02970,2025-11-12,C0734,South,Notebook,Stationery,150,65,4,0.0,40,600,600.0,300,300.0,2025-11,None
O03035,2025-11-12,C1167,South,Laptop,Electronics,50000,41000,1,0.1,40,50000,45000.0,41040,3960.0,2025-11,Low (1-10%)
O03076,2025-11-12,C2057,West,Notebook,Stationery,150,65,4,0.0,70,600,600.0,330,270.0,2025-11,None
O03222,2025-11-12,C1921,South,Keyboard,Electronics,1800,1000,2,0.0,150,3600,3600.0,2150,1450.0,2025-11,None
O03625,2025-11-12,C1720,West,Pen Set,Stationery,250,110,4,0.3,100,1000,700.0,540,160.0,2025-11,High (>10%)
O03709,2025-11-12,C0102,South,Office Chair,Furniture,6500,4300,3,0.0,100,19500,19500.0,13000,6500.0,2025-11,None
O03863,2025-11-12,C0184,North,Headphones,Electronics,2500,1350,4,0.05,70,10000,9500.0,5470,4030.0,2025-11,Low (1-10%)
O04646,2025-11-12,C0159,West,Office Chair,Furniture,6500,4300,4,0.3,70,26000,18200.0,17270,930.0,2025-11,High (>10%)
O05365,2025-11-12,C1546,North,Keyboard,Electronics,1800,1000,4,0.1,40,7200,6480.0,4040,2440.0,2025-11,Low (1-10%)
O05485,2025-11-12,C1670,South,Desk,Furniture,9000,6300,3,0.05,100,27000,25650.0,19000,6650.0,2025-11,Low (1-10%)
O05704,2025-11-12,C0375,North,Office Chair,Furniture,6500,4300,3,0.0,40,19500,19500.0,12940,6560.0,2025-11,None
O00354,2025-11-13,C1767,East,Office Chair,Furniture,6500,4300,2,0.05,40,13000,12350.0,8640,3710.0,2025-11,Low (1-10%)
O00635,2025-11-13,C0876,East,Headphones,Electronics,2500,1350,2,0.2,100,5000,4000.0,2800,1200.0,2025-11,High (>10%)
O00745,2025-11-13,C0781,West,Pen Set,Stationery,250,110,4,0.05,40,1000,950.0,480,470.0,2025-11,Low (1-10%)
O00764,2025-11-13,C2180,North,Backpack,Accessories,1800,850,2,0.05,40,3600,3420.0,1740,1680.0,2025-11,Low (1-10%)
O01044,2025-11-13,C1122,East,Keyboard,Electronics,1800,1000,3,0.05,70,5400,5130.0,3070,2060.0,2025-11,Low (1-10%)
O01422,2025-11-13,C0387,North,Backpack,Accessories,1800,850,4,0.2,150,7200,5760.0,3550,2210.0,2025-11,High (>10%)
O01844,2025-11-13,C1978,West,Pen Set,Stationery,250,110,3,0.1,40,750,675.0,370,305.0,2025-11,Low (1-10%)
O01897,2025-11-13,C2441,North,Desk,Furniture,9000,6300,2,0.1,70,18000,16200.0,12670,3530.0,2025-11,Low (1-10%)
O02233,2025-11-13,C1466,North,Backpack,Accessories,1800,850,1,0.1,150,1800,1620.0,1000,620.0,2025-11,Low (1-10%)
O02476,2025-11-13,C1565,North,Office Chair,Furniture,6500,4300,2,0.1,40,13000,11700.0,8640,3060.0,2025-11,Low (1-10%)
O02983,2025-11-13,C1114,South,Pen Set,Stationery,250,110,4,0.2,70,1000,800.0,510,290.0,2025-11,High (>10%)
O03572,2025-11-13,C2413,West,Pen Set,Stationery,250,110,3,0.05,100,750,712.5,430,282.5,2025-11,Low (1-10%)
O04327,2025-11-13,C0768,West,Pen Set,Stationery,250,110,1,0.2,100,250,200.0,210,-10.0,2025-11,High (>10%)
O04372,2025-11-13,C2322,South,Headphones,Electronics,2500,1350,3,0.0,40,7500,7500.0,4090,3410.0,2025-11,None
O05362,2025-11-13,C0340,North,Pen Set,Stationery,250,110,4,0.3,150,1000,700.0,590,110.0,2025-11,High (>10%)
O05568,2025-11-13,C0631,North,Keyboard,Electronics,1800,1000,4,0.05,100,7200,6840.0,4100,2740.0,2025-11,Low (1-10%)
O00150,2025-11-14,C2028,North,Laptop,Electronics,50000,41000,3,0.2,40,150000,120000.0,123040,-3040.0,2025-11,High (>10%)
O00607,2025-11-14,C1510,South,Keyboard,Electronics,1800,1000,3,0.2,100,5400,4320.0,3100,1220.0,2025-11,High (>10%)
O01194,2025-11-14,C0612,South,Notebook,Stationery,150,65,1,0.2,100,150,120.0,165,-45.0,2025-11,High (>10%)
O02965,2025-11-14,C0058,North,Notebook,Stationery,150,65,2,0.1,40,300,270.0,170,100.0,2025-11,Low (1-10%)
O03193,2025-11-14,C1662,North,Notebook,Stationery,150,65,3,0.05,150,450,427.5,345,82.5,2025-11,Low (1-10%)
O03255,2025-11-14,C1343,North,Headphones,Electronics,2500,1350,3,0.1,40,7500,6750.0,4090,2660.0,2025-11,Low (1-10%)
O03312,2025-11-14,C1905,South,Office Chair,Furniture,6500,4300,4,0.2,150,26000,20800.0,17350,3450.0,2025-11,High (>10%)
O03498,2025-11-14,C0720,South,Office Chair,Furniture,6500,4300,3,0.05,40,19500,18525.0,12940,5585.0,2025-11,Low (1-10%)
O04423,2025-11-14,C0340,West,Pen Set,Stationery,250,110,3,0.0,40,750,750.0,370,380.0,2025-11,None
O04536,2025-11-14,C0487,South,Desk,Furniture,9000,6300,2,0.05,100,18000,17100.0,12700,4400.0,2025-11,Low (1-10%)
O04686,2025-11-14,C1680,North,Notebook,Stationery,150,65,1,0.2,70,150,120.0,135,-15.0,2025-11,High (>10%)
O05113,2025-11-14,C0876,South,Backpack,Accessories,1800,850,3,0.1,40,5400,4860.0,2590,2270.0,2025-11,Low (1-10%)
O05135,2025-11-14,C2294,East,Notebook,Stationery,150,65,1,0.1,40,150,135.0,105,30.0,2025-11,Low (1-10%)
O05344,2025-11-14,C0874,South,Office Chair,Furniture,6500,4300,2,0.1,100,13000,11700.0,8700,3000.0,2025-11,Low (1-10%)
O05838,2025-11-14,C2169,South,Laptop,Electronics,50000,41000,3,0.2,100,150000,120000.0,123100,-3100.0,2025-11,High (>10%)
O00855,2025-11-15,C0580,North,Keyboard,Electronics,1800,1000,2,0.2,100,3600,2880.0,2100,780.0,2025-11,High (>10%)
O01311,2025-11-15,C2296,North,Desk,Furniture,9000,6300,2,0.0,70,18000,18000.0,12670,5330.0,2025-11,None
O01797,2025-11-15,C2162,North,Backpack,Accessories,1800,850,1,0.1,70,1800,1620.0,920,700.0,2025-11,Low (1-10%)
O02452,2025-11-15,C0263,West,Backpack,Accessories,1800,850,2,0.05,150,3600,3420.0,1850,1570.0,2025-11,Low (1-10%)
O03183,2025-11-15,C1559,West,Notebook,Stationery,150,65,3,0.2,70,450,360.0,265,95.0,2025-11,High (>10%)
O03829,2025-11-15,C2302,East,Notebook,Stationery,150,65,4,0.1,100,600,540.0,360,180.0,2025-11,Low (1-10%)
O03948,2025-11-15,C0036,South,Keyboard,Electronics,1800,1000,1,0.1,100,1800,1620.0,1100,520.0,2025-11,Low (1-10%)
O04445,2025-11-15,C0847,South,Notebook,Stationery,150,65,2,0.05,40,300,285.0,170,115.0,2025-11,Low (1-10%)
O05017,2025-11-15,C0615,South,Laptop,Electronics,50000,41000,1,0.0,70,50000,50000.0,41070,8930.0,2025-11,None
O05231,2025-11-15,C2390,West,Headphones,Electronics,2500,1350,2,0.0,150,5000,5000.0,2850,2150.0,2025-11,None
O05559,2025-11-15,C0038,North,Desk,Furniture,9000,6300,2,0.0,70,18000,18000.0,12670,5330.0,2025-11,None
O00031,2025-11-16,C1796,South,Office Chair,Furniture,6500,4300,4,0.0,40,26000,26000.0,17240,8760.0,2025-11,None
O00182,2025-11-16,C0166,North,Headphones,Electronics,2500,1350,2,0.05,40,5000,4750.0,2740,2010.0,2025-11,Low (1-10%)
O00817,2025-11-16,C1140,North,Laptop,Electronics,50000,41000,1,0.1,70,50000,45000.0,41070,3930.0,2025-11,Low (1-10%)
O01496,2025-11-16,C1315,West,Office Chair,Furniture,6500,4300,3,0.05,100,19500,18525.0,13000,5525.0,2025-11,Low (1-10%)
O01898,2025-11-16,C1789,East,Pen Set,Stationery,250,110,1,0.1,150,250,225.0,260,-35.0,2025-11,Low (1-10%)
O02667,2025-11-16,C0716,East,Headphones,Electronics,2500,1350,4,0.3,70,10000,7000.0,5470,1530.0,2025-11,High (>10%)
O02818,2025-11-16,C1473,North,Pen Set,Stationery,250,110,4,0.3,150,1000,700.0,590,110.0,2025-11,High (>10%)
O03127,2025-11-16,C0133,North,Pen Set,Stationery,250,110,4,0.2,70,1000,800.0,510,290.0,2025-11,High (>10%)
O03144,2025-11-16,C2375,North,Desk,Furniture,9000,6300,3,0.05,70,27000,25650.0,18970,6680.0,2025-11,Low (1-10%)
O03338,2025-11-16,C1582,South,Laptop,Electronics,50000,41000,2,0.05,150,100000,95000.0,82150,12850.0,2025-11,Low (1-10%)
O03360,2025-11-16,C2433,West,Desk,Furniture,9000,6300,2,0.0,70,18000,18000.0,12670,5330.0,2025-11,None
O04270,2025-11-16,C0647,West,Desk,Furniture,9000,6300,2,0.05,70,18000,17100.0,12670,4430.0,2025-11,Low (1-10%)
O04512,2025-11-16,C0502,South,Desk,Furniture,9000,6300,2,0.3,40,18000,12600.0,12640,-40.0,2025-11,High (>10%)
O04527,2025-11-16,C1049,East,Laptop,Electronics,50000,41000,1,0.1,70,50000,45000.0,41070,3930.0,2025-11,Low (1-10%)
O04544,2025-11-16,C0393,North,Desk,Furniture,9000,6300,2,0.0,70,18000,18000.0,12670,5330.0,2025-11,None
O04681,2025-11-16,C1197,North,Keyboard,Electronics,1800,1000,2,0.1,100,3600,3240.0,2100,1140.0,2025-11,Low (1-10%)
O05010,2025-11-16,C1703,East,Keyboard,Electronics,1800,1000,2,0.3,100,3600,2520.0,2100,420.0,2025-11,High (>10%)
O05544,2025-11-16,C2422,West,Pen Set,Stationery,250,110,2,0.2,70,500,400.0,290,110.0,2025-11,High (>10%)
O05674,2025-11-16,C1621,South,Notebook,Stationery,150,65,1,0.3,70,150,105.0,135,-30.0,2025-11,High (>10%)
O05695,2025-11-16,C0556,East,Desk,Furniture,9000,6300,3,0.1,40,27000,24300.0,18940,5360.0,2025-11,Low (1-10%)
O00498,2025-11-17,C1541,North,Keyboard,Electronics,1800,1000,3,0.1,100,5400,4860.0,3100,1760.0,2025-11,Low (1-10%)
O00781,2025-11-17,C1048,North,Backpack,Accessories,1800,850,3,0.1,40,5400,4860.0,2590,2270.0,2025-11,Low (1-10%)
O00810,2025-11-17,C0487,East,Backpack,Accessories,1800,850,3,0.1,70,5400,4860.0,2620,2240.0,2025-11,Low (1-10%)
O00856,2025-11-17,C0988,North,Pen Set,Stationery,250,110,3,0.05,70,750,712.5,400,312.5,2025-11,Low (1-10%)
O00890,2025-11-17,C0565,West,Keyboard,Electronics,1800,1000,4,0.2,100,7200,5760.0,4100,1660.0,2025-11,High (>10%)
O01352,2025-11-17,C0343,South,Office Chair,Furniture,6500,4300,1,0.0,40,6500,6500.0,4340,2160.0,2025-11,None
O01359,2025-11-17,C0252,East,Laptop,Electronics,50000,41000,4,0.2,150,200000,160000.0,164150,-4150.0,2025-11,High (>10%)
O01625,2025-11-17,C0197,South,Desk,Furniture,9000,6300,3,0.0,40,27000,27000.0,18940,8060.0,2025-11,None
O01767,2025-11-17,C0234,North,Desk,Furniture,9000,6300,2,0.05,70,18000,17100.0,12670,4430.0,2025-11,Low (1-10%)
O02551,2025-11-17,C0580,North,Notebook,Stationery,150,65,2,0.0,40,300,300.0,170,130.0,2025-11,None
O02696,2025-11-17,C1192,West,Keyboard,Electronics,1800,1000,4,0.1,150,7200,6480.0,4150,2330.0,2025-11,Low (1-10%)
O02886,2025-11-17,C1785,South,Headphones,Electronics,2500,1350,1,0.05,100,2500,2375.0,1450,925.0,2025-11,Low (1-10%)
O03026,2025-11-17,C0149,East,Notebook,Stationery,150,65,2,0.05,100,300,285.0,230,55.0,2025-11,Low (1-10%)
O03407,2025-11-17,C2312,South,Keyboard,Electronics,1800,1000,4,0.1,70,7200,6480.0,4070,2410.0,2025-11,Low (1-10%)
O03682,2025-11-17,C2191,South,Laptop,Electronics,50000,41000,2,0.2,100,100000,80000.0,82100,-2100.0,2025-11,High (>10%)
O03808,2025-11-17,C1657,West,Headphones,Electronics,2500,1350,4,0.05,70,10000,9500.0,5470,4030.0,2025-11,Low (1-10%)
O03814,2025-11-17,C1548,North,Office Chair,Furniture,6500,4300,2,0.1,40,13000,11700.0,8640,3060.0,2025-11,Low (1-10%)
O03875,2025-11-17,C1934,South,Desk,Furniture,9000,6300,2,0.0,70,18000,18000.0,12670,5330.0,2025-11,None
O03907,2025-11-17,C0086,East,Notebook,Stationery,150,65,3,0.0,100,450,450.0,295,155.0,2025-11,None
O04046,2025-11-17,C2369,East,Laptop,Electronics,50000,41000,1,0.0,40,50000,50000.0,41040,8960.0,2025-11,None
O04207,2025-11-17,C0091,South,Backpack,Accessories,1800,850,4,0.05,100,7200,6840.0,3500,3340.0,2025-11,Low (1-10%)
O05112,2025-11-17,C0364,South,Notebook,Stationery,150,65,1,0.05,100,150,142.5,165,-22.5,2025-11,Low (1-10%)
O05140,2025-11-17,C1986,West,Backpack,Accessories,1800,850,3,0.0,40,5400,5400.0,2590,2810.0,2025-11,None
O05251,2025-11-17,C2051,East,Headphones,Electronics,2500,1350,1,0.05,100,2500,2375.0,1450,925.0,2025-11,Low (1-10%)
O05574,2025-11-17,C1541,North,Notebook,Stationery,150,65,2,0.1,40,300,270.0,170,100.0,2025-11,Low (1-10%)
O05613,2025-11-17,C1964,South,Notebook,Stationery,150,65,1,0.2,40,150,120.0,105,15.0,2025-11,High (>10%)
O05858,2025-11-17,C0950,North,Keyboard,Electronics,1800,1000,3,0.05,150,5400,5130.0,3150,1980.0,2025-11,Low (1-10%)
O00491,2025-11-18,C1262,South,Backpack,Accessories,1800,850,1,0.0,40,1800,1800.0,890,910.0,2025-11,None
O00887,2025-11-18,C2003,East,Laptop,Electronics,50000,41000,2,0.1,40,100000,90000.0,82040,7960.0,2025-11,Low (1-10%)
O01318,2025-11-18,C1971,South,Desk,Furniture,9000,6300,3,0.0,70,27000,27000.0,18970,8030.0,2025-11,None
O01419,2025-11-18,C1075,North,Pen Set,Stationery,250,110,1,0.05,40,250,237.5,150,87.5,2025-11,Low (1-10%)
O01816,2025-11-18,C2022,North,Laptop,Electronics,50000,41000,1,0.0,100,50000,50000.0,41100,8900.0,2025-11,None
O01892,2025-11-18,C1935,North,Headphones,Electronics,2500,1350,1,0.2,40,2500,2000.0,1390,610.0,2025-11,High (>10%)
O01981,2025-11-18,C2331,South,Notebook,Stationery,150,65,4,0.0,100,600,600.0,360,240.0,2025-11,None
O02171,2025-11-18,C1828,North,Laptop,Electronics,50000,41000,4,0.1,100,200000,180000.0,164100,15900.0,2025-11,Low (1-10%)
O02365,2025-11-18,C0963,East,Pen Set,Stationery,250,110,2,0.0,40,500,500.0,260,240.0,2025-11,None
O02623,2025-11-18,C1397,South,Laptop,Electronics,50000,41000,2,0.1,70,100000,90000.0,82070,7930.0,2025-11,Low (1-10%)
O02743,2025-11-18,C0110,West,Desk,Furniture,9000,6300,2,0.0,150,18000,18000.0,12750,5250.0,2025-11,None
O03314,2025-11-18,C1984,South,Headphones,Electronics,2500,1350,2,0.0,40,5000,5000.0,2740,2260.0,2025-11,None
O03848,2025-11-18,C1440,West,Keyboard,Electronics,1800,1000,3,0.0,150,5400,5400.0,3150,2250.0,2025-11,None
O04339,2025-11-18,C0401,East,Notebook,Stationery,150,65,3,0.0,70,450,450.0,265,185.0,2025-11,None
O04390,2025-11-18,C2260,West,Desk,Furniture,9000,6300,1,0.2,150,9000,7200.0,6450,750.0,2025-11,High (>10%)
O04974,2025-11-18,C2355,South,Pen Set,Stationery,250,110,3,0.0,100,750,750.0,430,320.0,2025-11,None
O05452,2025-11-18,C2314,West,Notebook,Stationery,150,65,3,0.0,70,450,450.0,265,185.0,2025-11,None
O05812,2025-11-18,C0598,North,Notebook,Stationery,150,65,1,0.2,100,150,120.0,165,-45.0,2025-11,High (>10%)
O00128,2025-11-19,C1004,East,Pen Set,Stationery,250,110,1,0.0,40,250,250.0,150,100.0,2025-11,None
O00676,2025-11-19,C0843,North,Notebook,Stationery,150,65,1,0.0,100,150,150.0,165,-15.0,2025-11,None
O00697,2025-11-19,C1256,South,Notebook,Stationery,150,65,2,0.0,70,300,300.0,200,100.0,2025-11,None
O01196,2025-11-19,C0669,West,Notebook,Stationery,150,65,2,0.05,100,300,285.0,230,55.0,2025-11,Low (1-10%)
O01341,2025-11-19,C0028,East,Desk,Furniture,9000,6300,1,0.1,150,9000,8100.0,6450,1650.0,2025-11,Low (1-10%)
O01402,2025-11-19,C0586,North,Headphones,Electronics,2500,1350,4,0.3,70,10000,7000.0,5470,1530.0,2025-11,High (>10%)
O02139,2025-11-19,C0038,South,Desk,Furniture,9000,6300,2,0.1,150,18000,16200.0,12750,3450.0,2025-11,Low (1-10%)
O02341,2025-11-19,C0446,East,Office Chair,Furniture,6500,4300,4,0.05,100,26000,24700.0,17300,7400.0,2025-11,Low (1-10%)
O02396,2025-11-19,C2210,East,Notebook,Stationery,150,65,2,0.3,150,300,210.0,280,-70.0,2025-11,High (>10%)
O02963,2025-11-19,C0658,East,Backpack,Accessories,1800,850,1,0.1,70,1800,1620.0,920,700.0,2025-11,Low (1-10%)
O03180,2025-11-19,C1099,South,Headphones,Electronics,2500,1350,3,0.2,40,7500,6000.0,4090,1910.0,2025-11,High (>10%)
O03469,2025-11-19,C0177,North,Desk,Furniture,9000,6300,2,0.2,70,18000,14400.0,12670,1730.0,2025-11,High (>10%)
O03807,2025-11-19,C0981,West,Laptop,Electronics,50000,41000,3,0.0,70,150000,150000.0,123070,26930.0,2025-11,None
O04078,2025-11-19,C0209,West,Desk,Furniture,9000,6300,1,0.1,70,9000,8100.0,6370,1730.0,2025-11,Low (1-10%)
O04730,2025-11-19,C1385,West,Notebook,Stationery,150,65,4,0.2,100,600,480.0,360,120.0,2025-11,High (>10%)
O04970,2025-11-19,C1935,West,Pen Set,Stationery,250,110,4,0.05,40,1000,950.0,480,470.0,2025-11,Low (1-10%)
O05059,2025-11-19,C1824,North,Keyboard,Electronics,1800,1000,1,0.0,70,1800,1800.0,1070,730.0,2025-11,None
O05302,2025-11-19,C0806,East,Backpack,Accessories,1800,850,1,0.3,70,1800,1260.0,920,340.0,2025-11,High (>10%)
O05663,2025-11-19,C1654,West,Pen Set,Stationery,250,110,1,0.1,40,250,225.0,150,75.0,2025-11,Low (1-10%)
O05677,2025-11-19,C2346,South,Desk,Furniture,9000,6300,2,0.1,70,18000,16200.0,12670,3530.0,2025-11,Low (1-10%)
O05835,2025-11-19,C2359,West,Keyboard,Electronics,1800,1000,1,0.1,40,1800,1620.0,1040,580.0,2025-11,Low (1-10%)
O00102,2025-11-20,C1080,South,Headphones,Electronics,2500,1350,4,0.1,70,10000,9000.0,5470,3530.0,2025-11,Low (1-10%)
O00657,2025-11-20,C0654,South,Pen Set,Stationery,250,110,2,0.2,100,500,400.0,320,80.0,2025-11,High (>10%)
O01086,2025-11-20,C2308,West,Pen Set,Stationery,250,110,1,0.05,70,250,237.5,180,57.5,2025-11,Low (1-10%)
O01254,2025-11-20,C1605,South,Pen Set,Stationery,250,110,2,0.05,100,500,475.0,320,155.0,2025-11,Low (1-10%)
O01725,2025-11-20,C0927,West,Desk,Furniture,9000,6300,1,0.0,40,9000,9000.0,6340,2660.0,2025-11,None
O02246,2025-11-20,C2389,South,Pen Set,Stationery,250,110,1,0.0,150,250,250.0,260,-10.0,2025-11,None
O03673,2025-11-20,C0638,North,Desk,Furniture,9000,6300,4,0.0,100,36000,36000.0,25300,10700.0,2025-11,None
O03724,2025-11-20,C0098,West,Backpack,Accessories,1800,850,4,0.3,100,7200,5040.0,3500,1540.0,2025-11,High (>10%)
O04528,2025-11-20,C2350,North,Laptop,Electronics,50000,41000,3,0.1,70,150000,135000.0,123070,11930.0,2025-11,Low (1-10%)
O04985,2025-11-20,C2245,West,Headphones,Electronics,2500,1350,2,0.3,100,5000,3500.0,2800,700.0,2025-11,High (>10%)
O05464,2025-11-20,C1328,North,Keyboard,Electronics,1800,1000,1,0.1,100,1800,1620.0,1100,520.0,2025-11,Low (1-10%)
O05675,2025-11-20,C0702,West,Office Chair,Furniture,6500,4300,3,0.1,70,19500,17550.0,12970,4580.0,2025-11,Low (1-10%)
O00024,2025-11-21,C1759,Unknown,Backpack,Accessories,1800,850,2,0.1,70,3600,3240.0,1770,1470.0,2025-11,Low (1-10%)
O00701,2025-11-21,C2280,North,Desk,Furniture,9000,6300,1,0.1,150,9000,8100.0,6450,1650.0,2025-11,Low (1-10%)
O01082,2025-11-21,C2231,North,Backpack,Accessories,1800,850,2,0.0,70,3600,3600.0,1770,1830.0,2025-11,None
O01127,2025-11-21,C1323,North,Pen Set,Stationery,250,110,2,0.0,150,500,500.0,370,130.0,2025-11,None
O01147,2025-11-21,C0670,North,Desk,Furniture,9000,6300,3,0.1,70,27000,24300.0,18970,5330.0,2025-11,Low (1-10%)
O01228,2025-11-21,C0280,North,Backpack,Accessories,1800,850,1,0.05,70,1800,1710.0,920,790.0,2025-11,Low (1-10%)
O01315,2025-11-21,C1963,East,Backpack,Accessories,1800,850,1,0.05,70,1800,1710.0,920,790.0,2025-11,Low (1-10%)
O01326,2025-11-21,C0340,North,Headphones,Electronics,2500,1350,4,0.0,70,10000,10000.0,5470,4530.0,2025-11,None
O01429,2025-11-21,C0096,South,Keyboard,Electronics,1800,1000,4,0.05,70,7200,6840.0,4070,2770.0,2025-11,Low (1-10%)
O01691,2025-11-21,C1969,West,Pen Set,Stationery,250,110,1,0.1,70,250,225.0,180,45.0,2025-11,Low (1-10%)
O02455,2025-11-21,C0593,East,Pen Set,Stationery,250,110,2,0.0,100,500,500.0,320,180.0,2025-11,None
O02524,2025-11-21,C2067,North,Office Chair,Furniture,6500,4300,4,0.0,40,26000,26000.0,17240,8760.0,2025-11,None
O03399,2025-11-21,C0599,North,Laptop,Electronics,50000,41000,1,0.2,100,50000,40000.0,41100,-1100.0,2025-11,High (>10%)
O03759,2025-11-21,C1332,South,Laptop,Electronics,50000,41000,1,0.05,70,50000,47500.0,41070,6430.0,2025-11,Low (1-10%)
O03798,2025-11-21,C2397,North,Laptop,Electronics,50000,41000,4,0.1,40,200000,180000.0,164040,15960.0,2025-11,Low (1-10%)
O05101,2025-11-21,C0840,North,Desk,Furniture,9000,6300,2,0.0,150,18000,18000.0,12750,5250.0,2025-11,None
O05423,2025-11-21,C1173,South,Laptop,Electronics,50000,41000,4,0.1,40,200000,180000.0,164040,15960.0,2025-11,Low (1-10%)
O05448,2025-11-21,C1877,East,Office Chair,Furniture,6500,4300,2,0.05,40,13000,12350.0,8640,3710.0,2025-11,Low (1-10%)
O05692,2025-11-21,C1493,North,Desk,Furniture,9000,6300,2,0.1,70,18000,16200.0,12670,3530.0,2025-11,Low (1-10%)
O00742,2025-11-22,C2203,South,Pen Set,Stationery,250,110,4,0.0,40,1000,1000.0,480,520.0,2025-11,None
O01031,2025-11-22,C0034,South,Office Chair,Furniture,6500,4300,2,0.1,70,13000,11700.0,8670,3030.0,2025-11,Low (1-10%)
O02225,2025-11-22,C1759,North,Office Chair,Furniture,6500,4300,4,0.2,150,26000,20800.0,17350,3450.0,2025-11,High (>10%)
O02651,2025-11-22,C1358,South,Backpack,Accessories,1800,850,1,0.0,100,1800,1800.0,950,850.0,2025-11,None
O02710,2025-11-22,C1223,East,Pen Set,Stationery,250,110,3,0.1,70,750,675.0,400,275.0,2025-11,Low (1-10%)
O02727,2025-11-22,C0900,South,Headphones,Electronics,2500,1350,2,0.05,150,5000,4750.0,2850,1900.0,2025-11,Low (1-10%)
O03805,2025-11-22,C1992,East,Laptop,Electronics,50000,41000,1,0.0,100,50000,50000.0,41100,8900.0,2025-11,None
O04103,2025-11-22,C0962,South,Headphones,Electronics,2500,1350,4,0.3,150,10000,7000.0,5550,1450.0,2025-11,High (>10%)
O04351,2025-11-22,C2419,East,Desk,Furniture,9000,6300,3,0.0,40,27000,27000.0,18940,8060.0,2025-11,None
O04535,2025-11-22,C2448,South,Laptop,Electronics,50000,41000,1,0.2,150,50000,40000.0,41150,-1150.0,2025-11,High (>10%)
O05336,2025-11-22,C1723,North,Laptop,Electronics,50000,41000,2,0.05,150,100000,95000.0,82150,12850.0,2025-11,Low (1-10%)
O05380,2025-11-22,C2064,South,Desk,Furniture,9000,6300,2,0.1,100,18000,16200.0,12700,3500.0,2025-11,Low (1-10%)
O05601,2025-11-22,C0403,East,Keyboard,Electronics,1800,1000,2,0.3,40,3600,2520.0,2040,480.0,2025-11,High (>10%)
O05889,2025-11-22,C2185,West,Notebook,Stationery,150,65,1,0.1,100,150,135.0,165,-30.0,2025-11,Low (1-10%)
O00705,2025-11-23,C0256,South,Headphones,Electronics,2500,1350,4,0.0,40,10000,10000.0,5440,4560.0,2025-11,None
O02041,2025-11-23,C1277,West,Keyboard,Electronics,1800,1000,3,0.2,100,5400,4320.0,3100,1220.0,2025-11,High (>10%)
O02081,2025-11-23,C0284,East,Pen Set,Stationery,250,110,1,0.1,70,250,225.0,180,45.0,2025-11,Low (1-10%)
O02399,2025-11-23,C1959,North,Keyboard,Electronics,1800,1000,3,0.0,100,5400,5400.0,3100,2300.0,2025-11,None
O02681,2025-11-23,C0321,South,Laptop,Electronics,50000,41000,1,0.1,40,50000,45000.0,41040,3960.0,2025-11,Low (1-10%)
O02939,2025-11-23,C0688,South,Backpack,Accessories,1800,850,4,0.1,40,7200,6480.0,3440,3040.0,2025-11,Low (1-10%)
O03215,2025-11-23,C0350,South,Desk,Furniture,9000,6300,3,0.1,150,27000,24300.0,19050,5250.0,2025-11,Low (1-10%)
O04074,2025-11-23,C1074,North,Backpack,Accessories,1800,850,4,0.1,70,7200,6480.0,3470,3010.0,2025-11,Low (1-10%)
O04298,2025-11-23,C2066,North,Pen Set,Stationery,250,110,1,0.2,100,250,200.0,210,-10.0,2025-11,High (>10%)
O04378,2025-11-23,C1560,East,Keyboard,Electronics,1800,1000,1,0.2,70,1800,1440.0,1070,370.0,2025-11,High (>10%)
O04907,2025-11-23,C0671,South,Keyboard,Electronics,1800,1000,3,0.1,40,5400,4860.0,3040,1820.0,2025-11,Low (1-10%)
O05468,2025-11-23,C1202,North,Keyboard,Electronics,1800,1000,1,0.2,100,1800,1440.0,1100,340.0,2025-11,High (>10%)
O00081,2025-11-24,C1010,South,Backpack,Accessories,1800,850,4,0.2,70,7200,5760.0,3470,2290.0,2025-11,High (>10%)
O00482,2025-11-24,C1601,South,Pen Set,Stationery,250,110,3,0.05,150,750,712.5,480,232.5,2025-11,Low (1-10%)
O01431,2025-11-24,C0958,North,Office Chair,Furniture,6500,4300,3,0.05,40,19500,18525.0,12940,5585.0,2025-11,Low (1-10%)
O02557,2025-11-24,C1337,North,Pen Set,Stationery,250,110,3,0.0,100,750,750.0,430,320.0,2025-11,None
O02570,2025-11-24,C2332,South,Backpack,Accessories,1800,850,3,0.3,70,5400,3780.0,2620,1160.0,2025-11,High (>10%)
O02758,2025-11-24,C1065,South,Notebook,Stationery,150,65,1,0.1,70,150,135.0,135,0.0,2025-11,Low (1-10%)
O04294,2025-11-24,C0640,North,Laptop,Electronics,50000,41000,4,0.05,40,200000,190000.0,164040,25960.0,2025-11,Low (1-10%)
O04821,2025-11-24,C2380,West,Desk,Furniture,9000,6300,4,0.05,150,36000,34200.0,25350,8850.0,2025-11,Low (1-10%)
O05206,2025-11-24,C0748,North,Office Chair,Furniture,6500,4300,1,0.1,150,6500,5850.0,4450,1400.0,2025-11,Low (1-10%)
O05488,2025-11-24,C1812,West,Pen Set,Stationery,250,110,4,0.1,100,1000,900.0,540,360.0,2025-11,Low (1-10%)
O05589,2025-11-24,C1445,East,Pen Set,Stationery,250,110,4,0.0,70,1000,1000.0,510,490.0,2025-11,None
O00264,2025-11-25,C1603,West,Backpack,Accessories,1800,850,1,0.05,40,1800,1710.0,890,820.0,2025-11,Low (1-10%)
O00865,2025-11-25,C0792,North,Pen Set,Stationery,250,110,4,0.2,100,1000,800.0,540,260.0,2025-11,High (>10%)
O01001,2025-11-25,C1685,East,Pen Set,Stationery,250,110,4,0.0,70,1000,1000.0,510,490.0,2025-11,None
O01171,2025-11-25,C1858,South,Notebook,Stationery,150,65,1,0.2,70,150,120.0,135,-15.0,2025-11,High (>10%)
O02360,2025-11-25,C0813,North,Headphones,Electronics,2500,1350,4,0.2,70,10000,8000.0,5470,2530.0,2025-11,High (>10%)
O02907,2025-11-25,C0259,East,Desk,Furniture,9000,6300,4,0.2,70,36000,28800.0,25270,3530.0,2025-11,High (>10%)
O02955,2025-11-25,C1100,West,Keyboard,Electronics,1800,1000,4,0.0,150,7200,7200.0,4150,3050.0,2025-11,None
O03248,2025-11-25,C0346,East,Laptop,Electronics,50000,41000,3,0.05,40,150000,142500.0,123040,19460.0,2025-11,Low (1-10%)
O03428,2025-11-25,C0590,West,Backpack,Accessories,1800,850,3,0.2,100,5400,4320.0,2650,1670.0,2025-11,High (>10%)
O04195,2025-11-25,C2084,South,Desk,Furniture,9000,6300,2,0.0,70,18000,18000.0,12670,5330.0,2025-11,None
O04421,2025-11-25,C1773,South,Notebook,Stationery,150,65,2,0.1,150,300,270.0,280,-10.0,2025-11,Low (1-10%)
O04728,2025-11-25,C0933,East,Backpack,Accessories,1800,850,1,0.3,70,1800,1260.0,920,340.0,2025-11,High (>10%)
O05396,2025-11-25,C0897,North,Laptop,Electronics,50000,41000,4,0.1,100,200000,180000.0,164100,15900.0,2025-11,Low (1-10%)
O00191,2025-11-26,C1815,South,Notebook,Stationery,150,65,1,0.3,150,150,105.0,215,-110.0,2025-11,High (>10%)
O00679,2025-11-26,C1460,South,Desk,Furniture,9000,6300,3,0.2,150,27000,21600.0,19050,2550.0,2025-11,High (>10%)
O00916,2025-11-26,C1810,South,Office Chair,Furniture,6500,4300,2,0.0,100,13000,13000.0,8700,4300.0,2025-11,None
O00967,2025-11-26,C1985,South,Desk,Furniture,9000,6300,4,0.2,40,36000,28800.0,25240,3560.0,2025-11,High (>10%)
O01469,2025-11-26,C1156,South,Pen Set,Stationery,250,110,4,0.1,100,1000,900.0,540,360.0,2025-11,Low (1-10%)
O02048,2025-11-26,C1207,South,Desk,Furniture,9000,6300,3,0.0,70,27000,27000.0,18970,8030.0,2025-11,None
O02389,2025-11-26,C0974,North,Backpack,Accessories,1800,850,3,0.05,70,5400,5130.0,2620,2510.0,2025-11,Low (1-10%)
O02573,2025-11-26,C0871,South,Notebook,Stationery,150,65,4,0.05,40,600,570.0,300,270.0,2025-11,Low (1-10%)
O02579,2025-11-26,C2164,East,Backpack,Accessories,1800,850,2,0.0,100,3600,3600.0,1800,1800.0,2025-11,None
O02864,2025-11-26,C1620,West,Desk,Furniture,9000,6300,1,0.0,40,9000,9000.0,6340,2660.0,2025-11,None
O03639,2025-11-26,C1703,South,Laptop,Electronics,50000,41000,2,0.2,40,100000,80000.0,82040,-2040.0,2025-11,High (>10%)
O04487,2025-11-26,C0715,South,Desk,Furniture,9000,6300,1,0.0,70,9000,9000.0,6370,2630.0,2025-11,None
O04765,2025-11-26,C0668,East,Office Chair,Furniture,6500,4300,4,0.05,100,26000,24700.0,17300,7400.0,2025-11,Low (1-10%)
O05352,2025-11-26,C1823,East,Desk,Furniture,9000,6300,2,0.0,70,18000,18000.0,12670,5330.0,2025-11,None
O05414,2025-11-26,C0322,East,Backpack,Accessories,1800,850,3,0.05,70,5400,5130.0,2620,2510.0,2025-11,Low (1-10%)
O00152,2025-11-27,C1309,South,Keyboard,Electronics,1800,1000,3,0.0,100,5400,5400.0,3100,2300.0,2025-11,None
O01126,2025-11-27,C0296,South,Pen Set,Stationery,250,110,3,0.2,100,750,600.0,430,170.0,2025-11,High (>10%)
O02060,2025-11-27,C2250,North,Office Chair,Furniture,6500,4300,2,0.3,40,13000,9100.0,8640,460.0,2025-11,High (>10%)
O02200,2025-11-27,C0026,North,Headphones,Electronics,2500,1350,4,0.1,150,10000,9000.0,5550,3450.0,2025-11,Low (1-10%)
O02643,2025-11-27,C1819,South,Headphones,Electronics,2500,1350,1,0.1,100,2500,2250.0,1450,800.0,2025-11,Low (1-10%)
O02811,2025-11-27,C2023,West,Desk,Furniture,9000,6300,1,0.1,70,9000,8100.0,6370,1730.0,2025-11,Low (1-10%)
O02891,2025-11-27,C1844,South,Headphones,Electronics,2500,1350,2,0.1,100,5000,4500.0,2800,1700.0,2025-11,Low (1-10%)
O02942,2025-11-27,C0444,South,Backpack,Accessories,1800,850,2,0.1,150,3600,3240.0,1850,1390.0,2025-11,Low (1-10%)
O04125,2025-11-27,C0463,West,Pen Set,Stationery,250,110,1,0.05,70,250,237.5,180,57.5,2025-11,Low (1-10%)
O04710,2025-11-27,C1314,North,Office Chair,Furniture,6500,4300,3,0.0,70,19500,19500.0,12970,6530.0,2025-11,None
O05458,2025-11-27,C0315,North,Office Chair,Furniture,6500,4300,4,0.1,150,26000,23400.0,17350,6050.0,2025-11,Low (1-10%)
O05961,2025-11-27,C1948,North,Headphones,Electronics,2500,1350,3,0.0,40,7500,7500.0,4090,3410.0,2025-11,None
O00808,2025-11-28,C1312,North,Laptop,Electronics,50000,41000,3,0.0,100,150000,150000.0,123100,26900.0,2025-11,None
O00956,2025-11-28,C1060,South,Desk,Furniture,9000,6300,4,0.2,100,36000,28800.0,25300,3500.0,2025-11,High (>10%)
O01324,2025-11-28,C2209,South,Backpack,Accessories,1800,850,3,0.05,100,5400,5130.0,2650,2480.0,2025-11,Low (1-10%)
O01464,2025-11-28,C1357,East,Laptop,Electronics,50000,41000,3,0.0,150,150000,150000.0,123150,26850.0,2025-11,None
O01953,2025-11-28,C1763,South,Laptop,Electronics,50000,41000,2,0.05,70,100000,95000.0,82070,12930.0,2025-11,Low (1-10%)
O02210,2025-11-28,C0677,North,Headphones,Electronics,2500,1350,3,0.1,70,7500,6750.0,4120,2630.0,2025-11,Low (1-10%)
O02260,2025-11-28,C0762,North,Backpack,Accessories,1800,850,2,0.3,100,3600,2520.0,1800,720.0,2025-11,High (>10%)
O02314,2025-11-28,C2140,North,Laptop,Electronics,50000,41000,2,0.05,40,100000,95000.0,82040,12960.0,2025-11,Low (1-10%)
O03470,2025-11-28,C2059,North,Pen Set,Stationery,250,110,2,0.0,40,500,500.0,260,240.0,2025-11,None
O03660,2025-11-28,C0465,North,Office Chair,Furniture,6500,4300,3,0.2,100,19500,15600.0,13000,2600.0,2025-11,High (>10%)
O05473,2025-11-28,C1886,North,Pen Set,Stationery,250,110,1,0.3,150,250,175.0,260,-85.0,2025-11,High (>10%)
O05596,2025-11-28,C1501,East,Keyboard,Electronics,1800,1000,2,0.0,40,3600,3600.0,2040,1560.0,2025-11,None
O05673,2025-11-28,C1418,South,Backpack,Accessories,1800,850,3,0.1,70,5400,4860.0,2620,2240.0,2025-11,Low (1-10%)
O05901,2025-11-28,C0576,West,Backpack,Accessories,1800,850,3,0.0,70,5400,5400.0,2620,2780.0,2025-11,None
O05988,2025-11-28,C0914,South,Desk,Furniture,9000,6300,2,0.0,150,18000,18000.0,12750,5250.0,2025-11,None
O00075,2025-11-29,C0433,East,Notebook,Stationery,150,65,3,0.05,40,450,427.5,235,192.5,2025-11,Low (1-10%)
O01305,2025-11-29,C1575,West,Desk,Furniture,9000,6300,3,0.3,70,27000,18900.0,18970,-70.0,2025-11,High (>10%)
O01860,2025-11-29,C2437,South,Notebook,Stationery,150,65,1,0.0,40,150,150.0,105,45.0,2025-11,None
O02138,2025-11-29,C1068,West,Laptop,Electronics,50000,41000,2,0.0,150,100000,100000.0,82150,17850.0,2025-11,None
O02574,2025-11-29,C1994,West,Office Chair,Furniture,6500,4300,2,0.2,100,13000,10400.0,8700,1700.0,2025-11,High (>10%)
O02888,2025-11-29,C0386,North,Laptop,Electronics,50000,41000,4,0.05,70,200000,190000.0,164070,25930.0,2025-11,Low (1-10%)
O03731,2025-11-29,C1874,West,Notebook,Stationery,150,65,4,0.1,70,600,540.0,330,210.0,2025-11,Low (1-10%)
O03827,2025-11-29,C1083,West,Keyboard,Electronics,1800,1000,1,0.0,150,1800,1800.0,1150,650.0,2025-11,None
O03962,2025-11-29,C0996,East,Pen Set,Stationery,250,110,4,0.3,150,1000,700.0,590,110.0,2025-11,High (>10%)
O04428,2025-11-29,C1518,South,Office Chair,Furniture,6500,4300,4,0.2,70,26000,20800.0,17270,3530.0,2025-11,High (>10%)
O05208,2025-11-29,C2470,West,Pen Set,Stationery,250,110,1,0.2,40,250,200.0,150,50.0,2025-11,High (>10%)
O05314,2025-11-29,C0467,South,Office Chair,Furniture,6500,4300,3,0.1,150,19500,17550.0,13050,4500.0,2025-11,Low (1-10%)
O05524,2025-11-29,C0255,West,Backpack,Accessories,1800,850,3,0.1,150,5400,4860.0,2700,2160.0,2025-11,Low (1-10%)
O00133,2025-11-30,C0771,South,Laptop,Electronics,50000,41000,4,0.0,40,200000,200000.0,164040,35960.0,2025-11,None
O01257,2025-11-30,C0927,West,Headphones,Electronics,2500,1350,4,0.05,40,10000,9500.0,5440,4060.0,2025-11,Low (1-10%)
O01323,2025-11-30,C1791,North,Desk,Furniture,9000,6300,1,0.1,70,9000,8100.0,6370,1730.0,2025-11,Low (1-10%)
O01764,2025-11-30,C1631,West,Desk,Furniture,9000,6300,2,0.2,150,18000,14400.0,12750,1650.0,2025-11,High (>10%)
O02375,2025-11-30,C1603,North,Notebook,Stationery,150,65,3,0.1,150,450,405.0,345,60.0,2025-11,Low (1-10%)
O03176,2025-11-30,C2495,South,Desk,Furniture,9000,6300,4,0.3,150,36000,25200.0,25350,-150.0,2025-11,High (>10%)
O03960,2025-11-30,C1111,West,Headphones,Electronics,2500,1350,4,0.1,150,10000,9000.0,5550,3450.0,2025-11,Low (1-10%)
O04159,2025-11-30,C1588,West,Headphones,Electronics,2500,1350,1,0.0,100,2500,2500.0,1450,1050.0,2025-11,None
O04702,2025-11-30,C2260,South,Laptop,Electronics,50000,41000,2,0.05,40,100000,95000.0,82040,12960.0,2025-11,Low (1-10%)
O04949,2025-11-30,C0387,West,Keyboard,Electronics,1800,1000,4,0.1,40,7200,6480.0,4040,2440.0,2025-11,Low (1-10%)
O04972,2025-11-30,C2096,North,Office Chair,Furniture,6500,4300,1,0.05,40,6500,6175.0,4340,1835.0,2025-11,Low (1-10%)
O05189,2025-11-30,C0553,East,Pen Set,Stationery,250,110,4,0.1,150,1000,900.0,590,310.0,2025-11,Low (1-10%)
O05478,2025-11-30,C1963,West,Notebook,Stationery,150,65,2,0.0,150,300,300.0,280,20.0,2025-11,None
O00184,2025-12-01,C0292,West,Notebook,Stationery,150,65,3,0.2,150,450,360.0,345,15.0,2025-12,High (>10%)
O00318,2025-12-01,C0010,South,Notebook,Stationery,150,65,3,0.3,100,450,315.0,295,20.0,2025-12,High (>10%)
O00406,2025-12-01,C1397,East,Desk,Furniture,9000,6300,3,0.1,70,27000,24300.0,18970,5330.0,2025-12,Low (1-10%)
O00756,2025-12-01,C2190,South,Office Chair,Furniture,6500,4300,1,0.1,100,6500,5850.0,4400,1450.0,2025-12,Low (1-10%)
O01033,2025-12-01,C1593,East,Notebook,Stationery,150,65,2,0.1,100,300,270.0,230,40.0,2025-12,Low (1-10%)
O01170,2025-12-01,C1198,North,Backpack,Accessories,1800,850,4,0.1,100,7200,6480.0,3500,2980.0,2025-12,Low (1-10%)
O01229,2025-12-01,C0455,North,Headphones,Electronics,2500,1350,4,0.1,150,10000,9000.0,5550,3450.0,2025-12,Low (1-10%)
O02218,2025-12-01,C0844,South,Backpack,Accessories,1800,850,4,0.1,70,7200,6480.0,3470,3010.0,2025-12,Low (1-10%)
O02411,2025-12-01,C2495,North,Desk,Furniture,9000,6300,2,0.0,100,18000,18000.0,12700,5300.0,2025-12,None
O02772,2025-12-01,C1975,South,Laptop,Electronics,50000,41000,2,0.0,70,100000,100000.0,82070,17930.0,2025-12,None
O03155,2025-12-01,C1639,East,Laptop,Electronics,50000,41000,4,0.1,100,200000,180000.0,164100,15900.0,2025-12,Low (1-10%)
O03197,2025-12-01,C1286,North,Headphones,Electronics,2500,1350,2,0.0,100,5000,5000.0,2800,2200.0,2025-12,None
O03324,2025-12-01,C2479,South,Notebook,Stationery,150,65,4,0.0,150,600,600.0,410,190.0,2025-12,None
O03464,2025-12-01,C1096,North,Laptop,Electronics,50000,41000,3,0.3,150,150000,105000.0,123150,-18150.0,2025-12,High (>10%)
O03519,2025-12-01,C1136,North,Notebook,Stationery,150,65,4,0.0,150,600,600.0,410,190.0,2025-12,None
O03566,2025-12-01,C1263,North,Keyboard,Electronics,1800,1000,1,0.1,40,1800,1620.0,1040,580.0,2025-12,Low (1-10%)
O03993,2025-12-01,C0857,South,Headphones,Electronics,2500,1350,1,0.1,40,2500,2250.0,1390,860.0,2025-12,Low (1-10%)
O04258,2025-12-01,C1522,East,Laptop,Electronics,50000,41000,2,0.0,40,100000,100000.0,82040,17960.0,2025-12,None
O04464,2025-12-01,C0523,North,Notebook,Stationery,150,65,4,0.2,40,600,480.0,300,180.0,2025-12,High (>10%)
O04538,2025-12-01,C1829,West,Notebook,Stationery,150,65,4,0.0,150,600,600.0,410,190.0,2025-12,None
O04553,2025-12-01,C2120,North,Laptop,Electronics,50000,41000,3,0.1,70,150000,135000.0,123070,11930.0,2025-12,Low (1-10%)
O04983,2025-12-01,C1350,West,Headphones,Electronics,2500,1350,4,0.2,70,10000,8000.0,5470,2530.0,2025-12,High (>10%)
O04993,2025-12-01,C0032,South,Backpack,Accessories,1800,850,2,0.2,40,3600,2880.0,1740,1140.0,2025-12,High (>10%)
O05052,2025-12-01,C2085,West,Headphones,Electronics,2500,1350,2,0.3,70,5000,3500.0,2770,730.0,2025-12,High (>10%)
O05194,2025-12-01,C1651,West,Laptop,Electronics,50000,41000,1,0.05,100,50000,47500.0,41100,6400.0,2025-12,Low (1-10%)
O00098,2025-12-02,C0666,South,Notebook,Stationery,150,65,3,0.1,70,450,405.0,265,140.0,2025-12,Low (1-10%)
O00180,2025-12-02,C1824,North,Desk,Furniture,9000,6300,3,0.2,40,27000,21600.0,18940,2660.0,2025-12,High (>10%)
O00243,2025-12-02,C1251,North,Laptop,Electronics,50000,41000,1,0.05,40,50000,47500.0,41040,6460.0,2025-12,Low (1-10%)
O00486,2025-12-02,C0094,North,Headphones,Electronics,2500,1350,1,0.05,70,2500,2375.0,1420,955.0,2025-12,Low (1-10%)
O01030,2025-12-02,C0374,East,Keyboard,Electronics,1800,1000,1,0.2,150,1800,1440.0,1150,290.0,2025-12,High (>10%)
O02370,2025-12-02,C0169,West,Headphones,Electronics,2500,1350,1,0.05,150,2500,2375.0,1500,875.0,2025-12,Low (1-10%)
O02660,2025-12-02,C1066,West,Headphones,Electronics,2500,1350,1,0.1,100,2500,2250.0,1450,800.0,2025-12,Low (1-10%)
O02814,2025-12-02,C2399,West,Backpack,Accessories,1800,850,2,0.05,150,3600,3420.0,1850,1570.0,2025-12,Low (1-10%)
O03294,2025-12-02,C0160,East,Keyboard,Electronics,1800,1000,3,0.0,100,5400,5400.0,3100,2300.0,2025-12,None
O03499,2025-12-02,C1424,North,Laptop,Electronics,50000,41000,2,0.1,40,100000,90000.0,82040,7960.0,2025-12,Low (1-10%)
O03501,2025-12-02,C1113,East,Laptop,Electronics,50000,41000,3,0.0,100,150000,150000.0,123100,26900.0,2025-12,None
O03739,2025-12-02,C1714,South,Notebook,Stationery,150,65,3,0.0,100,450,450.0,295,155.0,2025-12,None
O03838,2025-12-02,C2325,North,Desk,Furniture,9000,6300,1,0.2,150,9000,7200.0,6450,750.0,2025-12,High (>10%)
O03949,2025-12-02,C0620,North,Backpack,Accessories,1800,850,1,0.05,150,1800,1710.0,1000,710.0,2025-12,Low (1-10%)
O03978,2025-12-02,C1666,South,Backpack,Accessories,1800,850,3,0.0,70,5400,5400.0,2620,2780.0,2025-12,None
O04042,2025-12-02,C0489,South,Notebook,Stationery,150,65,3,0.05,100,450,427.5,295,132.5,2025-12,Low (1-10%)
O04636,2025-12-02,C2176,North,Pen Set,Stationery,250,110,1,0.0,40,250,250.0,150,100.0,2025-12,None
O00404,2025-12-03,C1246,South,Backpack,Accessories,1800,850,2,0.0,100,3600,3600.0,1800,1800.0,2025-12,None
O00613,2025-12-03,C0193,East,Pen Set,Stationery,250,110,3,0.05,70,750,712.5,400,312.5,2025-12,Low (1-10%)
O00766,2025-12-03,C1647,South,Pen Set,Stationery,250,110,4,0.1,100,1000,900.0,540,360.0,2025-12,Low (1-10%)
O01835,2025-12-03,C0116,South,Office Chair,Furniture,6500,4300,2,0.2,150,13000,10400.0,8750,1650.0,2025-12,High (>10%)
O01848,2025-12-03,C1272,North,Desk,Furniture,9000,6300,3,0.1,40,27000,24300.0,18940,5360.0,2025-12,Low (1-10%)
O02172,2025-12-03,C1892,East,Notebook,Stationery,150,65,3,0.3,150,450,315.0,345,-30.0,2025-12,High (>10%)
O02943,2025-12-03,C2471,North,Pen Set,Stationery,250,110,4,0.3,100,1000,700.0,540,160.0,2025-12,High (>10%)
O03081,2025-12-03,C1154,West,Office Chair,Furniture,6500,4300,4,0.05,150,26000,24700.0,17350,7350.0,2025-12,Low (1-10%)
O03139,2025-12-03,C1011,West,Office Chair,Furniture,6500,4300,3,0.0,70,19500,19500.0,12970,6530.0,2025-12,None
O03204,2025-12-03,C2462,West,Headphones,Electronics,2500,1350,1,0.1,40,2500,2250.0,1390,860.0,2025-12,Low (1-10%)
O03247,2025-12-03,C1695,South,Pen Set,Stationery,250,110,2,0.3,70,500,350.0,290,60.0,2025-12,High (>10%)
O03526,2025-12-03,C0637,North,Headphones,Electronics,2500,1350,2,0.1,70,5000,4500.0,2770,1730.0,2025-12,Low (1-10%)
O03565,2025-12-03,C1041,South,Pen Set,Stationery,250,110,3,0.1,100,750,675.0,430,245.0,2025-12,Low (1-10%)
O04130,2025-12-03,C2349,North,Office Chair,Furniture,6500,4300,4,0.2,70,26000,20800.0,17270,3530.0,2025-12,High (>10%)
O04653,2025-12-03,C2136,North,Keyboard,Electronics,1800,1000,1,0.1,150,1800,1620.0,1150,470.0,2025-12,Low (1-10%)
O04656,2025-12-03,C1421,North,Headphones,Electronics,2500,1350,3,0.2,70,7500,6000.0,4120,1880.0,2025-12,High (>10%)
O04849,2025-12-03,C0369,West,Headphones,Electronics,2500,1350,2,0.2,40,5000,4000.0,2740,1260.0,2025-12,High (>10%)
O04953,2025-12-03,C1281,West,Pen Set,Stationery,250,110,4,0.2,150,1000,800.0,590,210.0,2025-12,High (>10%)
O00084,2025-12-04,C0014,North,Pen Set,Stationery,250,110,4,0.1,70,1000,900.0,510,390.0,2025-12,Low (1-10%)
O00858,2025-12-04,C1167,East,Laptop,Electronics,50000,41000,1,0.3,150,50000,35000.0,41150,-6150.0,2025-12,High (>10%)
O01116,2025-12-04,C0362,South,Office Chair,Furniture,6500,4300,1,0.0,40,6500,6500.0,4340,2160.0,2025-12,None
O01349,2025-12-04,C1605,South,Notebook,Stationery,150,65,1,0.2,150,150,120.0,215,-95.0,2025-12,High (>10%)
O01355,2025-12-04,C2491,South,Headphones,Electronics,2500,1350,2,0.3,40,5000,3500.0,2740,760.0,2025-12,High (>10%)
O01790,2025-12-04,C0387,North,Pen Set,Stationery,250,110,4,0.05,70,1000,950.0,510,440.0,2025-12,Low (1-10%)
O02088,2025-12-04,C0581,South,Notebook,Stationery,150,65,2,0.0,70,300,300.0,200,100.0,2025-12,None
O03510,2025-12-04,C1062,East,Keyboard,Electronics,1800,1000,3,0.2,100,5400,4320.0,3100,1220.0,2025-12,High (>10%)
O03763,2025-12-04,C1138,South,Desk,Furniture,9000,6300,4,0.0,100,36000,36000.0,25300,10700.0,2025-12,None
O04853,2025-12-04,C1316,North,Laptop,Electronics,50000,41000,1,0.05,70,50000,47500.0,41070,6430.0,2025-12,Low (1-10%)
O05129,2025-12-04,C1381,West,Notebook,Stationery,150,65,1,0.0,70,150,150.0,135,15.0,2025-12,None
O05227,2025-12-04,C2152,North,Keyboard,Electronics,1800,1000,2,0.0,100,3600,3600.0,2100,1500.0,2025-12,None
O00410,2025-12-05,C0368,East,Laptop,Electronics,50000,41000,1,0.1,40,50000,45000.0,41040,3960.0,2025-12,Low (1-10%)
O00792,2025-12-05,C1898,North,Office Chair,Furniture,6500,4300,4,0.3,100,26000,18200.0,17300,900.0,2025-12,High (>10%)
O01518,2025-12-05,C1035,East,Laptop,Electronics,50000,41000,3,0.0,70,150000,150000.0,123070,26930.0,2025-12,None
O01572,2025-12-05,C1263,South,Keyboard,Electronics,1800,1000,1,0.2,150,1800,1440.0,1150,290.0,2025-12,High (>10%)
O01577,2025-12-05,C1785,East,Desk,Furniture,9000,6300,3,0.1,40,27000,24300.0,18940,5360.0,2025-12,Low (1-10%)
O01883,2025-12-05,C2348,East,Headphones,Electronics,2500,1350,4,0.0,40,10000,10000.0,5440,4560.0,2025-12,None
O02519,2025-12-05,C0881,North,Headphones,Electronics,2500,1350,2,0.3,40,5000,3500.0,2740,760.0,2025-12,High (>10%)
O03047,2025-12-05,C2339,East,Notebook,Stationery,150,65,4,0.05,70,600,570.0,330,240.0,2025-12,Low (1-10%)
O04232,2025-12-05,C2345,South,Backpack,Accessories,1800,850,4,0.05,70,7200,6840.0,3470,3370.0,2025-12,Low (1-10%)
O04712,2025-12-05,C1991,East,Pen Set,Stationery,250,110,4,0.3,70,1000,700.0,510,190.0,2025-12,High (>10%)
O04858,2025-12-05,C2411,South,Notebook,Stationery,150,65,3,0.2,70,450,360.0,265,95.0,2025-12,High (>10%)
O05249,2025-12-05,C1718,North,Backpack,Accessories,1800,850,1,0.05,40,1800,1710.0,890,820.0,2025-12,Low (1-10%)
O00173,2025-12-06,C1302,North,Pen Set,Stationery,250,110,4,0.3,40,1000,700.0,480,220.0,2025-12,High (>10%)
O01778,2025-12-06,C1522,South,Headphones,Electronics,2500,1350,4,0.0,40,10000,10000.0,5440,4560.0,2025-12,None
O02026,2025-12-06,C0014,East,Office Chair,Furniture,6500,4300,3,0.05,150,19500,18525.0,13050,5475.0,2025-12,Low (1-10%)
O02393,2025-12-06,C1538,East,Desk,Furniture,9000,6300,2,0.0,100,18000,18000.0,12700,5300.0,2025-12,None
O02529,2025-12-06,C1893,East,Laptop,Electronics,50000,41000,3,0.05,70,150000,142500.0,123070,19430.0,2025-12,Low (1-10%)
O02725,2025-12-06,C1784,North,Pen Set,Stationery,250,110,2,0.1,70,500,450.0,290,160.0,2025-12,Low (1-10%)
O03587,2025-12-06,C2008,North,Office Chair,Furniture,6500,4300,4,0.05,40,26000,24700.0,17240,7460.0,2025-12,Low (1-10%)
O04263,2025-12-06,C2313,North,Keyboard,Electronics,1800,1000,1,0.2,70,1800,1440.0,1070,370.0,2025-12,High (>10%)
O04288,2025-12-06,C0846,West,Pen Set,Stationery,250,110,1,0.0,70,250,250.0,180,70.0,2025-12,None
O04416,2025-12-06,C0838,North,Office Chair,Furniture,6500,4300,1,0.1,100,6500,5850.0,4400,1450.0,2025-12,Low (1-10%)
O04555,2025-12-06,C2138,West,Notebook,Stationery,150,65,2,0.0,100,300,300.0,230,70.0,2025-12,None
O04780,2025-12-06,C1415,South,Laptop,Electronics,50000,41000,4,0.1,150,200000,180000.0,164150,15850.0,2025-12,Low (1-10%)
O05053,2025-12-06,C0093,West,Backpack,Accessories,1800,850,4,0.2,150,7200,5760.0,3550,2210.0,2025-12,High (>10%)
O05122,2025-12-06,C0762,North,Desk,Furniture,9000,6300,1,0.05,150,9000,8550.0,6450,2100.0,2025-12,Low (1-10%)
O00400,2025-12-07,C2475,East,Keyboard,Electronics,1800,1000,3,0.05,40,5400,5130.0,3040,2090.0,2025-12,Low (1-10%)
O00622,2025-12-07,C0392,East,Office Chair,Furniture,6500,4300,3,0.2,100,19500,15600.0,13000,2600.0,2025-12,High (>10%)
O00653,2025-12-07,C2125,North,Headphones,Electronics,2500,1350,4,0.2,150,10000,8000.0,5550,2450.0,2025-12,High (>10%)
O00958,2025-12-07,C0618,North,Notebook,Stationery,150,65,1,0.0,150,150,150.0,215,-65.0,2025-12,None
O01055,2025-12-07,C0678,West,Laptop,Electronics,50000,41000,1,0.0,100,50000,50000.0,41100,8900.0,2025-12,None
O01566,2025-12-07,C1543,South,Office Chair,Furniture,6500,4300,2,0.1,70,13000,11700.0,8670,3030.0,2025-12,Low (1-10%)
O01929,2025-12-07,C1667,West,Headphones,Electronics,2500,1350,3,0.1,100,7500,6750.0,4150,2600.0,2025-12,Low (1-10%)
O02159,2025-12-07,C0712,North,Pen Set,Stationery,250,110,3,0.05,70,750,712.5,400,312.5,2025-12,Low (1-10%)
O02357,2025-12-07,C2452,South,Office Chair,Furniture,6500,4300,1,0.0,150,6500,6500.0,4450,2050.0,2025-12,None
O02571,2025-12-07,C0444,West,Pen Set,Stationery,250,110,3,0.05,100,750,712.5,430,282.5,2025-12,Low (1-10%)
O03520,2025-12-07,C1414,North,Backpack,Accessories,1800,850,4,0.2,150,7200,5760.0,3550,2210.0,2025-12,High (>10%)
O03889,2025-12-07,C1268,West,Headphones,Electronics,2500,1350,3,0.05,70,7500,7125.0,4120,3005.0,2025-12,Low (1-10%)
O04170,2025-12-07,C0315,North,Notebook,Stationery,150,65,4,0.05,150,600,570.0,410,160.0,2025-12,Low (1-10%)
O04850,2025-12-07,C0857,North,Backpack,Accessories,1800,850,4,0.1,70,7200,6480.0,3470,3010.0,2025-12,Low (1-10%)
O04910,2025-12-07,C0495,South,Desk,Furniture,9000,6300,2,0.05,70,18000,17100.0,12670,4430.0,2025-12,Low (1-10%)
O04937,2025-12-07,C1720,West,Backpack,Accessories,1800,850,1,0.05,70,1800,1710.0,920,790.0,2025-12,Low (1-10%)
O04967,2025-12-07,C1969,South,Headphones,Electronics,2500,1350,1,0.1,100,2500,2250.0,1450,800.0,2025-12,Low (1-10%)
O05130,2025-12-07,C1039,North,Desk,Furniture,9000,6300,3,0.0,100,27000,27000.0,19000,8000.0,2025-12,None
O05528,2025-12-07,C1664,West,Keyboard,Electronics,1800,1000,2,0.05,100,3600,3420.0,2100,1320.0,2025-12,Low (1-10%)
O00624,2025-12-08,C2115,East,Office Chair,Furniture,6500,4300,4,0.1,150,26000,23400.0,17350,6050.0,2025-12,Low (1-10%)
O00715,2025-12-08,C1053,North,Backpack,Accessories,1800,850,3,0.1,150,5400,4860.0,2700,2160.0,2025-12,Low (1-10%)
O01210,2025-12-08,C1831,South,Backpack,Accessories,1800,850,3,0.3,40,5400,3780.0,2590,1190.0,2025-12,High (>10%)
O01438,2025-12-08,C1564,West,Notebook,Stationery,150,65,2,0.1,100,300,270.0,230,40.0,2025-12,Low (1-10%)
O01462,2025-12-08,C2016,East,Keyboard,Electronics,1800,1000,2,0.2,150,3600,2880.0,2150,730.0,2025-12,High (>10%)
O01618,2025-12-08,C1061,East,Desk,Furniture,9000,6300,1,0.05,70,9000,8550.0,6370,2180.0,2025-12,Low (1-10%)
O01621,2025-12-08,C1901,South,Keyboard,Electronics,1800,1000,4,0.1,150,7200,6480.0,4150,2330.0,2025-12,Low (1-10%)
O01658,2025-12-08,C1550,East,Pen Set,Stationery,250,110,3,0.0,40,750,750.0,370,380.0,2025-12,None
O02634,2025-12-08,C2174,North,Desk,Furniture,9000,6300,3,0.3,40,27000,18900.0,18940,-40.0,2025-12,High (>10%)
O03727,2025-12-08,C2243,West,Laptop,Electronics,50000,41000,3,0.2,40,150000,120000.0,123040,-3040.0,2025-12,High (>10%)
O04228,2025-12-08,C1820,South,Desk,Furniture,9000,6300,4,0.1,150,36000,32400.0,25350,7050.0,2025-12,Low (1-10%)
O04453,2025-12-08,C2015,South,Office Chair,Furniture,6500,4300,2,0.0,150,13000,13000.0,8750,4250.0,2025-12,None
O05495,2025-12-08,C1949,North,Pen Set,Stationery,250,110,3,0.0,40,750,750.0,370,380.0,2025-12,None
O05719,2025-12-08,C0802,North,Laptop,Electronics,50000,41000,4,0.0,100,200000,200000.0,164100,35900.0,2025-12,None
O05995,2025-12-08,C0734,East,Headphones,Electronics,2500,1350,4,0.3,100,10000,7000.0,5500,1500.0,2025-12,High (>10%)
O00201,2025-12-09,C1340,North,Keyboard,Electronics,1800,1000,1,0.2,70,1800,1440.0,1070,370.0,2025-12,High (>10%)
O00220,2025-12-09,C1501,North,Backpack,Accessories,1800,850,4,0.0,40,7200,7200.0,3440,3760.0,2025-12,None
O00362,2025-12-09,C0092,South,Backpack,Accessories,1800,850,2,0.1,150,3600,3240.0,1850,1390.0,2025-12,Low (1-10%)
O00373,2025-12-09,C0055,East,Office Chair,Furniture,6500,4300,2,0.3,40,13000,9100.0,8640,460.0,2025-12,High (>10%)
O00541,2025-12-09,C2037,West,Notebook,Stationery,150,65,4,0.1,150,600,540.0,410,130.0,2025-12,Low (1-10%)
O00775,2025-12-09,C0359,East,Pen Set,Stationery,250,110,2,0.1,150,500,450.0,370,80.0,2025-12,Low (1-10%)
O00899,2025-12-09,C0911,East,Laptop,Electronics,50000,41000,2,0.3,100,100000,70000.0,82100,-12100.0,2025-12,High (>10%)
O00914,2025-12-09,C1181,North,Backpack,Accessories,1800,850,4,0.2,150,7200,5760.0,3550,2210.0,2025-12,High (>10%)
O01113,2025-12-09,C1092,South,Headphones,Electronics,2500,1350,3,0.1,40,7500,6750.0,4090,2660.0,2025-12,Low (1-10%)
O01705,2025-12-09,C1443,North,Backpack,Accessories,1800,850,1,0.05,150,1800,1710.0,1000,710.0,2025-12,Low (1-10%)
O02555,2025-12-09,C0892,East,Backpack,Accessories,1800,850,4,0.0,150,7200,7200.0,3550,3650.0,2025-12,None
O02664,2025-12-09,C2215,South,Office Chair,Furniture,6500,4300,3,0.0,100,19500,19500.0,13000,6500.0,2025-12,None
O02835,2025-12-09,C0288,North,Office Chair,Furniture,6500,4300,2,0.0,150,13000,13000.0,8750,4250.0,2025-12,None
O02949,2025-12-09,C0943,South,Desk,Furniture,9000,6300,4,0.0,40,36000,36000.0,25240,10760.0,2025-12,None
O03213,2025-12-09,C1724,East,Keyboard,Electronics,1800,1000,1,0.0,40,1800,1800.0,1040,760.0,2025-12,None
O03244,2025-12-09,C1855,West,Desk,Furniture,9000,6300,2,0.05,100,18000,17100.0,12700,4400.0,2025-12,Low (1-10%)
O03335,2025-12-09,C1179,North,Laptop,Electronics,50000,41000,3,0.2,40,150000,120000.0,123040,-3040.0,2025-12,High (>10%)
O03363,2025-12-09,C1650,North,Laptop,Electronics,50000,41000,1,0.1,70,50000,45000.0,41070,3930.0,2025-12,Low (1-10%)
O03911,2025-12-09,C2036,South,Headphones,Electronics,2500,1350,4,0.1,70,10000,9000.0,5470,3530.0,2025-12,Low (1-10%)
O04009,2025-12-09,C2004,East,Headphones,Electronics,2500,1350,4,0.05,40,10000,9500.0,5440,4060.0,2025-12,Low (1-10%)
O04178,2025-12-09,C1157,South,Notebook,Stationery,150,65,3,0.0,70,450,450.0,265,185.0,2025-12,None
O04324,2025-12-09,C1383,West,Keyboard,Electronics,1800,1000,3,0.0,70,5400,5400.0,3070,2330.0,2025-12,None
O05683,2025-12-09,C0990,West,Office Chair,Furniture,6500,4300,1,0.1,40,6500,5850.0,4340,1510.0,2025-12,Low (1-10%)
O01542,2025-12-10,C0872,South,Headphones,Electronics,2500,1350,4,0.1,150,10000,9000.0,5550,3450.0,2025-12,Low (1-10%)
O02618,2025-12-10,C0317,North,Laptop,Electronics,50000,41000,4,0.3,100,200000,140000.0,164100,-24100.0,2025-12,High (>10%)
O02661,2025-12-10,C1465,East,Office Chair,Furniture,6500,4300,1,0.05,70,6500,6175.0,4370,1805.0,2025-12,Low (1-10%)
O02749,2025-12-10,C0746,South,Office Chair,Furniture,6500,4300,2,0.1,40,13000,11700.0,8640,3060.0,2025-12,Low (1-10%)
O02831,2025-12-10,C0934,North,Backpack,Accessories,1800,850,3,0.05,150,5400,5130.0,2700,2430.0,2025-12,Low (1-10%)
O03628,2025-12-10,C0627,North,Headphones,Electronics,2500,1350,3,0.2,150,7500,6000.0,4200,1800.0,2025-12,High (>10%)
O03828,2025-12-10,C2184,North,Desk,Furniture,9000,6300,4,0.0,100,36000,36000.0,25300,10700.0,2025-12,None
O04147,2025-12-10,C0926,West,Office Chair,Furniture,6500,4300,2,0.2,150,13000,10400.0,8750,1650.0,2025-12,High (>10%)
O04589,2025-12-10,C1131,East,Desk,Furniture,9000,6300,3,0.05,100,27000,25650.0,19000,6650.0,2025-12,Low (1-10%)
O05179,2025-12-10,C2408,South,Laptop,Electronics,50000,41000,1,0.3,100,50000,35000.0,41100,-6100.0,2025-12,High (>10%)
O05694,2025-12-10,C2024,North,Headphones,Electronics,2500,1350,4,0.0,40,10000,10000.0,5440,4560.0,2025-12,None
O00260,2025-12-11,C0292,South,Desk,Furniture,9000,6300,2,0.1,40,18000,16200.0,12640,3560.0,2025-12,Low (1-10%)
O00325,2025-12-11,C2303,South,Backpack,Accessories,1800,850,1,0.05,150,1800,1710.0,1000,710.0,2025-12,Low (1-10%)
O00602,2025-12-11,C0512,North,Pen Set,Stationery,250,110,1,0.0,100,250,250.0,210,40.0,2025-12,None
O00662,2025-12-11,C1093,East,Notebook,Stationery,150,65,4,0.0,40,600,600.0,300,300.0,2025-12,None
O00776,2025-12-11,C0321,North,Backpack,Accessories,1800,850,1,0.05,100,1800,1710.0,950,760.0,2025-12,Low (1-10%)
O01303,2025-12-11,C1455,East,Notebook,Stationery,150,65,1,0.2,40,150,120.0,105,15.0,2025-12,High (>10%)
O01906,2025-12-11,C0298,North,Headphones,Electronics,2500,1350,3,0.3,70,7500,5250.0,4120,1130.0,2025-12,High (>10%)
O02005,2025-12-11,C1289,East,Pen Set,Stationery,250,110,4,0.1,70,1000,900.0,510,390.0,2025-12,Low (1-10%)
O03362,2025-12-11,C2493,South,Notebook,Stationery,150,65,2,0.2,70,300,240.0,200,40.0,2025-12,High (>10%)
O04347,2025-12-11,C0461,West,Laptop,Electronics,50000,41000,1,0.1,70,50000,45000.0,41070,3930.0,2025-12,Low (1-10%)
O04878,2025-12-11,C2344,North,Office Chair,Furniture,6500,4300,1,0.0,150,6500,6500.0,4450,2050.0,2025-12,None
O04946,2025-12-11,C1042,West,Notebook,Stationery,150,65,3,0.05,40,450,427.5,235,192.5,2025-12,Low (1-10%)
O05533,2025-12-11,C0273,South,Desk,Furniture,9000,6300,1,0.05,70,9000,8550.0,6370,2180.0,2025-12,Low (1-10%)
O00483,2025-12-12,C0056,West,Keyboard,Electronics,1800,1000,4,0.05,100,7200,6840.0,4100,2740.0,2025-12,Low (1-10%)
O01916,2025-12-12,C1376,West,Desk,Furniture,9000,6300,3,0.2,70,27000,21600.0,18970,2630.0,2025-12,High (>10%)
O02052,2025-12-12,C1306,South,Keyboard,Electronics,1800,1000,4,0.1,100,7200,6480.0,4100,2380.0,2025-12,Low (1-10%)
O02379,2025-12-12,C1409,South,Backpack,Accessories,1800,850,2,0.1,40,3600,3240.0,1740,1500.0,2025-12,Low (1-10%)
O03165,2025-12-12,C1427,North,Headphones,Electronics,2500,1350,2,0.0,40,5000,5000.0,2740,2260.0,2025-12,None
O00034,2025-12-13,C0392,West,Desk,Furniture,9000,6300,2,0.3,150,18000,12600.0,12750,-150.0,2025-12,High (>10%)
O00507,2025-12-13,C0785,South,Desk,Furniture,9000,6300,4,0.2,40,36000,28800.0,25240,3560.0,2025-12,High (>10%)
O01730,2025-12-13,C1322,West,Laptop,Electronics,50000,41000,3,0.1,70,150000,135000.0,123070,11930.0,2025-12,Low (1-10%)
O01791,2025-12-13,C0257,West,Desk,Furniture,9000,6300,1,0.0,70,9000,9000.0,6370,2630.0,2025-12,None
O02102,2025-12-13,C2450,North,Notebook,Stationery,150,65,3,0.3,70,450,315.0,265,50.0,2025-12,High (>10%)
O02692,2025-12-13,C1343,East,Desk,Furniture,9000,6300,1,0.0,40,9000,9000.0,6340,2660.0,2025-12,None
O03549,2025-12-13,C0770,North,Keyboard,Electronics,1800,1000,2,0.05,70,3600,3420.0,2070,1350.0,2025-12,Low (1-10%)
O03571,2025-12-13,C2144,East,Pen Set,Stationery,250,110,2,0.1,150,500,450.0,370,80.0,2025-12,Low (1-10%)
O03712,2025-12-13,C1981,North,Backpack,Accessories,1800,850,2,0.2,40,3600,2880.0,1740,1140.0,2025-12,High (>10%)
O04237,2025-12-13,C0595,North,Backpack,Accessories,1800,850,3,0.1,70,5400,4860.0,2620,2240.0,2025-12,Low (1-10%)
O04569,2025-12-13,C1448,South,Keyboard,Electronics,1800,1000,1,0.3,150,1800,1260.0,1150,110.0,2025-12,High (>10%)
O04854,2025-12-13,C1976,South,Laptop,Electronics,50000,41000,2,0.05,100,100000,95000.0,82100,12900.0,2025-12,Low (1-10%)
O05172,2025-12-13,C0905,North,Office Chair,Furniture,6500,4300,4,0.1,150,26000,23400.0,17350,6050.0,2025-12,Low (1-10%)
O05333,2025-12-13,C1056,North,Office Chair,Furniture,6500,4300,1,0.1,70,6500,5850.0,4370,1480.0,2025-12,Low (1-10%)
O05978,2025-12-13,C0080,South,Headphones,Electronics,2500,1350,3,0.0,150,7500,7500.0,4200,3300.0,2025-12,None
O00202,2025-12-14,C1383,West,Backpack,Accessories,1800,850,3,0.05,70,5400,5130.0,2620,2510.0,2025-12,Low (1-10%)
O00538,2025-12-14,C0094,North,Laptop,Electronics,50000,41000,1,0.2,70,50000,40000.0,41070,-1070.0,2025-12,High (>10%)
O01198,2025-12-14,C0234,East,Backpack,Accessories,1800,850,3,0.1,70,5400,4860.0,2620,2240.0,2025-12,Low (1-10%)
O01376,2025-12-14,C2215,East,Backpack,Accessories,1800,850,2,0.05,40,3600,3420.0,1740,1680.0,2025-12,Low (1-10%)
O01756,2025-12-14,C0821,South,Keyboard,Electronics,1800,1000,4,0.1,70,7200,6480.0,4070,2410.0,2025-12,Low (1-10%)
O02116,2025-12-14,C0351,South,Headphones,Electronics,2500,1350,3,0.05,150,7500,7125.0,4200,2925.0,2025-12,Low (1-10%)
O02242,2025-12-14,C0998,North,Notebook,Stationery,150,65,2,0.0,40,300,300.0,170,130.0,2025-12,None
O02714,2025-12-14,C1772,South,Desk,Furniture,9000,6300,4,0.1,70,36000,32400.0,25270,7130.0,2025-12,Low (1-10%)
O04079,2025-12-14,C0535,East,Headphones,Electronics,2500,1350,4,0.3,100,10000,7000.0,5500,1500.0,2025-12,High (>10%)
O04732,2025-12-14,C2454,South,Notebook,Stationery,150,65,1,0.2,70,150,120.0,135,-15.0,2025-12,High (>10%)
O04767,2025-12-14,C2100,East,Desk,Furniture,9000,6300,2,0.2,150,18000,14400.0,12750,1650.0,2025-12,High (>10%)
O05167,2025-12-14,C0752,South,Notebook,Stationery,150,65,1,0.05,150,150,142.5,215,-72.5,2025-12,Low (1-10%)
O05472,2025-12-14,C0686,North,Office Chair,Furniture,6500,4300,4,0.0,100,26000,26000.0,17300,8700.0,2025-12,None
O00474,2025-12-15,C1052,North,Office Chair,Furniture,6500,4300,3,0.1,100,19500,17550.0,13000,4550.0,2025-12,Low (1-10%)
O00559,2025-12-15,C1056,South,Pen Set,Stationery,250,110,3,0.05,100,750,712.5,430,282.5,2025-12,Low (1-10%)
O00760,2025-12-15,C1158,North,Notebook,Stationery,150,65,4,0.0,70,600,600.0,330,270.0,2025-12,None
O01942,2025-12-15,C1935,West,Keyboard,Electronics,1800,1000,2,0.1,70,3600,3240.0,2070,1170.0,2025-12,Low (1-10%)
O02675,2025-12-15,C2421,North,Backpack,Accessories,1800,850,2,0.1,150,3600,3240.0,1850,1390.0,2025-12,Low (1-10%)
O02833,2025-12-15,C1115,South,Keyboard,Electronics,1800,1000,2,0.0,150,3600,3600.0,2150,1450.0,2025-12,None
O03588,2025-12-15,C1032,South,Notebook,Stationery,150,65,3,0.0,40,450,450.0,235,215.0,2025-12,None
O05058,2025-12-15,C1873,South,Pen Set,Stationery,250,110,2,0.05,100,500,475.0,320,155.0,2025-12,Low (1-10%)
O05496,2025-12-15,C2142,East,Headphones,Electronics,2500,1350,3,0.0,150,7500,7500.0,4200,3300.0,2025-12,None
O05979,2025-12-15,C0288,West,Headphones,Electronics,2500,1350,3,0.0,40,7500,7500.0,4090,3410.0,2025-12,None
O00595,2025-12-16,C2337,South,Keyboard,Electronics,1800,1000,4,0.0,70,7200,7200.0,4070,3130.0,2025-12,None
O00985,2025-12-16,C0831,East,Desk,Furniture,9000,6300,1,0.2,70,9000,7200.0,6370,830.0,2025-12,High (>10%)
O01425,2025-12-16,C2208,East,Keyboard,Electronics,1800,1000,3,0.05,40,5400,5130.0,3040,2090.0,2025-12,Low (1-10%)
O02518,2025-12-16,C1780,South,Desk,Furniture,9000,6300,4,0.3,100,36000,25200.0,25300,-100.0,2025-12,High (>10%)
O02761,2025-12-16,C1360,South,Headphones,Electronics,2500,1350,2,0.0,40,5000,5000.0,2740,2260.0,2025-12,None
O03045,2025-12-16,C0090,North,Headphones,Electronics,2500,1350,1,0.2,70,2500,2000.0,1420,580.0,2025-12,High (>10%)
O04542,2025-12-16,C1219,West,Notebook,Stationery,150,65,1,0.2,100,150,120.0,165,-45.0,2025-12,High (>10%)
O04562,2025-12-16,C1182,North,Office Chair,Furniture,6500,4300,1,0.05,150,6500,6175.0,4450,1725.0,2025-12,Low (1-10%)
O04619,2025-12-16,C0251,North,Notebook,Stationery,150,65,3,0.0,40,450,450.0,235,215.0,2025-12,None
O04909,2025-12-16,C1260,South,Pen Set,Stationery,250,110,3,0.0,100,750,750.0,430,320.0,2025-12,None
O00206,2025-12-17,C2112,West,Keyboard,Electronics,1800,1000,3,0.05,100,5400,5130.0,3100,2030.0,2025-12,Low (1-10%)
O00542,2025-12-17,C1154,West,Laptop,Electronics,50000,41000,2,0.1,150,100000,90000.0,82150,7850.0,2025-12,Low (1-10%)
O01022,2025-12-17,C1966,North,Laptop,Electronics,50000,41000,1,0.05,100,50000,47500.0,41100,6400.0,2025-12,Low (1-10%)
O01477,2025-12-17,C0548,South,Office Chair,Furniture,6500,4300,3,0.1,40,19500,17550.0,12940,4610.0,2025-12,Low (1-10%)
O01544,2025-12-17,C1458,East,Desk,Furniture,9000,6300,1,0.1,40,9000,8100.0,6340,1760.0,2025-12,Low (1-10%)
O01574,2025-12-17,C1133,South,Pen Set,Stationery,250,110,4,0.1,70,1000,900.0,510,390.0,2025-12,Low (1-10%)
O01690,2025-12-17,C1504,West,Laptop,Electronics,50000,41000,4,0.05,150,200000,190000.0,164150,25850.0,2025-12,Low (1-10%)
O01904,2025-12-17,C2418,South,Headphones,Electronics,2500,1350,1,0.0,150,2500,2500.0,1500,1000.0,2025-12,None
O02522,2025-12-17,C2210,North,Laptop,Electronics,50000,41000,1,0.0,40,50000,50000.0,41040,8960.0,2025-12,None
O02861,2025-12-17,C2334,West,Headphones,Electronics,2500,1350,2,0.05,150,5000,4750.0,2850,1900.0,2025-12,Low (1-10%)
O03271,2025-12-17,C1773,West,Headphones,Electronics,2500,1350,1,0.05,70,2500,2375.0,1420,955.0,2025-12,Low (1-10%)
O03995,2025-12-17,C1236,West,Desk,Furniture,9000,6300,4,0.3,40,36000,25200.0,25240,-40.0,2025-12,High (>10%)
O04039,2025-12-17,C1443,North,Keyboard,Electronics,1800,1000,3,0.05,70,5400,5130.0,3070,2060.0,2025-12,Low (1-10%)
O04836,2025-12-17,C2143,West,Desk,Furniture,9000,6300,4,0.0,40,36000,36000.0,25240,10760.0,2025-12,None
O04890,2025-12-17,C2160,North,Office Chair,Furniture,6500,4300,4,0.05,70,26000,24700.0,17270,7430.0,2025-12,Low (1-10%)
O05311,2025-12-17,C0751,North,Backpack,Accessories,1800,850,2,0.0,100,3600,3600.0,1800,1800.0,2025-12,None
O05407,2025-12-17,C1748,South,Notebook,Stationery,150,65,3,0.1,40,450,405.0,235,170.0,2025-12,Low (1-10%)
O05699,2025-12-17,C0440,South,Notebook,Stationery,150,65,4,0.1,100,600,540.0,360,180.0,2025-12,Low (1-10%)
O05707,2025-12-17,C1832,South,Office Chair,Furniture,6500,4300,3,0.0,70,19500,19500.0,12970,6530.0,2025-12,None
O05768,2025-12-17,C0062,South,Keyboard,Electronics,1800,1000,1,0.0,150,1800,1800.0,1150,650.0,2025-12,None
O05779,2025-12-17,C1332,West,Notebook,Stationery,150,65,1,0.0,40,150,150.0,105,45.0,2025-12,None
O05799,2025-12-17,C2179,West,Desk,Furniture,9000,6300,1,0.0,70,9000,9000.0,6370,2630.0,2025-12,None
O05822,2025-12-17,C0922,South,Notebook,Stationery,150,65,4,0.05,100,600,570.0,360,210.0,2025-12,Low (1-10%)
O00144,2025-12-18,C0126,East,Office Chair,Furniture,6500,4300,4,0.0,70,26000,26000.0,17270,8730.0,2025-12,None
O00324,2025-12-18,C1405,East,Backpack,Accessories,1800,850,1,0.05,70,1800,1710.0,920,790.0,2025-12,Low (1-10%)
O01240,2025-12-18,C0668,South,Laptop,Electronics,50000,41000,2,0.1,70,100000,90000.0,82070,7930.0,2025-12,Low (1-10%)
O01454,2025-12-18,C0087,North,Headphones,Electronics,2500,1350,2,0.0,40,5000,5000.0,2740,2260.0,2025-12,None
O01560,2025-12-18,C1808,West,Pen Set,Stationery,250,110,2,0.0,70,500,500.0,290,210.0,2025-12,None
O02037,2025-12-18,C1309,South,Desk,Furniture,9000,6300,3,0.05,100,27000,25650.0,19000,6650.0,2025-12,Low (1-10%)
O02213,2025-12-18,C2386,South,Desk,Furniture,9000,6300,3,0.0,70,27000,27000.0,18970,8030.0,2025-12,None
O02237,2025-12-18,C2217,South,Headphones,Electronics,2500,1350,4,0.05,40,10000,9500.0,5440,4060.0,2025-12,Low (1-10%)
O02342,2025-12-18,C1260,North,Office Chair,Furniture,6500,4300,4,0.2,40,26000,20800.0,17240,3560.0,2025-12,High (>10%)
O02457,2025-12-18,C2133,North,Pen Set,Stationery,250,110,3,0.3,100,750,525.0,430,95.0,2025-12,High (>10%)
O04426,2025-12-18,C1670,South,Pen Set,Stationery,250,110,3,0.2,150,750,600.0,480,120.0,2025-12,High (>10%)
O04617,2025-12-18,C1590,North,Keyboard,Electronics,1800,1000,2,0.05,100,3600,3420.0,2100,1320.0,2025-12,Low (1-10%)
O04994,2025-12-18,C0399,South,Desk,Furniture,9000,6300,4,0.0,150,36000,36000.0,25350,10650.0,2025-12,None
O05082,2025-12-18,C0457,North,Desk,Furniture,9000,6300,4,0.05,150,36000,34200.0,25350,8850.0,2025-12,Low (1-10%)
O05377,2025-12-18,C0417,North,Headphones,Electronics,2500,1350,2,0.2,100,5000,4000.0,2800,1200.0,2025-12,High (>10%)
O05427,2025-12-18,C0226,North,Pen Set,Stationery,250,110,4,0.0,40,1000,1000.0,480,520.0,2025-12,None
O05475,2025-12-18,C1884,South,Laptop,Electronics,50000,41000,3,0.0,100,150000,150000.0,123100,26900.0,2025-12,None
O05986,2025-12-18,C0354,West,Keyboard,Electronics,1800,1000,3,0.05,100,5400,5130.0,3100,2030.0,2025-12,Low (1-10%)
O00188,2025-12-19,C1518,East,Office Chair,Furniture,6500,4300,4,0.1,100,26000,23400.0,17300,6100.0,2025-12,Low (1-10%)
O00592,2025-12-19,C1991,North,Backpack,Accessories,1800,850,1,0.05,100,1800,1710.0,950,760.0,2025-12,Low (1-10%)
O00773,2025-12-19,C1300,East,Laptop,Electronics,50000,41000,1,0.0,100,50000,50000.0,41100,8900.0,2025-12,None
O00940,2025-12-19,C2166,East,Desk,Furniture,9000,6300,1,0.3,100,9000,6300.0,6400,-100.0,2025-12,High (>10%)
O01264,2025-12-19,C0152,North,Pen Set,Stationery,250,110,3,0.05,150,750,712.5,480,232.5,2025-12,Low (1-10%)
O02122,2025-12-19,C0427,South,Backpack,Accessories,1800,850,3,0.05,150,5400,5130.0,2700,2430.0,2025-12,Low (1-10%)
O03055,2025-12-19,C1726,West,Pen Set,Stationery,250,110,4,0.0,100,1000,1000.0,540,460.0,2025-12,None
O03447,2025-12-19,C1412,East,Keyboard,Electronics,1800,1000,2,0.0,70,3600,3600.0,2070,1530.0,2025-12,None
O03570,2025-12-19,C0948,South,Headphones,Electronics,2500,1350,3,0.2,100,7500,6000.0,4150,1850.0,2025-12,High (>10%)
O04097,2025-12-19,C0743,North,Desk,Furniture,9000,6300,1,0.0,150,9000,9000.0,6450,2550.0,2025-12,None
O05782,2025-12-19,C1959,East,Headphones,Electronics,2500,1350,1,0.0,70,2500,2500.0,1420,1080.0,2025-12,None
O05879,2025-12-19,C0754,North,Notebook,Stationery,150,65,3,0.1,150,450,405.0,345,60.0,2025-12,Low (1-10%)
O01009,2025-12-20,C2298,North,Notebook,Stationery,150,65,4,0.0,70,600,600.0,330,270.0,2025-12,None
O01059,2025-12-20,C0582,East,Office Chair,Furniture,6500,4300,2,0.05,70,13000,12350.0,8670,3680.0,2025-12,Low (1-10%)
O01337,2025-12-20,C0190,East,Notebook,Stationery,150,65,2,0.2,70,300,240.0,200,40.0,2025-12,High (>10%)
O01959,2025-12-20,C0008,South,Notebook,Stationery,150,65,4,0.0,40,600,600.0,300,300.0,2025-12,None
O02371,2025-12-20,C0095,North,Laptop,Electronics,50000,41000,2,0.1,70,100000,90000.0,82070,7930.0,2025-12,Low (1-10%)
O02561,2025-12-20,C0401,West,Desk,Furniture,9000,6300,2,0.3,40,18000,12600.0,12640,-40.0,2025-12,High (>10%)
O02928,2025-12-20,C2266,East,Keyboard,Electronics,1800,1000,1,0.1,150,1800,1620.0,1150,470.0,2025-12,Low (1-10%)
O03611,2025-12-20,C1871,East,Desk,Furniture,9000,6300,4,0.0,40,36000,36000.0,25240,10760.0,2025-12,None
O04027,2025-12-20,C0253,South,Headphones,Electronics,2500,1350,1,0.05,100,2500,2375.0,1450,925.0,2025-12,Low (1-10%)
O04565,2025-12-20,C1094,East,Backpack,Accessories,1800,850,1,0.1,40,1800,1620.0,890,730.0,2025-12,Low (1-10%)
O05341,2025-12-20,C0212,East,Keyboard,Electronics,1800,1000,2,0.1,40,3600,3240.0,2040,1200.0,2025-12,Low (1-10%)
O05498,2025-12-20,C1947,North,Office Chair,Furniture,6500,4300,3,0.05,40,19500,18525.0,12940,5585.0,2025-12,Low (1-10%)
O05500,2025-12-20,C1364,West,Laptop,Electronics,50000,41000,2,0.1,40,100000,90000.0,82040,7960.0,2025-12,Low (1-10%)
O05929,2025-12-20,C1621,South,Laptop,Electronics,50000,41000,4,0.2,100,200000,160000.0,164100,-4100.0,2025-12,High (>10%)
O05950,2025-12-20,C0746,South,Desk,Furniture,9000,6300,4,0.1,40,36000,32400.0,25240,7160.0,2025-12,Low (1-10%)
O00425,2025-12-21,C0863,East,Office Chair,Furniture,6500,4300,4,0.1,100,26000,23400.0,17300,6100.0,2025-12,Low (1-10%)
O00502,2025-12-21,C2084,East,Notebook,Stationery,150,65,4,0.2,100,600,480.0,360,120.0,2025-12,High (>10%)
O00643,2025-12-21,C0598,West,Pen Set,Stationery,250,110,2,0.1,100,500,450.0,320,130.0,2025-12,Low (1-10%)
O01003,2025-12-21,C0170,North,Desk,Furniture,9000,6300,2,0.3,150,18000,12600.0,12750,-150.0,2025-12,High (>10%)
O01028,2025-12-21,C1881,North,Keyboard,Electronics,1800,1000,2,0.0,150,3600,3600.0,2150,1450.0,2025-12,None
O02960,2025-12-21,C2271,North,Office Chair,Furniture,6500,4300,2,0.2,100,13000,10400.0,8700,1700.0,2025-12,High (>10%)
O03185,2025-12-21,C2307,East,Notebook,Stationery,150,65,2,0.1,150,300,270.0,280,-10.0,2025-12,Low (1-10%)
O04359,2025-12-21,C0705,South,Notebook,Stationery,150,65,4,0.1,150,600,540.0,410,130.0,2025-12,Low (1-10%)
O05094,2025-12-21,C1865,East,Backpack,Accessories,1800,850,1,0.05,70,1800,1710.0,920,790.0,2025-12,Low (1-10%)
O05103,2025-12-21,C0892,West,Headphones,Electronics,2500,1350,2,0.2,150,5000,4000.0,2850,1150.0,2025-12,High (>10%)
O05237,2025-12-21,C2090,West,Desk,Furniture,9000,6300,4,0.2,150,36000,28800.0,25350,3450.0,2025-12,High (>10%)
O05575,2025-12-21,C0207,South,Notebook,Stationery,150,65,3,0.0,70,450,450.0,265,185.0,2025-12,None
O00427,2025-12-22,C1579,North,Pen Set,Stationery,250,110,1,0.3,40,250,175.0,150,25.0,2025-12,High (>10%)
O00786,2025-12-22,C0798,East,Desk,Furniture,9000,6300,4,0.0,40,36000,36000.0,25240,10760.0,2025-12,None
O01095,2025-12-22,C0130,West,Keyboard,Electronics,1800,1000,4,0.0,70,7200,7200.0,4070,3130.0,2025-12,None
O01130,2025-12-22,C1096,South,Notebook,Stationery,150,65,3,0.1,100,450,405.0,295,110.0,2025-12,Low (1-10%)
O01472,2025-12-22,C2443,South,Notebook,Stationery,150,65,4,0.2,100,600,480.0,360,120.0,2025-12,High (>10%)
O01770,2025-12-22,C2344,West,Headphones,Electronics,2500,1350,3,0.0,150,7500,7500.0,4200,3300.0,2025-12,None
O02904,2025-12-22,C0786,North,Desk,Furniture,9000,6300,3,0.1,40,27000,24300.0,18940,5360.0,2025-12,Low (1-10%)
O03027,2025-12-22,C1678,West,Laptop,Electronics,50000,41000,4,0.1,150,200000,180000.0,164150,15850.0,2025-12,Low (1-10%)
O03220,2025-12-22,C2242,East,Office Chair,Furniture,6500,4300,4,0.05,70,26000,24700.0,17270,7430.0,2025-12,Low (1-10%)
O03655,2025-12-22,C1101,North,Notebook,Stationery,150,65,3,0.0,70,450,450.0,265,185.0,2025-12,None
O04199,2025-12-22,C0563,North,Backpack,Accessories,1800,850,3,0.0,100,5400,5400.0,2650,2750.0,2025-12,None
O04271,2025-12-22,C0166,South,Pen Set,Stationery,250,110,1,0.0,40,250,250.0,150,100.0,2025-12,None
O04392,2025-12-22,C1298,West,Pen Set,Stationery,250,110,4,0.2,70,1000,800.0,510,290.0,2025-12,High (>10%)
O04461,2025-12-22,C0375,North,Laptop,Electronics,50000,41000,2,0.1,150,100000,90000.0,82150,7850.0,2025-12,Low (1-10%)
O04483,2025-12-22,C0082,North,Pen Set,Stationery,250,110,1,0.1,40,250,225.0,150,75.0,2025-12,Low (1-10%)
O04625,2025-12-22,C0809,North,Office Chair,Furniture,6500,4300,3,0.0,100,19500,19500.0,13000,6500.0,2025-12,None
O05265,2025-12-22,C0948,East,Pen Set,Stationery,250,110,3,0.0,100,750,750.0,430,320.0,2025-12,None
O05439,2025-12-22,C2485,South,Office Chair,Furniture,6500,4300,4,0.1,100,26000,23400.0,17300,6100.0,2025-12,Low (1-10%)
O00092,2025-12-23,C0971,South,Pen Set,Stationery,250,110,4,0.1,40,1000,900.0,480,420.0,2025-12,Low (1-10%)
O02438,2025-12-23,C0688,North,Notebook,Stationery,150,65,3,0.2,40,450,360.0,235,125.0,2025-12,High (>10%)
O02462,2025-12-23,C0758,South,Headphones,Electronics,2500,1350,1,0.1,150,2500,2250.0,1500,750.0,2025-12,Low (1-10%)
O02497,2025-12-23,C2118,North,Pen Set,Stationery,250,110,3,0.2,40,750,600.0,370,230.0,2025-12,High (>10%)
O02563,2025-12-23,C0126,South,Notebook,Stationery,150,65,2,0.1,70,300,270.0,200,70.0,2025-12,Low (1-10%)
O03192,2025-12-23,C2220,North,Notebook,Stationery,150,65,2,0.1,40,300,270.0,170,100.0,2025-12,Low (1-10%)
O03402,2025-12-23,C0401,West,Backpack,Accessories,1800,850,2,0.1,100,3600,3240.0,1800,1440.0,2025-12,Low (1-10%)
O04260,2025-12-23,C1101,West,Laptop,Electronics,50000,41000,1,0.0,70,50000,50000.0,41070,8930.0,2025-12,None
O00535,2025-12-24,C0393,West,Desk,Furniture,9000,6300,2,0.05,100,18000,17100.0,12700,4400.0,2025-12,Low (1-10%)
O01063,2025-12-24,C1061,West,Headphones,Electronics,2500,1350,1,0.05,40,2500,2375.0,1390,985.0,2025-12,Low (1-10%)
O01982,2025-12-24,C0320,North,Desk,Furniture,9000,6300,1,0.1,150,9000,8100.0,6450,1650.0,2025-12,Low (1-10%)
O02043,2025-12-24,C1270,East,Notebook,Stationery,150,65,4,0.3,100,600,420.0,360,60.0,2025-12,High (>10%)
O02728,2025-12-24,C2059,East,Laptop,Electronics,50000,41000,2,0.05,70,100000,95000.0,82070,12930.0,2025-12,Low (1-10%)
O03039,2025-12-24,C1555,East,Keyboard,Electronics,1800,1000,1,0.0,40,1800,1800.0,1040,760.0,2025-12,None
O03094,2025-12-24,C1330,South,Headphones,Electronics,2500,1350,2,0.1,70,5000,4500.0,2770,1730.0,2025-12,Low (1-10%)
O03279,2025-12-24,C1219,South,Backpack,Accessories,1800,850,1,0.1,150,1800,1620.0,1000,620.0,2025-12,Low (1-10%)
O03403,2025-12-24,C0107,East,Headphones,Electronics,2500,1350,2,0.1,100,5000,4500.0,2800,1700.0,2025-12,Low (1-10%)
O03649,2025-12-24,C1424,North,Backpack,Accessories,1800,850,4,0.05,70,7200,6840.0,3470,3370.0,2025-12,Low (1-10%)
O03908,2025-12-24,C0147,East,Backpack,Accessories,1800,850,4,0.05,70,7200,6840.0,3470,3370.0,2025-12,Low (1-10%)
O04100,2025-12-24,C1731,South,Keyboard,Electronics,1800,1000,1,0.0,70,1800,1800.0,1070,730.0,2025-12,None
O04117,2025-12-24,C2228,South,Laptop,Electronics,50000,41000,3,0.05,70,150000,142500.0,123070,19430.0,2025-12,Low (1-10%)
O04321,2025-12-24,C1705,North,Notebook,Stationery,150,65,3,0.2,100,450,360.0,295,65.0,2025-12,High (>10%)
O04786,2025-12-24,C1120,East,Keyboard,Electronics,1800,1000,3,0.1,150,5400,4860.0,3150,1710.0,2025-12,Low (1-10%)
O05239,2025-12-24,C2180,East,Backpack,Accessories,1800,850,1,0.2,40,1800,1440.0,890,550.0,2025-12,High (>10%)
O05989,2025-12-24,C0101,South,Pen Set,Stationery,250,110,4,0.1,40,1000,900.0,480,420.0,2025-12,Low (1-10%)
O00322,2025-12-25,C1724,North,Laptop,Electronics,50000,41000,1,0.1,70,50000,45000.0,41070,3930.0,2025-12,Low (1-10%)
O00419,2025-12-25,C0366,South,Keyboard,Electronics,1800,1000,3,0.2,150,5400,4320.0,3150,1170.0,2025-12,High (>10%)
O00453,2025-12-25,C2135,West,Office Chair,Furniture,6500,4300,3,0.1,40,19500,17550.0,12940,4610.0,2025-12,Low (1-10%)
O02483,2025-12-25,C0259,North,Headphones,Electronics,2500,1350,3,0.0,70,7500,7500.0,4120,3380.0,2025-12,None
O03133,2025-12-25,C2343,South,Pen Set,Stationery,250,110,1,0.05,40,250,237.5,150,87.5,2025-12,Low (1-10%)
O03168,2025-12-25,C1977,West,Keyboard,Electronics,1800,1000,4,0.2,40,7200,5760.0,4040,1720.0,2025-12,High (>10%)
O03877,2025-12-25,C0109,West,Notebook,Stationery,150,65,4,0.1,40,600,540.0,300,240.0,2025-12,Low (1-10%)
O04133,2025-12-25,C0092,South,Notebook,Stationery,150,65,2,0.05,150,300,285.0,280,5.0,2025-12,Low (1-10%)
O04305,2025-12-25,C1715,East,Notebook,Stationery,150,65,3,0.2,70,450,360.0,265,95.0,2025-12,High (>10%)
O04413,2025-12-25,C1793,East,Keyboard,Electronics,1800,1000,2,0.2,40,3600,2880.0,2040,840.0,2025-12,High (>10%)
O04841,2025-12-25,C0578,North,Pen Set,Stationery,250,110,1,0.0,150,250,250.0,260,-10.0,2025-12,None
O05032,2025-12-25,C1406,East,Pen Set,Stationery,250,110,2,0.2,40,500,400.0,260,140.0,2025-12,High (>10%)
O05154,2025-12-25,C0057,North,Notebook,Stationery,150,65,4,0.2,70,600,480.0,330,150.0,2025-12,High (>10%)
O05201,2025-12-25,C2163,South,Office Chair,Furniture,6500,4300,4,0.05,100,26000,24700.0,17300,7400.0,2025-12,Low (1-10%)
O05426,2025-12-25,C1968,South,Headphones,Electronics,2500,1350,4,0.0,100,10000,10000.0,5500,4500.0,2025-12,None
O05547,2025-12-25,C1235,South,Headphones,Electronics,2500,1350,4,0.0,70,10000,10000.0,5470,4530.0,2025-12,None
O05759,2025-12-25,C0858,North,Desk,Furniture,9000,6300,3,0.0,70,27000,27000.0,18970,8030.0,2025-12,None
O00070,2025-12-26,C2486,South,Office Chair,Furniture,6500,4300,4,0.0,100,26000,26000.0,17300,8700.0,2025-12,None
O00348,2025-12-26,C1071,West,Backpack,Accessories,1800,850,4,0.1,40,7200,6480.0,3440,3040.0,2025-12,Low (1-10%)
O00866,2025-12-26,C0273,South,Notebook,Stationery,150,65,4,0.0,70,600,600.0,330,270.0,2025-12,None
O01675,2025-12-26,C0587,West,Notebook,Stationery,150,65,1,0.1,70,150,135.0,135,0.0,2025-12,Low (1-10%)
O02301,2025-12-26,C0525,South,Keyboard,Electronics,1800,1000,3,0.3,150,5400,3780.0,3150,630.0,2025-12,High (>10%)
O02356,2025-12-26,C2433,North,Keyboard,Electronics,1800,1000,3,0.0,40,5400,5400.0,3040,2360.0,2025-12,None
O03888,2025-12-26,C1285,North,Headphones,Electronics,2500,1350,4,0.1,40,10000,9000.0,5440,3560.0,2025-12,Low (1-10%)
O04150,2025-12-26,C2462,North,Office Chair,Furniture,6500,4300,2,0.1,150,13000,11700.0,8750,2950.0,2025-12,Low (1-10%)
O04551,2025-12-26,C1654,North,Laptop,Electronics,50000,41000,2,0.2,40,100000,80000.0,82040,-2040.0,2025-12,High (>10%)
O04566,2025-12-26,C0984,East,Keyboard,Electronics,1800,1000,4,0.0,150,7200,7200.0,4150,3050.0,2025-12,None
O05301,2025-12-26,C0752,West,Laptop,Electronics,50000,41000,1,0.05,40,50000,47500.0,41040,6460.0,2025-12,Low (1-10%)
O05925,2025-12-26,C0681,North,Backpack,Accessories,1800,850,2,0.05,40,3600,3420.0,1740,1680.0,2025-12,Low (1-10%)
O00342,2025-12-27,C2453,North,Keyboard,Electronics,1800,1000,2,0.1,70,3600,3240.0,2070,1170.0,2025-12,Low (1-10%)
O01026,2025-12-27,C0449,North,Laptop,Electronics,50000,41000,4,0.1,150,200000,180000.0,164150,15850.0,2025-12,Low (1-10%)
O01207,2025-12-27,C0948,South,Desk,Furniture,9000,6300,4,0.0,70,36000,36000.0,25270,10730.0,2025-12,None
O01407,2025-12-27,C0150,West,Keyboard,Electronics,1800,1000,1,0.2,40,1800,1440.0,1040,400.0,2025-12,High (>10%)
O01522,2025-12-27,C0110,East,Notebook,Stationery,150,65,2,0.3,40,300,210.0,170,40.0,2025-12,High (>10%)
O01774,2025-12-27,C1064,South,Office Chair,Furniture,6500,4300,4,0.1,100,26000,23400.0,17300,6100.0,2025-12,Low (1-10%)
O03206,2025-12-27,C1282,East,Notebook,Stationery,150,65,1,0.1,150,150,135.0,215,-80.0,2025-12,Low (1-10%)
O03795,2025-12-27,C0457,North,Backpack,Accessories,1800,850,3,0.05,100,5400,5130.0,2650,2480.0,2025-12,Low (1-10%)
O04175,2025-12-27,C0530,North,Office Chair,Furniture,6500,4300,1,0.0,70,6500,6500.0,4370,2130.0,2025-12,None
O04489,2025-12-27,C0070,South,Notebook,Stationery,150,65,4,0.1,40,600,540.0,300,240.0,2025-12,Low (1-10%)
O04591,2025-12-27,C1983,North,Notebook,Stationery,150,65,1,0.0,150,150,150.0,215,-65.0,2025-12,None
O05355,2025-12-27,C0572,West,Pen Set,Stationery,250,110,1,0.2,70,250,200.0,180,20.0,2025-12,High (>10%)
O00371,2025-12-28,C0221,West,Keyboard,Electronics,1800,1000,3,0.1,100,5400,4860.0,3100,1760.0,2025-12,Low (1-10%)
O00873,2025-12-28,C0302,East,Laptop,Electronics,50000,41000,2,0.1,100,100000,90000.0,82100,7900.0,2025-12,Low (1-10%)
O00910,2025-12-28,C1669,West,Laptop,Electronics,50000,41000,1,0.1,100,50000,45000.0,41100,3900.0,2025-12,Low (1-10%)
O01051,2025-12-28,C0360,North,Desk,Furniture,9000,6300,3,0.05,100,27000,25650.0,19000,6650.0,2025-12,Low (1-10%)
O01365,2025-12-28,C1234,North,Desk,Furniture,9000,6300,3,0.0,100,27000,27000.0,19000,8000.0,2025-12,None
O01391,2025-12-28,C0064,East,Keyboard,Electronics,1800,1000,3,0.05,150,5400,5130.0,3150,1980.0,2025-12,Low (1-10%)
O01633,2025-12-28,C1928,West,Laptop,Electronics,50000,41000,2,0.05,70,100000,95000.0,82070,12930.0,2025-12,Low (1-10%)
O01914,2025-12-28,C0721,East,Pen Set,Stationery,250,110,3,0.2,40,750,600.0,370,230.0,2025-12,High (>10%)
O01927,2025-12-28,C1093,South,Keyboard,Electronics,1800,1000,3,0.1,70,5400,4860.0,3070,1790.0,2025-12,Low (1-10%)
O01945,2025-12-28,C1760,West,Office Chair,Furniture,6500,4300,1,0.0,100,6500,6500.0,4400,2100.0,2025-12,None
O01978,2025-12-28,C0013,North,Keyboard,Electronics,1800,1000,1,0.05,40,1800,1710.0,1040,670.0,2025-12,Low (1-10%)
O02335,2025-12-28,C1646,North,Desk,Furniture,9000,6300,3,0.0,40,27000,27000.0,18940,8060.0,2025-12,None
O03086,2025-12-28,C1622,East,Keyboard,Electronics,1800,1000,2,0.05,70,3600,3420.0,2070,1350.0,2025-12,Low (1-10%)
O03122,2025-12-28,C2286,East,Backpack,Accessories,1800,850,4,0.0,70,7200,7200.0,3470,3730.0,2025-12,None
O03516,2025-12-28,C0070,East,Backpack,Accessories,1800,850,3,0.1,150,5400,4860.0,2700,2160.0,2025-12,Low (1-10%)
O03783,2025-12-28,C1147,South,Laptop,Electronics,50000,41000,4,0.1,40,200000,180000.0,164040,15960.0,2025-12,Low (1-10%)
O03811,2025-12-28,C0886,East,Headphones,Electronics,2500,1350,2,0.2,70,5000,4000.0,2770,1230.0,2025-12,High (>10%)
O03841,2025-12-28,C1431,South,Pen Set,Stationery,250,110,1,0.1,40,250,225.0,150,75.0,2025-12,Low (1-10%)
O04322,2025-12-28,C0979,North,Office Chair,Furniture,6500,4300,4,0.0,70,26000,26000.0,17270,8730.0,2025-12,None
O04521,2025-12-28,C1262,East,Backpack,Accessories,1800,850,3,0.0,70,5400,5400.0,2620,2780.0,2025-12,None
O04594,2025-12-28,C1685,North,Notebook,Stationery,150,65,2,0.1,150,300,270.0,280,-10.0,2025-12,Low (1-10%)
O05297,2025-12-28,C1040,North,Laptop,Electronics,50000,41000,1,0.05,40,50000,47500.0,41040,6460.0,2025-12,Low (1-10%)
O05729,2025-12-28,C0061,West,Office Chair,Furniture,6500,4300,4,0.0,40,26000,26000.0,17240,8760.0,2025-12,None
O00983,2025-12-29,C1637,West,Desk,Furniture,9000,6300,3,0.0,100,27000,27000.0,19000,8000.0,2025-12,None
O01173,2025-12-29,C1412,West,Office Chair,Furniture,6500,4300,3,0.0,40,19500,19500.0,12940,6560.0,2025-12,None
O01426,2025-12-29,C0779,South,Pen Set,Stationery,250,110,2,0.0,70,500,500.0,290,210.0,2025-12,None
O02391,2025-12-29,C0767,South,Office Chair,Furniture,6500,4300,3,0.1,150,19500,17550.0,13050,4500.0,2025-12,Low (1-10%)
O02578,2025-12-29,C1436,North,Office Chair,Furniture,6500,4300,1,0.1,40,6500,5850.0,4340,1510.0,2025-12,Low (1-10%)
O02693,2025-12-29,C0045,North,Backpack,Accessories,1800,850,1,0.0,100,1800,1800.0,950,850.0,2025-12,None
O02729,2025-12-29,C1052,East,Desk,Furniture,9000,6300,4,0.3,150,36000,25200.0,25350,-150.0,2025-12,High (>10%)
O02938,2025-12-29,C1954,West,Notebook,Stationery,150,65,2,0.3,40,300,210.0,170,40.0,2025-12,High (>10%)
O03059,2025-12-29,C2251,South,Office Chair,Furniture,6500,4300,1,0.1,150,6500,5850.0,4450,1400.0,2025-12,Low (1-10%)
O03317,2025-12-29,C0425,West,Notebook,Stationery,150,65,4,0.05,150,600,570.0,410,160.0,2025-12,Low (1-10%)
O03345,2025-12-29,C1998,West,Desk,Furniture,9000,6300,3,0.2,40,27000,21600.0,18940,2660.0,2025-12,High (>10%)
O04401,2025-12-29,C0816,North,Office Chair,Furniture,6500,4300,1,0.05,100,6500,6175.0,4400,1775.0,2025-12,Low (1-10%)
O05331,2025-12-29,C1228,North,Desk,Furniture,9000,6300,4,0.0,150,36000,36000.0,25350,10650.0,2025-12,None
O05564,2025-12-29,C0393,West,Laptop,Electronics,50000,41000,4,0.0,70,200000,200000.0,164070,35930.0,2025-12,None
O05862,2025-12-29,C1527,East,Desk,Furniture,9000,6300,2,0.05,70,18000,17100.0,12670,4430.0,2025-12,Low (1-10%)
O00286,2025-12-30,C0240,North,Backpack,Accessories,1800,850,1,0.05,150,1800,1710.0,1000,710.0,2025-12,Low (1-10%)
O01980,2025-12-30,C0145,South,Pen Set,Stationery,250,110,2,0.05,40,500,475.0,260,215.0,2025-12,Low (1-10%)
O02023,2025-12-30,C2296,West,Notebook,Stationery,150,65,2,0.0,70,300,300.0,200,100.0,2025-12,None
O02250,2025-12-30,C0728,South,Office Chair,Furniture,6500,4300,3,0.05,150,19500,18525.0,13050,5475.0,2025-12,Low (1-10%)
O02346,2025-12-30,C1839,South,Keyboard,Electronics,1800,1000,2,0.2,70,3600,2880.0,2070,810.0,2025-12,High (>10%)
O02385,2025-12-30,C1730,South,Headphones,Electronics,2500,1350,4,0.05,70,10000,9500.0,5470,4030.0,2025-12,Low (1-10%)
O02986,2025-12-30,C1906,South,Notebook,Stationery,150,65,3,0.1,150,450,405.0,345,60.0,2025-12,Low (1-10%)
O02993,2025-12-30,C2319,West,Headphones,Electronics,2500,1350,1,0.0,40,2500,2500.0,1390,1110.0,2025-12,None
O03292,2025-12-30,C0635,East,Office Chair,Furniture,6500,4300,2,0.05,100,13000,12350.0,8700,3650.0,2025-12,Low (1-10%)
O03370,2025-12-30,C0060,North,Laptop,Electronics,50000,41000,2,0.3,40,100000,70000.0,82040,-12040.0,2025-12,High (>10%)
O03997,2025-12-30,C0499,West,Laptop,Electronics,50000,41000,3,0.05,100,150000,142500.0,123100,19400.0,2025-12,Low (1-10%)
O04190,2025-12-30,C0112,East,Backpack,Accessories,1800,850,4,0.1,150,7200,6480.0,3550,2930.0,2025-12,Low (1-10%)
O04513,2025-12-30,C1341,East,Laptop,Electronics,50000,41000,1,0.05,70,50000,47500.0,41070,6430.0,2025-12,Low (1-10%)
O04623,2025-12-30,C0750,West,Pen Set,Stationery,250,110,4,0.0,70,1000,1000.0,510,490.0,2025-12,None
O04744,2025-12-30,C1372,East,Keyboard,Electronics,1800,1000,2,0.2,40,3600,2880.0,2040,840.0,2025-12,High (>10%)
O05436,2025-12-30,C0141,East,Backpack,Accessories,1800,850,3,0.0,40,5400,5400.0,2590,2810.0,2025-12,None
O05449,2025-12-30,C1690,East,Office Chair,Furniture,6500,4300,1,0.1,70,6500,5850.0,4370,1480.0,2025-12,Low (1-10%)
O05455,2025-12-30,C1689,East,Keyboard,Electronics,1800,1000,1,0.0,100,1800,1800.0,1100,700.0,2025-12,None
O05562,2025-12-30,C1490,West,Laptop,Electronics,50000,41000,1,0.2,70,50000,40000.0,41070,-1070.0,2025-12,High (>10%)
O05702,2025-12-30,C0978,East,Office Chair,Furniture,6500,4300,2,0.0,70,13000,13000.0,8670,4330.0,2025-12,None
O05948,2025-12-30,C0142,South,Backpack,Accessories,1800,850,4,0.1,100,7200,6480.0,3500,2980.0,2025-12,Low (1-10%)
O00239,2025-12-31,C1160,West,Keyboard,Electronics,1800,1000,2,0.05,40,3600,3420.0,2040,1380.0,2025-12,Low (1-10%)
O00608,2025-12-31,C0405,South,Desk,Furniture,9000,6300,1,0.1,40,9000,8100.0,6340,1760.0,2025-12,Low (1-10%)
O00823,2025-12-31,C0989,South,Headphones,Electronics,2500,1350,3,0.2,40,7500,6000.0,4090,1910.0,2025-12,High (>10%)
O01096,2025-12-31,C1399,East,Laptop,Electronics,50000,41000,2,0.05,70,100000,95000.0,82070,12930.0,2025-12,Low (1-10%)
O01143,2025-12-31,C0080,South,Backpack,Accessories,1800,850,4,0.0,40,7200,7200.0,3440,3760.0,2025-12,None
O01192,2025-12-31,C0873,North,Keyboard,Electronics,1800,1000,1,0.1,100,1800,1620.0,1100,520.0,2025-12,Low (1-10%)
O01750,2025-12-31,C0567,North,Notebook,Stationery,150,65,4,0.2,150,600,480.0,410,70.0,2025-12,High (>10%)
O02147,2025-12-31,C0996,North,Headphones,Electronics,2500,1350,1,0.1,100,2500,2250.0,1450,800.0,2025-12,Low (1-10%)
O02542,2025-12-31,C2151,North,Backpack,Accessories,1800,850,4,0.05,150,7200,6840.0,3550,3290.0,2025-12,Low (1-10%)
O02575,2025-12-31,C2349,West,Pen Set,Stationery,250,110,2,0.05,40,500,475.0,260,215.0,2025-12,Low (1-10%)
O02597,2025-12-31,C1548,South,Desk,Furniture,9000,6300,1,0.3,40,9000,6300.0,6340,-40.0,2025-12,High (>10%)
O02606,2025-12-31,C2198,North,Pen Set,Stationery,250,110,2,0.1,100,500,450.0,320,130.0,2025-12,Low (1-10%)
O02703,2025-12-31,C1561,North,Headphones,Electronics,2500,1350,4,0.1,150,10000,9000.0,5550,3450.0,2025-12,Low (1-10%)
O02937,2025-12-31,C2336,West,Pen Set,Stationery,250,110,3,0.0,40,750,750.0,370,380.0,2025-12,None
O02981,2025-12-31,C0468,South,Notebook,Stationery,150,65,2,0.3,70,300,210.0,200,10.0,2025-12,High (>10%)
O03123,2025-12-31,C0184,North,Office Chair,Furniture,6500,4300,1,0.1,100,6500,5850.0,4400,1450.0,2025-12,Low (1-10%)
O03564,2025-12-31,C0737,West,Pen Set,Stationery,250,110,4,0.05,40,1000,950.0,480,470.0,2025-12,Low (1-10%)
O03593,2025-12-31,C0141,West,Backpack,Accessories,1800,850,3,0.0,100,5400,5400.0,2650,2750.0,2025-12,None
O03637,2025-12-31,C0912,North,Desk,Furniture,9000,6300,4,0.0,150,36000,36000.0,25350,10650.0,2025-12,None
O03780,2025-12-31,C1648,East,Office Chair,Furniture,6500,4300,4,0.05,150,26000,24700.0,17350,7350.0,2025-12,Low (1-10%)
O04092,2025-12-31,C0524,East,Laptop,Electronics,50000,41000,4,0.3,100,200000,140000.0,164100,-24100.0,2025-12,High (>10%)
O04614,2025-12-31,C1730,East,Desk,Furniture,9000,6300,2,0.2,100,18000,14400.0,12700,1700.0,2025-12,High (>10%)
O04843,2025-12-31,C0039,East,Laptop,Electronics,50000,41000,1,0.1,100,50000,45000.0,41100,3900.0,2025-12,Low (1-10%)
O04960,2025-12-31,C2027,North,Backpack,Accessories,1800,850,3,0.3,150,5400,3780.0,2700,1080.0,2025-12,High (>10%)
O05579,2025-12-31,C2156,North,Office Chair,Furniture,6500,4300,1,0.05,40,6500,6175.0,4340,1835.0,2025-12,Low (1-10%)
